# Blender 5.1.1
# www.blender.org
mtllib caladbolg.mtl
o caladbolg
v 0.454544 2.198426 -0.090888
v 0.384359 2.304687 -0.051511
v 0.404203 2.177896 -0.051421
v 0.490407 2.212967 -0.110086
v 0.451740 2.383247 -0.110261
v 0.267049 2.614547 -0.052042
v 0.267316 2.772866 -0.111096
v 0.082892 2.383247 -0.111931
v 0.267049 2.614547 -0.052042
v 0.267316 2.772866 -0.111096
v 0.149736 2.304687 -0.052573
v 0.001327 2.024066 -0.112300
v 0.046584 2.034857 -0.090839
v 0.026186 2.026807 -0.100151
v 0.077471 2.047107 -0.076745
v 0.111528 2.060547 -0.052746
v 0.267049 2.614547 -0.052042
v 0.149736 2.304687 -0.052573
v 0.384359 2.304687 -0.051511
v 0.404203 2.177896 -0.051421
v 0.111528 2.060547 -0.052746
v 0.026186 2.026807 -0.100151
v 0.001327 2.024066 -0.112300
v 0.018096 2.023757 -0.120548
v 0.039444 2.032346 -0.130040
v 0.046584 2.034857 -0.090839
v 0.077801 2.047877 -0.147082
v 0.077471 2.047107 -0.076745
v 0.111528 2.060547 -0.052746
v 0.112277 2.061907 -0.170852
v 0.404203 2.177896 -0.051421
v 0.404554 2.179067 -0.169529
v 0.454713 2.198827 -0.129566
v 0.454544 2.198426 -0.090888
v 0.490407 2.212967 -0.110086
v 0.451740 2.383247 -0.110261
v 0.267583 2.614547 -0.170149
v 0.267316 2.772866 -0.111096
v 0.384894 2.304687 -0.169618
v 0.490407 2.212967 -0.110086
v 0.454713 2.198827 -0.129566
v 0.404554 2.179067 -0.169529
v 0.001327 2.024066 -0.112300
v 0.039444 2.032346 -0.130040
v 0.018096 2.023757 -0.120548
v 0.150270 2.304687 -0.170681
v 0.077801 2.047877 -0.147082
v 0.112277 2.061907 -0.170852
v 0.082892 2.383247 -0.111931
v 0.267583 2.614547 -0.170149
v 0.267316 2.772866 -0.111096
v 0.404554 2.179067 -0.169529
v 0.150270 2.304687 -0.170681
v 0.384894 2.304687 -0.169618
v 0.267583 2.614547 -0.170149
v 0.112277 2.061907 -0.170852
v 0.019108 2.022666 -0.121110
v 0.027806 2.025887 -0.099296
v 0.077899 2.046527 -0.147226
v 0.077566 2.045557 -0.076580
v 0.093159 2.052757 -0.157745
v 0.111376 2.058817 -0.052747
v 0.404581 2.176257 -0.051420
v 0.428677 2.186126 -0.070317
v 0.112169 2.060477 -0.170853
v 0.404922 2.177497 -0.169528
v 0.454862 2.197117 -0.129745
v 0.454691 2.196707 -0.090707
v 0.490898 2.211347 -0.110084
v 0.492759 1.561306 -0.110076
v 0.495089 1.661776 -0.110065
v 0.430239 1.554836 -0.071134
v 0.400889 1.579576 -0.051436
v 0.420928 1.553286 -0.064886
v 0.415414 1.553806 -0.062287
v 0.400889 1.653336 -0.051436
v 0.460416 1.819476 -0.051167
v 0.589364 1.777736 -0.109638
v 0.490898 2.211347 -0.110084
v 0.454691 2.196707 -0.090707
v 0.428677 2.186126 -0.070317
v 0.404581 2.176257 -0.051420
v 0.097120 1.967726 -0.052812
v 0.111376 2.058817 -0.052747
v 0.076552 1.982746 -0.070007
v 0.077566 2.045557 -0.076580
v 0.027806 2.025887 -0.099296
v 0.404581 2.176257 -0.051420
v 0.460416 1.819476 -0.051167
v 0.400889 1.653336 -0.051436
v 0.400889 1.579576 -0.051436
v 0.075955 1.924246 -0.159999
v 0.076552 1.982746 -0.070007
v 0.019108 2.022666 -0.121110
v 0.027806 2.025887 -0.099296
v 0.097120 1.967726 -0.052812
v 0.400889 1.579576 -0.051436
v 0.415414 1.553806 -0.062287
v 0.093159 2.052757 -0.157745
v 0.091353 1.927456 -0.170947
v 0.077899 2.046527 -0.147226
v 0.112169 2.060477 -0.170853
v 0.075955 1.924246 -0.159999
v 0.019108 2.022666 -0.121110
v 0.589364 1.777736 -0.109638
v 0.495089 1.661776 -0.110065
v 0.460951 1.819476 -0.169274
v 0.490898 2.211347 -0.110084
v 0.454862 2.197117 -0.129745
v 0.404922 2.177497 -0.169528
v 0.415970 1.693936 -0.169478
v 0.432638 1.656146 -0.149722
v 0.475041 1.590616 -0.122796
v 0.492759 1.561306 -0.110076
v 0.133086 1.897306 -0.170758
v 0.112169 2.060477 -0.170853
v 0.404922 2.177497 -0.169528
v 0.091353 1.927456 -0.170947
v 0.460951 1.819476 -0.169274
v 0.415970 1.693936 -0.169478
v 0.075955 1.924246 -0.159999
v 0.415414 1.553806 -0.062287
v 0.133086 1.897306 -0.170758
v 0.091353 1.927456 -0.170947
v 0.415970 1.693936 -0.169478
v 0.432638 1.656146 -0.149722
v 0.430239 1.554836 -0.071134
v 0.420928 1.553286 -0.064886
v 0.475041 1.590616 -0.122796
v 0.492759 1.561306 -0.110076
v 0.096599 1.965526 -0.052814
v 0.066920 1.936996 -0.154230
v 0.076336 1.980366 -0.069760
v 0.017826 2.021957 -0.120648
v 0.025958 2.025057 -0.100041
v 0.325043 1.673466 -0.051780
v 0.075110 1.922736 -0.159841
v 0.413856 1.553646 -0.060260
v 0.400712 1.576416 -0.051437
v 0.008667 2.023186 -0.108495
v 0.017826 2.021957 -0.120648
v 0.005404 2.022237 -0.114530
v 0.025958 2.025057 -0.100041
v 0.000876 2.022336 -0.112302
v 0.400712 1.576416 -0.051437
v 0.400712 1.541426 -0.051437
v 0.413856 1.553646 -0.060260
v 0.053015 1.212186 -0.063381
v -0.002888 1.164016 -0.112319
v 0.004922 1.165276 -0.106578
v -0.041528 1.298646 -0.112494
v 0.063767 1.222706 -0.053719
v 0.073742 1.819466 -0.052917
v 0.325043 1.673466 -0.051780
v 0.096599 1.965526 -0.052814
v 0.133269 1.653326 -0.052648
v 0.395256 1.536246 -0.051462
v 0.400712 1.576416 -0.051437
v 0.400712 1.541426 -0.051437
v 0.133269 1.329316 -0.052648
v 0.068768 1.227456 -0.052940
v 0.133269 1.653326 -0.052648
v 0.073742 1.819466 -0.052917
v 0.039603 1.661766 -0.112127
v -0.054672 1.777726 -0.112554
v 0.046407 1.368446 -0.112096
v 0.133269 1.329316 -0.052648
v 0.068768 1.227456 -0.052940
v -0.041528 1.298646 -0.112494
v 0.063767 1.222706 -0.053719
v 0.000876 2.022336 -0.112302
v 0.076336 1.980366 -0.069760
v 0.096599 1.965526 -0.052814
v 0.008667 2.023186 -0.108495
v 0.025958 2.025057 -0.100041
v 0.053015 1.212186 -0.063381
v 0.068768 1.227456 -0.052940
v 0.063767 1.222706 -0.053719
v 0.208835 1.355626 -0.170415
v 0.065940 1.220666 -0.171062
v 0.040645 1.197506 -0.150015
v 0.395256 1.536246 -0.051462
v 0.008936 1.168546 -0.121622
v 0.004922 1.165276 -0.106578
v -0.002888 1.164016 -0.112319
v 0.299866 1.441716 -0.170003
v 0.307172 1.448666 -0.169970
v 0.413856 1.553646 -0.060260
v 0.400712 1.541426 -0.051437
v 0.083068 1.875636 -0.170985
v 0.413856 1.553646 -0.060260
v 0.307172 1.448666 -0.169970
v 0.075110 1.922736 -0.159841
v 0.083068 1.875636 -0.170985
v 0.133803 1.653326 -0.170755
v 0.074276 1.819466 -0.171025
v 0.307172 1.448666 -0.169970
v 0.299866 1.441716 -0.170003
v 0.208835 1.355626 -0.170415
v 0.133803 1.329316 -0.170755
v 0.065940 1.220666 -0.171062
v 0.133803 1.653326 -0.170755
v 0.046407 1.368446 -0.112096
v 0.039603 1.661766 -0.112127
v 0.133803 1.329316 -0.170755
v 0.074276 1.819466 -0.171025
v 0.065940 1.220666 -0.171062
v -0.054672 1.777726 -0.112554
v -0.041528 1.298646 -0.112494
v 0.040645 1.197506 -0.150015
v 0.008936 1.168546 -0.121622
v -0.002888 1.164016 -0.112319
v 0.083068 1.875636 -0.170985
v 0.066920 1.936996 -0.154230
v 0.075110 1.922736 -0.159841
v 0.000876 2.022336 -0.112302
v 0.005404 2.022237 -0.114530
v 0.017826 2.021957 -0.120648
v 0.492161 1.538836 -0.110637
v 0.486558 1.557666 -0.106869
v 0.431225 1.551586 -0.072410
v 0.492613 1.558326 -0.110635
v 0.414337 1.553176 -0.064489
v 0.431225 1.551586 -0.072410
v 0.486558 1.557666 -0.106869
v 0.414337 1.553176 -0.064489
v 0.309026 1.450126 -0.170521
v 0.083315 1.881946 -0.170921
v 0.076985 1.921556 -0.161661
v 0.131252 1.896526 -0.171326
v 0.090910 1.925106 -0.171508
v 0.415251 1.692116 -0.170040
v 0.431046 1.655976 -0.151242
v 0.474408 1.588616 -0.123708
v 0.486558 1.557666 -0.106869
v 0.492613 1.558326 -0.110635
v 0.452004 1.509097 -0.137935
v 0.431225 1.551586 -0.072410
v 0.401345 1.473216 -0.170103
v 0.492161 1.538836 -0.110637
v 0.414337 1.553176 -0.064489
v 0.309026 1.450126 -0.170521
v 0.415251 1.692116 -0.170040
v 0.431046 1.655976 -0.151242
v 0.401345 1.653296 -0.170103
v 0.474408 1.588616 -0.123708
v 0.452004 1.509097 -0.137935
v 0.401345 1.473216 -0.170103
v 0.492613 1.558326 -0.110635
v 0.492161 1.538836 -0.110637
v 0.131252 1.896526 -0.171326
v 0.415251 1.692116 -0.170040
v 0.401345 1.653296 -0.170103
v 0.083315 1.881946 -0.170921
v 0.090910 1.925106 -0.171508
v 0.076985 1.921556 -0.161661
v 0.309026 1.450126 -0.170521
v 0.401345 1.473216 -0.170103
v 0.005388 1.163566 -0.106652
v 0.009331 1.166816 -0.121490
v -0.002329 1.162356 -0.112317
v 0.054367 1.211226 -0.062679
v 0.041798 1.196166 -0.150499
v 0.066502 1.218816 -0.171060
v 0.210897 1.355576 -0.170406
v 0.065225 1.221676 -0.052956
v 0.318965 1.461896 -0.051807
v 0.308120 1.447556 -0.169966
v 0.415330 1.552716 -0.061185
v 0.400806 1.539266 -0.051437
v 0.401341 1.471076 -0.169544
v 0.424607 1.551306 -0.067411
v 0.432687 1.549366 -0.072833
v 0.451314 1.506646 -0.137811
v 0.492114 1.537016 -0.110078
v 0.085609 1.140086 -0.052910
v 0.054367 1.211226 -0.062679
v 0.029252 1.157306 -0.091135
v 0.005388 1.163566 -0.106652
v 0.065225 1.221676 -0.052956
v 0.488202 1.368406 -0.110096
v 0.400806 1.539266 -0.051437
v 0.400806 1.329276 -0.051437
v 0.468943 1.221676 -0.051128
v 0.492114 1.537016 -0.110078
v 0.576138 1.298606 -0.109698
v 0.432687 1.549366 -0.072833
v 0.424607 1.551306 -0.067411
v 0.415330 1.552716 -0.061185
v 0.525358 1.121686 -0.109928
v 0.448078 1.140986 -0.051223
v 0.474147 1.086876 -0.051105
v 0.547996 1.091756 -0.109825
v 0.120818 0.777476 -0.111759
v 0.413887 0.777476 -0.110433
v 0.388182 0.867254 -0.051494
v 0.145987 0.867254 -0.052590
v 0.512111 1.008076 -0.050933
v 0.022058 1.008076 -0.053151
v 0.619459 0.997286 -0.109502
v 0.547996 1.091756 -0.109825
v 0.474147 1.086876 -0.051105
v -0.084756 0.997286 -0.112690
v 0.009345 1.121686 -0.112264
v 0.085609 1.140086 -0.052910
v 0.029252 1.157306 -0.091135
v 0.005388 1.163566 -0.106652
v -0.002329 1.162356 -0.112317
v 0.145987 0.867254 -0.052590
v 0.085609 1.140086 -0.052910
v 0.022058 1.008076 -0.053151
v 0.388182 0.867254 -0.051494
v 0.474147 1.086876 -0.051105
v 0.512111 1.008076 -0.050933
v 0.448078 1.140986 -0.051223
v 0.085609 1.140086 -0.052910
v 0.474147 1.086876 -0.051105
v 0.400806 1.329276 -0.051437
v 0.468943 1.221676 -0.051128
v 0.065225 1.221676 -0.052956
v 0.318965 1.461896 -0.051807
v 0.400806 1.539266 -0.051437
v 0.066502 1.218816 -0.171060
v 0.063470 1.169486 -0.160395
v 0.041798 1.196166 -0.150499
v 0.009331 1.166816 -0.121490
v 0.079098 1.170096 -0.171003
v 0.525358 1.121686 -0.109928
v 0.459390 1.118616 -0.169281
v 0.448612 1.140986 -0.169330
v 0.547996 1.091756 -0.109825
v 0.469478 1.221676 -0.169236
v 0.576138 1.298606 -0.109698
v 0.488202 1.368406 -0.110096
v 0.401341 1.329276 -0.169544
v 0.401341 1.471076 -0.169544
v 0.451314 1.506646 -0.137811
v 0.492114 1.537016 -0.110078
v 0.009345 1.121686 -0.112264
v 0.063470 1.169486 -0.160395
v 0.086628 1.140986 -0.170969
v 0.079098 1.170096 -0.171003
v 0.009331 1.166816 -0.121490
v -0.002329 1.162356 -0.112317
v 0.022592 1.008076 -0.171258
v -0.084756 0.997286 -0.112690
v 0.120818 0.777476 -0.111759
v 0.146521 0.867254 -0.170697
v 0.388717 0.867254 -0.169601
v 0.413887 0.777476 -0.110433
v 0.512645 1.008076 -0.169040
v 0.619459 0.997286 -0.109502
v 0.547996 1.091756 -0.109825
v 0.459390 1.118616 -0.169281
v 0.388717 0.867254 -0.169601
v 0.459390 1.118616 -0.169281
v 0.512645 1.008076 -0.169040
v 0.160147 1.159186 -0.170636
v 0.146521 0.867254 -0.170697
v 0.022592 1.008076 -0.171258
v 0.086628 1.140986 -0.170969
v 0.079098 1.170096 -0.171003
v 0.448612 1.140986 -0.169330
v 0.210897 1.355576 -0.170406
v 0.066502 1.218816 -0.171060
v 0.401341 1.329276 -0.169544
v 0.469478 1.221676 -0.169236
v 0.308120 1.447556 -0.169966
v 0.401341 1.471076 -0.169544
v 0.377058 0.004597 -0.157637
v 0.402268 0.050457 -0.180483
v 0.457705 0.050457 -0.110233
v 0.414313 0.004597 -0.110430
v 0.376633 0.004597 -0.063563
v 0.401636 0.050457 -0.040490
v 0.439547 -0.150024 -0.110315
v 0.266906 -0.303128 -0.012422
v 0.267353 -0.363648 -0.111095
v 0.394449 -0.142268 -0.011844
v 0.395342 -0.142268 -0.209193
v 0.439547 -0.150024 -0.110315
v 0.267799 -0.303128 -0.209770
v 0.267353 -0.363648 -0.111095
v 0.486414 -0.147574 -0.110103
v 0.267810 -0.404388 -0.212126
v 0.442169 -0.146790 -0.173448
v 0.267353 -0.482616 -0.111095
v 0.465585 -0.081619 -0.110198
v 0.421283 -0.081929 -0.173543
v 0.434381 -0.010965 -0.173483
v 0.478424 -0.009409 -0.110139
v 0.465585 -0.081619 -0.110198
v 0.441597 -0.146790 -0.047161
v 0.486414 -0.147574 -0.110103
v 0.266895 -0.404388 -0.010066
v 0.267353 -0.482616 -0.111095
v 0.420711 -0.081929 -0.047256
v 0.433809 -0.010965 -0.047196
v 0.478424 -0.009409 -0.110139
v 0.370917 0.890422 -0.014653
v 0.371786 0.890422 -0.206597
v 0.315787 0.946422 -0.206851
v 0.314918 0.946422 -0.014906
v 0.554228 1.196306 -0.109796
v 0.570712 1.297216 -0.218549
v 0.645537 1.356256 -0.109383
v 0.490713 1.217216 -0.218911
v 0.572054 1.131706 -0.109716
v 0.514713 1.097216 -0.218802
v 0.634712 0.997636 -0.218259
v 0.700176 1.011186 -0.109136
v 0.590284 0.891038 -0.218460
v 0.653461 0.869120 -0.109347
v 0.486632 0.749400 -0.110102
v 0.521311 0.814236 -0.218772
v 0.486632 0.749400 -0.110102
v 0.653461 0.869120 -0.109347
v 0.589299 0.891038 -0.000812
v 0.520325 0.814236 -0.001124
v 0.700176 1.011186 -0.109136
v 0.633726 0.997636 -0.000611
v 0.572054 1.131706 -0.109716
v 0.513728 1.097216 -0.001154
v 0.489728 1.217216 -0.001261
v 0.554228 1.196306 -0.109796
v 0.569727 1.297216 -0.000901
v 0.645537 1.356256 -0.109383
v 0.394720 0.771118 -0.190563
v 0.444497 0.847486 -0.110293
v 0.474267 0.757070 -0.110158
v 0.393995 0.771118 -0.030478
v 0.562828 0.986422 0.005412
v 0.515871 0.890422 -0.225141
v 0.563871 0.986422 -0.224924
v 0.514829 0.890422 0.005195
v 0.363314 0.987476 -0.021131
v 0.364125 0.987476 -0.200188
v 0.364125 1.056286 -0.200188
v 0.363314 1.056286 -0.021131
v 0.043876 1.042426 -0.227276
v 0.076760 0.996626 -0.015984
v 0.077629 0.996626 -0.207929
v 0.111876 0.950102 -0.226968
v 0.111789 0.950102 -0.207774
v 0.042833 1.042426 0.003058
v 0.110833 0.950102 0.003366
v 0.110920 0.950102 -0.015830
v 0.364046 -0.034195 -0.209334
v 0.439547 -0.150024 -0.110315
v 0.395342 -0.142268 -0.209193
v 0.393191 -0.005673 -0.110525
v 0.439547 -0.150024 -0.110315
v 0.363153 -0.034195 -0.011986
v 0.394449 -0.142268 -0.011844
v 0.393191 -0.005673 -0.110525
v 0.118284 1.030676 -0.111770
v 0.059990 1.065216 -0.003206
v 0.030877 0.973082 -0.112165
v 0.156490 1.254126 -0.111597
v -0.035307 0.987880 -0.003638
v 0.091990 1.233216 -0.003061
v 0.012692 0.887466 -0.003420
v 0.082626 0.856432 -0.111931
v 0.013394 0.814236 -0.003417
v 0.048071 0.749400 -0.112088
v 0.156490 1.254126 -0.111597
v 0.060975 1.065216 -0.220856
v 0.092975 1.233216 -0.220711
v 0.118284 1.030676 -0.111770
v 0.030877 0.973082 -0.112165
v -0.034322 0.987880 -0.221288
v 0.013678 0.887466 -0.221070
v 0.082626 0.856432 -0.111931
v 0.014380 0.814236 -0.221067
v 0.048071 0.749400 -0.112088
v 0.338918 0.858422 -0.014798
v 0.339786 0.858422 -0.206742
v 0.371786 0.890422 -0.206597
v 0.370917 0.890422 -0.014653
v 0.391972 0.101794 -0.175187
v 0.457705 0.050457 -0.110233
v 0.402268 0.050457 -0.180483
v 0.443177 0.101794 -0.110299
v 0.391387 0.101794 -0.045878
v 0.401636 0.050457 -0.040490
v 0.491872 1.042426 -0.225250
v 0.490829 1.042426 0.005086
v 0.563871 0.986422 -0.224924
v 0.562828 0.986422 0.005412
v -0.028123 0.986422 -0.227602
v -0.029166 0.986422 0.002732
v 0.043876 1.042426 -0.227276
v 0.042833 1.042426 0.003058
v 0.457076 0.996626 -0.014263
v 0.457945 0.996626 -0.206207
v 0.363786 1.058426 -0.206633
v 0.362917 1.058426 -0.014689
v 0.076760 0.996626 -0.015984
v 0.171788 1.058426 -0.207502
v 0.077629 0.996626 -0.207929
v 0.170919 1.058426 -0.015558
v 0.363314 1.056286 -0.021131
v 0.364125 1.056286 -0.200188
v 0.267758 1.146426 -0.200624
v 0.266947 1.146426 -0.021568
v 0.171389 1.056286 -0.201060
v 0.266947 1.146426 -0.021568
v 0.267758 1.146426 -0.200624
v 0.170580 1.056286 -0.022002
v 0.514478 0.898116 -0.007885
v 0.515402 0.898116 -0.212065
v 0.472491 0.941026 -0.212259
v 0.471566 0.941026 -0.008079
v 0.020225 0.898116 -0.214307
v 0.019301 0.898116 -0.010126
v 0.063137 0.941026 -0.214112
v 0.062212 0.941026 -0.009932
v 0.100325 -0.010965 -0.048706
v 0.056279 -0.009409 -0.112050
v 0.127016 0.037011 -0.111730
v 0.168655 0.037011 -0.057101
v 0.434381 -0.010965 -0.173483
v 0.478424 -0.009409 -0.110139
v 0.407687 0.037011 -0.110460
v 0.366048 0.037011 -0.165091
v 0.433809 -0.010965 -0.047196
v 0.478424 -0.009409 -0.110139
v 0.407687 0.037011 -0.110460
v 0.365555 0.037011 -0.056209
v 0.100896 -0.010965 -0.174993
v 0.056279 -0.009409 -0.112050
v 0.127016 0.037011 -0.111730
v 0.169148 0.037011 -0.165982
v 0.267787 0.978422 -0.207068
v 0.362917 1.058426 -0.014689
v 0.363786 1.058426 -0.206633
v 0.266918 0.978422 -0.015124
v 0.171788 1.058426 -0.207502
v 0.170919 1.058426 -0.015558
v 0.267787 0.978422 -0.207068
v 0.266918 0.978422 -0.015124
v 0.572054 1.131706 -0.109716
v 0.514713 1.097216 -0.218802
v 0.634712 0.997636 -0.218259
v 0.700176 1.011186 -0.109136
v 0.700176 1.011186 -0.109136
v 0.633726 0.997636 -0.000611
v 0.572054 1.131706 -0.109716
v 0.513728 1.097216 -0.001154
v -0.037348 1.131706 -0.112474
v 0.020976 1.097216 -0.221037
v -0.099023 0.997636 -0.221581
v -0.165473 1.011186 -0.113054
v -0.165473 1.011186 -0.113054
v -0.100008 0.997636 -0.003930
v -0.037348 1.131706 -0.112474
v 0.019990 1.097216 -0.003387
v 0.472491 0.941026 -0.212259
v 0.267815 0.844052 -0.213186
v 0.471566 0.941026 -0.008079
v 0.266891 0.844052 -0.009006
v 0.063137 0.941026 -0.214112
v 0.062212 0.941026 -0.009932
v 0.267815 0.844052 -0.213186
v 0.266891 0.844052 -0.009006
v 0.378216 1.254126 -0.110593
v 0.441728 1.233216 -0.001478
v 0.569727 1.297216 -0.000901
v 0.645537 1.356256 -0.109383
v 0.378216 1.254126 -0.110593
v 0.442714 1.233216 -0.219128
v 0.570712 1.297216 -0.218549
v 0.645537 1.356256 -0.109383
v 0.156490 1.254126 -0.111597
v 0.091990 1.233216 -0.003061
v -0.036009 1.297216 -0.003641
v -0.110833 1.356256 -0.112807
v 0.156490 1.254126 -0.111597
v 0.092975 1.233216 -0.220711
v -0.035024 1.297216 -0.221291
v -0.110833 1.356256 -0.112807
v 0.391387 0.101794 -0.045878
v 0.426209 0.113986 -0.110376
v 0.379417 0.113986 -0.052173
v 0.443177 0.101794 -0.110299
v 0.391972 0.101794 -0.175187
v 0.379946 0.113986 -0.169002
v 0.154757 0.113986 -0.053190
v 0.142731 0.101794 -0.047004
v 0.108494 0.113986 -0.111814
v 0.155286 0.113986 -0.170019
v 0.091526 0.101794 -0.111891
v 0.143317 0.101794 -0.176313
v 0.141512 -0.005673 -0.111665
v 0.170657 -0.034195 -0.012857
v 0.267353 0.037455 -0.111095
v 0.266822 0.005179 0.006032
v 0.171550 -0.034195 -0.210206
v 0.267353 0.037455 -0.111095
v 0.267883 0.005179 -0.228224
v 0.141512 -0.005673 -0.111665
v 0.267883 0.005179 -0.228224
v 0.267353 0.037455 -0.111095
v 0.364046 -0.034195 -0.209334
v 0.393191 -0.005673 -0.110525
v 0.267353 0.037455 -0.111095
v 0.363153 -0.034195 -0.011986
v 0.393191 -0.005673 -0.110525
v 0.266822 0.005179 0.006032
v 0.366048 0.037011 -0.165091
v 0.365555 0.037011 -0.056209
v 0.407687 0.037011 -0.110460
v 0.266958 0.037011 -0.023991
v 0.267747 0.037011 -0.198200
v 0.169148 0.037011 -0.165982
v 0.168655 0.037011 -0.057101
v 0.127016 0.037011 -0.111730
v 0.157645 0.004597 -0.064555
v 0.376633 0.004597 -0.063563
v 0.132435 0.050457 -0.041709
v 0.401636 0.050457 -0.040490
v 0.266905 0.050457 -0.012106
v 0.267033 0.004597 -0.040473
v 0.139363 -0.142268 -0.012999
v 0.266906 -0.303128 -0.012422
v 0.266822 -0.255128 0.006032
v 0.266822 -0.142268 0.006032
v 0.394449 -0.142268 -0.011844
v 0.266822 -0.255128 0.006032
v 0.266906 -0.303128 -0.012422
v 0.266822 -0.142268 0.006032
v 0.444497 0.847486 -0.110293
v 0.090206 0.847486 -0.111897
v 0.393995 0.771118 -0.030478
v 0.139984 0.771118 -0.031628
v 0.383733 0.846108 -0.074293
v 0.150642 0.846108 -0.075349
v 0.266961 0.804546 -0.024549
v 0.266866 0.742660 -0.003520
v 0.422830 0.950102 0.004778
v 0.562828 0.986422 0.005412
v 0.490829 1.042426 0.005086
v 0.514829 0.890422 0.005195
v 0.110833 0.950102 0.003366
v -0.029166 0.986422 0.002732
v 0.018834 0.890422 0.002950
v 0.042833 1.042426 0.003058
v 0.513728 1.097216 -0.001154
v 0.569025 0.987880 -0.000904
v 0.633726 0.997636 -0.000611
v 0.589299 0.891038 -0.000812
v 0.521025 0.887466 -0.001121
v 0.520325 0.814236 -0.001124
v 0.473728 1.065216 -0.001333
v 0.489728 1.217216 -0.001261
v 0.441728 1.233216 -0.001478
v 0.569727 1.297216 -0.000901
v 0.059990 1.065216 -0.003206
v 0.043990 1.217216 -0.003279
v 0.019990 1.097216 -0.003387
v 0.091990 1.233216 -0.003061
v -0.036009 1.297216 -0.003641
v -0.035307 0.987880 -0.003638
v -0.100008 0.997636 -0.003930
v -0.055581 0.891038 -0.003729
v 0.012692 0.887466 -0.003420
v 0.013394 0.814236 -0.003417
v 0.514478 0.898116 -0.007885
v 0.266891 0.844052 -0.009006
v 0.266891 0.772052 -0.009006
v 0.471566 0.941026 -0.008079
v 0.019301 0.898116 -0.010126
v 0.062212 0.941026 -0.009932
v 0.363153 -0.034195 -0.011986
v 0.266822 -0.142268 0.006032
v 0.394449 -0.142268 -0.011844
v 0.266822 0.005179 0.006032
v 0.266822 -0.142268 0.006032
v 0.170657 -0.034195 -0.012857
v 0.139363 -0.142268 -0.012999
v 0.266822 0.005179 0.006032
v 0.362917 1.058426 -0.014689
v 0.362917 0.986422 -0.014689
v 0.457076 0.996626 -0.014263
v 0.422917 0.950102 -0.014417
v 0.266918 0.978422 -0.015124
v 0.314918 0.946422 -0.014906
v 0.338918 0.858422 -0.014798
v 0.370917 0.890422 -0.014653
v 0.266918 0.922422 -0.015124
v 0.218919 0.946422 -0.015341
v 0.194919 0.858422 -0.015450
v 0.162919 0.890422 -0.015594
v 0.170919 0.986422 -0.015558
v 0.170919 1.058426 -0.015558
v 0.076760 0.996626 -0.015984
v 0.110920 0.950102 -0.015830
v 0.266947 1.074426 -0.021568
v 0.363314 0.987476 -0.021131
v 0.363314 1.056286 -0.021131
v 0.266947 1.146426 -0.021568
v 0.170580 1.056286 -0.022002
v 0.170580 0.987476 -0.022002
v 0.266958 0.037011 -0.023991
v 0.266895 -0.404388 -0.010066
v 0.441597 -0.146790 -0.047161
v 0.092534 -0.146790 -0.048741
v 0.420711 -0.081929 -0.047256
v 0.113422 -0.081929 -0.048647
v 0.365555 0.037011 -0.056209
v 0.433809 -0.010965 -0.047196
v 0.168655 0.037011 -0.057101
v 0.100325 -0.010965 -0.048706
v 0.060437 0.757070 -0.112032
v 0.100926 0.680774 -0.111848
v 0.149395 0.708244 -0.050432
v 0.139984 0.771118 -0.031628
v 0.474267 0.757070 -0.110158
v 0.266866 0.742660 -0.003520
v 0.433777 0.680774 -0.110342
v 0.266961 0.680774 -0.024549
v 0.384754 0.708244 -0.049367
v 0.393995 0.771118 -0.030478
v 0.391387 0.101794 -0.045878
v 0.379417 0.113986 -0.052173
v 0.266939 0.101794 -0.019662
v 0.266979 0.113986 -0.028485
v 0.154757 0.113986 -0.053190
v 0.142731 0.101794 -0.047004
v 0.391387 0.101794 -0.045878
v 0.401636 0.050457 -0.040490
v 0.266905 0.050457 -0.012106
v 0.266939 0.101794 -0.019662
v 0.142731 0.101794 -0.047004
v 0.132435 0.050457 -0.041709
v 0.158071 0.004597 -0.158628
v 0.133069 0.050457 -0.181701
v 0.076998 0.050457 -0.111957
v 0.120392 0.004597 -0.111760
v 0.157645 0.004597 -0.064555
v 0.132435 0.050457 -0.041709
v 0.267799 -0.303128 -0.209770
v 0.095156 -0.150024 -0.111874
v 0.140257 -0.142268 -0.210347
v 0.267353 -0.363648 -0.111095
v 0.095156 -0.150024 -0.111874
v 0.267353 -0.363648 -0.111095
v 0.266906 -0.303128 -0.012422
v 0.139363 -0.142268 -0.012999
v 0.266895 -0.404388 -0.010066
v 0.048289 -0.147574 -0.112087
v 0.267353 -0.482616 -0.111095
v 0.092534 -0.146790 -0.048741
v 0.069118 -0.081619 -0.111992
v 0.113422 -0.081929 -0.048647
v 0.100325 -0.010965 -0.048706
v 0.056279 -0.009409 -0.112050
v 0.100896 -0.010965 -0.174993
v 0.113994 -0.081929 -0.174934
v 0.069118 -0.081619 -0.111992
v 0.093106 -0.146790 -0.175028
v 0.056279 -0.009409 -0.112050
v 0.048289 -0.147574 -0.112087
v 0.267810 -0.404388 -0.212126
v 0.267353 -0.482616 -0.111095
v 0.163788 0.890422 -0.207539
v 0.162919 0.890422 -0.015594
v 0.219788 0.946422 -0.207285
v 0.218919 0.946422 -0.015341
v -0.019525 1.196306 -0.112394
v -0.035024 1.297216 -0.221291
v 0.044975 1.217216 -0.220929
v -0.110833 1.356256 -0.112807
v -0.037348 1.131706 -0.112474
v 0.020976 1.097216 -0.221037
v -0.099023 0.997636 -0.221581
v -0.165473 1.011186 -0.113054
v -0.054596 0.891038 -0.221379
v -0.118757 0.869120 -0.112843
v 0.048071 0.749400 -0.112088
v 0.014380 0.814236 -0.221067
v -0.118757 0.869120 -0.112843
v 0.048071 0.749400 -0.112088
v -0.055581 0.891038 -0.003729
v 0.013394 0.814236 -0.003417
v -0.165473 1.011186 -0.113054
v -0.100008 0.997636 -0.003930
v -0.037348 1.131706 -0.112474
v 0.019990 1.097216 -0.003387
v 0.043990 1.217216 -0.003279
v -0.019525 1.196306 -0.112394
v -0.036009 1.297216 -0.003641
v -0.110833 1.356256 -0.112807
v 0.140708 0.771118 -0.191713
v 0.090206 0.847486 -0.111897
v 0.060437 0.757070 -0.112032
v 0.139984 0.771118 -0.031628
v 0.019876 0.890422 -0.227384
v -0.029166 0.986422 0.002732
v -0.028123 0.986422 -0.227602
v 0.018834 0.890422 0.002950
v 0.170580 0.987476 -0.022002
v 0.171389 1.056286 -0.201060
v 0.171389 0.987476 -0.201060
v 0.170580 1.056286 -0.022002
v 0.457945 0.996626 -0.206207
v 0.423872 0.950102 -0.225558
v 0.423786 0.950102 -0.206362
v 0.491872 1.042426 -0.225250
v 0.490829 1.042426 0.005086
v 0.457076 0.996626 -0.014263
v 0.422830 0.950102 0.004778
v 0.422917 0.950102 -0.014417
v 0.141512 -0.005673 -0.111665
v 0.095156 -0.150024 -0.111874
v 0.170657 -0.034195 -0.012857
v 0.139363 -0.142268 -0.012999
v 0.095156 -0.150024 -0.111874
v 0.171550 -0.034195 -0.210206
v 0.140257 -0.142268 -0.210347
v 0.141512 -0.005673 -0.111665
v 0.473728 1.065216 -0.001333
v 0.416419 1.030676 -0.110420
v 0.503828 0.973082 -0.110024
v 0.378216 1.254126 -0.110593
v 0.569025 0.987880 -0.000904
v 0.441728 1.233216 -0.001478
v 0.521025 0.887466 -0.001121
v 0.452077 0.856432 -0.110259
v 0.520325 0.814236 -0.001124
v 0.486632 0.749400 -0.110102
v 0.474713 1.065216 -0.218983
v 0.378216 1.254126 -0.110593
v 0.442714 1.233216 -0.219128
v 0.416419 1.030676 -0.110420
v 0.503828 0.973082 -0.110024
v 0.570010 0.987880 -0.218552
v 0.522011 0.887466 -0.218769
v 0.452077 0.856432 -0.110259
v 0.521311 0.814236 -0.218772
v 0.486632 0.749400 -0.110102
v 0.195788 0.858422 -0.207394
v 0.194919 0.858422 -0.015450
v 0.163788 0.890422 -0.207539
v 0.162919 0.890422 -0.015594
v 0.143317 0.101794 -0.176313
v 0.133069 0.050457 -0.181701
v 0.076998 0.050457 -0.111957
v 0.091526 0.101794 -0.111891
v 0.142731 0.101794 -0.047004
v 0.132435 0.050457 -0.041709
v 0.554228 1.196306 -0.109796
v 0.570712 1.297216 -0.218549
v 0.490713 1.217216 -0.218911
v 0.590284 0.891038 -0.218460
v 0.653461 0.869120 -0.109347
v 0.486632 0.749400 -0.110102
v 0.486632 0.749400 -0.110102
v 0.653461 0.869120 -0.109347
v 0.589299 0.891038 -0.000812
v -0.019525 1.196306 -0.112394
v -0.035024 1.297216 -0.221291
v 0.044975 1.217216 -0.220929
v -0.054596 0.891038 -0.221379
v -0.118757 0.869120 -0.112843
v 0.048071 0.749400 -0.112088
v -0.118757 0.869120 -0.112843
v 0.048071 0.749400 -0.112088
v -0.055581 0.891038 -0.003729
v 0.043990 1.217216 -0.003279
v -0.019525 1.196306 -0.112394
v -0.036009 1.297216 -0.003641
v 0.149672 0.708244 -0.111628
v 0.149395 0.708244 -0.050432
v 0.100926 0.680774 -0.111848
v 0.149949 0.708244 -0.172825
v 0.267353 0.680774 -0.111095
v 0.266961 0.680774 -0.024549
v 0.267744 0.680774 -0.197642
v 0.384754 0.708244 -0.049367
v 0.385309 0.708244 -0.171760
v 0.385031 0.708244 -0.110562
v 0.433777 0.680774 -0.110342
v 0.473728 1.065216 -0.001333
v 0.416419 1.030676 -0.110420
v 0.503828 0.973082 -0.110024
v 0.569025 0.987880 -0.000904
v 0.474713 1.065216 -0.218983
v 0.416419 1.030676 -0.110420
v 0.503828 0.973082 -0.110024
v 0.570010 0.987880 -0.218552
v 0.118284 1.030676 -0.111770
v 0.059990 1.065216 -0.003206
v 0.030877 0.973082 -0.112165
v -0.035307 0.987880 -0.003638
v 0.060975 1.065216 -0.220856
v 0.118284 1.030676 -0.111770
v 0.030877 0.973082 -0.112165
v -0.034322 0.987880 -0.221288
v 0.515402 0.898116 -0.212065
v 0.514478 0.898116 -0.007885
v 0.267815 0.772052 -0.213186
v 0.266891 0.772052 -0.009006
v 0.020225 0.898116 -0.214307
v 0.267815 0.772052 -0.213186
v 0.019301 0.898116 -0.010126
v 0.266891 0.772052 -0.009006
v 0.314918 0.946422 -0.014906
v 0.315787 0.946422 -0.206851
v 0.363786 0.986422 -0.206633
v 0.362917 0.986422 -0.014689
v 0.219788 0.946422 -0.207285
v 0.218919 0.946422 -0.015341
v 0.171788 0.986422 -0.207502
v 0.170919 0.986422 -0.015558
v 0.266918 0.922422 -0.015124
v 0.267787 0.922422 -0.207068
v 0.339786 0.858422 -0.206742
v 0.338918 0.858422 -0.014798
v 0.267787 0.922422 -0.207068
v 0.266918 0.922422 -0.015124
v 0.195788 0.858422 -0.207394
v 0.194919 0.858422 -0.015450
v 0.515871 0.890422 -0.225141
v 0.423786 0.950102 -0.206362
v 0.423872 0.950102 -0.225558
v 0.514829 0.890422 0.005195
v 0.422917 0.950102 -0.014417
v 0.422830 0.950102 0.004778
v 0.362917 0.986422 -0.014689
v 0.363786 0.986422 -0.206633
v 0.019876 0.890422 -0.227384
v 0.110920 0.950102 -0.015830
v 0.018834 0.890422 0.002950
v 0.110833 0.950102 0.003366
v 0.111789 0.950102 -0.207774
v 0.111876 0.950102 -0.226968
v 0.170919 0.986422 -0.015558
v 0.171788 0.986422 -0.207502
v 0.364125 0.987476 -0.200188
v 0.363314 0.987476 -0.021131
v 0.267758 1.074426 -0.200624
v 0.266947 1.074426 -0.021568
v 0.171389 0.987476 -0.201060
v 0.170580 0.987476 -0.022002
v 0.267672 0.004597 -0.181718
v 0.158071 0.004597 -0.158628
v 0.267801 0.050457 -0.210084
v 0.377058 0.004597 -0.157637
v 0.133069 0.050457 -0.181701
v 0.402268 0.050457 -0.180483
v 0.395342 -0.142268 -0.209193
v 0.267883 -0.255128 -0.228224
v 0.267883 -0.142268 -0.228224
v 0.267799 -0.303128 -0.209770
v 0.140257 -0.142268 -0.210347
v 0.267883 -0.255128 -0.228224
v 0.267799 -0.303128 -0.209770
v 0.267883 -0.142268 -0.228224
v 0.267744 0.804546 -0.197642
v 0.394720 0.771118 -0.190563
v 0.267840 0.742660 -0.218672
v 0.140708 0.771118 -0.191713
v 0.384062 0.846108 -0.146843
v 0.150970 0.846108 -0.147898
v 0.444497 0.847486 -0.110293
v 0.090206 0.847486 -0.111897
v 0.515871 0.890422 -0.225141
v 0.423872 0.950102 -0.225558
v 0.563871 0.986422 -0.224924
v 0.491872 1.042426 -0.225250
v 0.019876 0.890422 -0.227384
v -0.028123 0.986422 -0.227602
v 0.111876 0.950102 -0.226968
v 0.043876 1.042426 -0.227276
v 0.514713 1.097216 -0.218802
v 0.634712 0.997636 -0.218259
v 0.570010 0.987880 -0.218552
v 0.590284 0.891038 -0.218460
v 0.522011 0.887466 -0.218769
v 0.521311 0.814236 -0.218772
v 0.474713 1.065216 -0.218983
v 0.490713 1.217216 -0.218911
v 0.442714 1.233216 -0.219128
v 0.570712 1.297216 -0.218549
v -0.054596 0.891038 -0.221379
v 0.013678 0.887466 -0.221070
v 0.014380 0.814236 -0.221067
v -0.034322 0.987880 -0.221288
v -0.099023 0.997636 -0.221581
v 0.020976 1.097216 -0.221037
v 0.060975 1.065216 -0.220856
v 0.044975 1.217216 -0.220929
v 0.092975 1.233216 -0.220711
v -0.035024 1.297216 -0.221291
v 0.515402 0.898116 -0.212065
v 0.267815 0.772052 -0.213186
v 0.267815 0.844052 -0.213186
v 0.472491 0.941026 -0.212259
v 0.020225 0.898116 -0.214307
v 0.063137 0.941026 -0.214112
v 0.171550 -0.034195 -0.210206
v 0.267883 0.005179 -0.228224
v 0.267883 -0.142268 -0.228224
v 0.140257 -0.142268 -0.210347
v 0.364046 -0.034195 -0.209334
v 0.267883 -0.142268 -0.228224
v 0.267883 0.005179 -0.228224
v 0.395342 -0.142268 -0.209193
v 0.457945 0.996626 -0.206207
v 0.363786 0.986422 -0.206633
v 0.363786 1.058426 -0.206633
v 0.423786 0.950102 -0.206362
v 0.267787 0.978422 -0.207068
v 0.315787 0.946422 -0.206851
v 0.339786 0.858422 -0.206742
v 0.371786 0.890422 -0.206597
v 0.267787 0.922422 -0.207068
v 0.219788 0.946422 -0.207285
v 0.195788 0.858422 -0.207394
v 0.163788 0.890422 -0.207539
v 0.171788 0.986422 -0.207502
v 0.171788 1.058426 -0.207502
v 0.077629 0.996626 -0.207929
v 0.111789 0.950102 -0.207774
v 0.171389 1.056286 -0.201060
v 0.267758 1.146426 -0.200624
v 0.267758 1.074426 -0.200624
v 0.171389 0.987476 -0.201060
v 0.364125 1.056286 -0.200188
v 0.364125 0.987476 -0.200188
v 0.267747 0.037011 -0.198200
v 0.267810 -0.404388 -0.212126
v 0.093106 -0.146790 -0.175028
v 0.442169 -0.146790 -0.173448
v 0.113994 -0.081929 -0.174934
v 0.421283 -0.081929 -0.173543
v 0.169148 0.037011 -0.165982
v 0.100896 -0.010965 -0.174993
v 0.366048 0.037011 -0.165091
v 0.434381 -0.010965 -0.173483
v 0.267840 0.742660 -0.218672
v 0.149949 0.708244 -0.172825
v 0.140708 0.771118 -0.191713
v 0.060437 0.757070 -0.112032
v 0.267744 0.680774 -0.197642
v 0.100926 0.680774 -0.111848
v 0.385309 0.708244 -0.171760
v 0.394720 0.771118 -0.190563
v 0.474267 0.757070 -0.110158
v 0.433777 0.680774 -0.110342
v 0.391972 0.101794 -0.175187
v 0.379946 0.113986 -0.169002
v 0.267767 0.101794 -0.202530
v 0.267727 0.113986 -0.193706
v 0.155286 0.113986 -0.170019
v 0.143317 0.101794 -0.176313
v 0.391972 0.101794 -0.175187
v 0.402268 0.050457 -0.180483
v 0.267801 0.050457 -0.210084
v 0.267767 0.101794 -0.202530
v 0.143317 0.101794 -0.176313
v 0.133069 0.050457 -0.181701
v 0.365457 0.619178 -0.145875
v 0.379946 0.518144 -0.169002
v 0.426209 0.518144 -0.110376
v 0.398919 0.619178 -0.110499
v 0.365138 0.619178 -0.075430
v 0.379417 0.518144 -0.052173
v 0.365457 0.215038 -0.145875
v 0.379946 0.316072 -0.169002
v 0.426209 0.316072 -0.110376
v 0.398919 0.215038 -0.110499
v 0.365138 0.215038 -0.075430
v 0.379417 0.316072 -0.052173
v 0.365457 0.417108 -0.145875
v 0.379946 0.518144 -0.169002
v 0.426209 0.518144 -0.110376
v 0.398919 0.417108 -0.110499
v 0.365138 0.417108 -0.075430
v 0.379417 0.518144 -0.052173
v 0.365457 0.417108 -0.145875
v 0.379946 0.316072 -0.169002
v 0.426209 0.316072 -0.110376
v 0.398919 0.417108 -0.110499
v 0.365138 0.417108 -0.075430
v 0.379417 0.316072 -0.052173
v 0.365138 0.215038 -0.075430
v 0.379417 0.114002 -0.052173
v 0.426209 0.114002 -0.110376
v 0.398919 0.215038 -0.110499
v 0.365457 0.215038 -0.145875
v 0.379946 0.114002 -0.169002
v 0.365457 0.619178 -0.145875
v 0.379946 0.720214 -0.169002
v 0.426209 0.720214 -0.110376
v 0.398919 0.619178 -0.110499
v 0.365138 0.619178 -0.075430
v 0.379417 0.720214 -0.052173
v 0.169246 0.619178 -0.076316
v 0.154757 0.518144 -0.053190
v 0.266979 0.518144 -0.028485
v 0.267102 0.619178 -0.055775
v 0.365138 0.619178 -0.075430
v 0.379417 0.518144 -0.052173
v 0.169246 0.215038 -0.076316
v 0.154757 0.316072 -0.053190
v 0.266979 0.316072 -0.028485
v 0.267102 0.215038 -0.055775
v 0.365138 0.215038 -0.075430
v 0.379417 0.316072 -0.052173
v 0.169246 0.417108 -0.076316
v 0.154757 0.518144 -0.053190
v 0.266979 0.518144 -0.028485
v 0.267102 0.417108 -0.055775
v 0.365138 0.417108 -0.075430
v 0.379417 0.518144 -0.052173
v 0.169246 0.417108 -0.076316
v 0.154757 0.316072 -0.053190
v 0.266979 0.316072 -0.028485
v 0.267102 0.417108 -0.055775
v 0.365138 0.417108 -0.075430
v 0.379417 0.316072 -0.052173
v 0.266979 0.114002 -0.028485
v 0.169246 0.215038 -0.076316
v 0.154757 0.114002 -0.053190
v 0.267102 0.215038 -0.055775
v 0.365138 0.215038 -0.075430
v 0.379417 0.114002 -0.052173
v 0.169246 0.619178 -0.076316
v 0.154757 0.720214 -0.053190
v 0.266979 0.720214 -0.028485
v 0.267102 0.619178 -0.055775
v 0.365138 0.619178 -0.075430
v 0.379417 0.720214 -0.052173
v 0.169565 0.619178 -0.146762
v 0.155286 0.518144 -0.170019
v 0.108494 0.518144 -0.111814
v 0.135784 0.619178 -0.111690
v 0.169246 0.619178 -0.076316
v 0.154757 0.518144 -0.053190
v 0.155286 0.316072 -0.170019
v 0.169565 0.215038 -0.146762
v 0.108494 0.316072 -0.111814
v 0.135784 0.215038 -0.111690
v 0.169246 0.215038 -0.076316
v 0.154757 0.316072 -0.053190
v 0.155286 0.518144 -0.170019
v 0.169565 0.417108 -0.146762
v 0.108494 0.518144 -0.111814
v 0.135784 0.417108 -0.111690
v 0.169246 0.417108 -0.076316
v 0.154757 0.518144 -0.053190
v 0.169565 0.417108 -0.146762
v 0.155286 0.316072 -0.170019
v 0.108494 0.316072 -0.111814
v 0.135784 0.417108 -0.111690
v 0.169246 0.417108 -0.076316
v 0.154757 0.316072 -0.053190
v 0.169246 0.215038 -0.076316
v 0.154757 0.114002 -0.053190
v 0.108494 0.114002 -0.111814
v 0.135784 0.215038 -0.111690
v 0.169565 0.215038 -0.146762
v 0.155286 0.114002 -0.170019
v 0.155286 0.720214 -0.170019
v 0.169565 0.619178 -0.146762
v 0.108494 0.720214 -0.111814
v 0.135784 0.619178 -0.111690
v 0.169246 0.619178 -0.076316
v 0.154757 0.720214 -0.053190
v 0.169565 0.619178 -0.146762
v 0.267727 0.518144 -0.193706
v 0.155286 0.518144 -0.170019
v 0.267603 0.619178 -0.166416
v 0.365457 0.619178 -0.145875
v 0.379946 0.518144 -0.169002
v 0.155286 0.316072 -0.170019
v 0.267727 0.316072 -0.193706
v 0.169565 0.215038 -0.146762
v 0.267603 0.215038 -0.166416
v 0.365457 0.215038 -0.145875
v 0.379946 0.316072 -0.169002
v 0.155286 0.518144 -0.170019
v 0.267727 0.518144 -0.193706
v 0.169565 0.417108 -0.146762
v 0.267603 0.417108 -0.166416
v 0.365457 0.417108 -0.145875
v 0.379946 0.518144 -0.169002
v 0.169565 0.417108 -0.146762
v 0.267727 0.316072 -0.193706
v 0.155286 0.316072 -0.170019
v 0.267603 0.417108 -0.166416
v 0.365457 0.417108 -0.145875
v 0.379946 0.316072 -0.169002
v 0.169565 0.215038 -0.146762
v 0.155286 0.114002 -0.170019
v 0.267727 0.114002 -0.193706
v 0.267603 0.215038 -0.166416
v 0.365457 0.215038 -0.145875
v 0.379946 0.114002 -0.169002
v 0.155286 0.720214 -0.170019
v 0.267727 0.720214 -0.193706
v 0.169565 0.619178 -0.146762
v 0.267603 0.619178 -0.166416
v 0.365457 0.619178 -0.145875
v 0.379946 0.720214 -0.169002
v 0.326271 -0.082885 -0.232595
v 0.325169 -0.082885 0.010932
v 0.348007 -0.159364 -0.232497
v 0.346905 -0.159364 0.011031
v 0.346905 -0.159364 0.011031
v 0.307955 -0.201480 -0.232678
v 0.348007 -0.159364 -0.232497
v 0.306853 -0.201480 0.010849
v 0.267904 -0.261698 -0.232860
v 0.266801 -0.261698 0.010668
v 0.209534 -0.082885 -0.233124
v 0.208432 -0.082885 0.010404
v 0.267904 -0.063143 -0.232860
v 0.266801 -0.063143 0.010668
v 0.267904 -0.063143 -0.232860
v 0.266801 -0.063143 0.010668
v 0.326271 -0.082885 -0.232595
v 0.325169 -0.082885 0.010932
v 0.266649 -0.165576 0.044370
v 0.208432 -0.082885 0.010404
v 0.186696 -0.159364 0.010306
v 0.266801 -0.063143 0.010668
v 0.266801 -0.063143 0.010668
v 0.266649 -0.165576 0.044370
v 0.295909 -0.124230 0.027652
v 0.346905 -0.159364 0.011031
v 0.325169 -0.082885 0.010932
v 0.226748 -0.201480 0.010487
v 0.266801 -0.261698 0.010668
v 0.266649 -0.165576 0.044370
v 0.186696 -0.159364 0.010306
v 0.266801 -0.261698 0.010668
v 0.306853 -0.201480 0.010849
v 0.266649 -0.165576 0.044370
v 0.346905 -0.159364 0.011031
v 0.187799 -0.159364 -0.233222
v 0.186696 -0.159364 0.010306
v 0.209534 -0.082885 -0.233124
v 0.208432 -0.082885 0.010404
v 0.266801 -0.261698 0.010668
v 0.227850 -0.201480 -0.233041
v 0.267904 -0.261698 -0.232860
v 0.226748 -0.201480 0.010487
v 0.187799 -0.159364 -0.233222
v 0.186696 -0.159364 0.010306
v 0.187799 -0.159364 -0.233222
v 0.209534 -0.082885 -0.233124
v 0.268056 -0.165576 -0.266561
v 0.267904 -0.063143 -0.232860
v 0.268056 -0.165576 -0.266561
v 0.326271 -0.082885 -0.232595
v 0.348007 -0.159364 -0.232497
v 0.267904 -0.063143 -0.232860
v 0.227850 -0.201480 -0.233041
v 0.268056 -0.165576 -0.266561
v 0.267904 -0.261698 -0.232860
v 0.187799 -0.159364 -0.233222
v 0.268056 -0.165576 -0.266561
v 0.307955 -0.201480 -0.232678
v 0.267904 -0.261698 -0.232860
v 0.348007 -0.159364 -0.232497
vn 0.5539 0.0942 0.8272
vn 0.5544 0.1415 0.8201
vn 0.5539 0.0943 0.8272
vn 0.5537 0.1884 0.8111
vn 0.5552 0.2361 0.7975
vn -0.5556 0.1892 0.8096
vn -0.5624 0.2361 0.7924
vn -0.5467 0.1495 0.8239
vn -0.5321 0.0946 0.8413
vn -0.5321 0.0946 0.8414
vn -0.5322 0.0946 0.8413
vn -0.0045 -0.0000 1.0000
vn 0.2994 -0.9538 0.0250
vn 0.0466 -0.9909 0.1260
vn 0.2121 -0.9752 0.0638
vn 0.3701 -0.9290 -0.0062
vn 0.3700 -0.9290 -0.0062
vn 0.5610 0.1884 -0.8061
vn 0.5624 0.2361 -0.7924
vn 0.5618 0.1415 -0.8151
vn 0.5614 0.0942 -0.8222
vn 0.5614 0.0943 -0.8222
vn -0.5245 0.0946 -0.8461
vn -0.5393 0.1495 -0.8288
vn -0.5482 0.1892 -0.8146
vn -0.5552 0.2361 -0.7975
vn 0.0045 -0.0000 -1.0000
vn -0.3700 0.9289 0.0141
vn -0.9204 0.2042 0.3335
vn -0.8843 0.3547 0.3035
vn -0.3701 0.9289 0.0140
vn -0.3701 0.9289 0.0141
vn -0.3701 0.9290 0.0062
vn -0.3700 0.9290 0.0062
vn 0.5325 -0.0158 0.8463
vn 0.4695 -0.1499 0.8701
vn 0.5324 -0.0158 0.8463
vn 0.4905 -0.1020 0.8655
vn 0.4615 -0.0473 0.8859
vn 0.4544 -0.0790 0.8873
vn 0.4751 0.1021 0.8740
vn 0.4752 0.1021 0.8740
vn -0.1929 0.0314 0.9807
vn -0.2020 0.0316 0.9789
vn -0.5378 0.0942 0.8378
vn -0.7417 -0.6706 0.0124
vn -0.7338 -0.5668 0.3745
vn -0.9203 0.2042 0.3336
vn -0.8843 0.3548 0.3035
vn -0.7338 -0.5668 0.3746
vn -0.5313 -0.6359 -0.5598
vn -0.5153 0.0944 -0.8518
vn 0.4592 -0.0785 -0.8849
vn 0.4779 -0.1422 -0.8668
vn 0.4695 -0.0473 -0.8816
vn 0.4830 0.1021 -0.8696
vn 0.4831 0.1021 -0.8696
vn 0.4291 -0.2361 -0.8719
vn 0.4707 -0.1582 -0.8680
vn 0.5457 -0.0079 -0.8379
vn -0.3986 -0.5594 -0.7267
vn -0.3986 -0.5594 -0.7268
vn -0.3986 -0.5595 -0.7267
vn 0.7338 0.5668 -0.3745
vn 0.7338 0.5668 -0.3746
vn -0.0465 0.9899 -0.1338
vn 0.5565 -0.0000 0.8308
vn -0.5687 -0.1648 0.8058
vn -0.5688 -0.1648 0.8058
vn -0.5076 -0.1023 0.8555
vn -0.4539 -0.0474 0.8898
vn -0.4840 -0.1417 0.8635
vn -0.4530 -0.0788 0.8880
vn -0.4613 0.1577 0.8731
vn -0.4545 0.1660 0.8752
vn -0.3588 0.3074 0.8813
vn -0.3587 0.3075 0.8813
vn -0.3587 0.3074 0.8814
vn -0.4614 0.1025 0.8812
vn 0.6867 -0.7264 0.0267
vn 0.6867 -0.7265 0.0265
vn 0.6868 -0.7264 0.0268
vn 0.6150 -0.7885 -0.0051
vn 0.5268 -0.8488 -0.0448
vn 0.2537 -0.9569 -0.1412
vn 0.5392 0.2835 -0.7930
vn 0.5392 0.2835 -0.7931
vn -0.4998 -0.1023 -0.8601
vn -0.4534 0.1577 -0.8773
vn -0.4762 -0.1417 -0.8679
vn -0.4465 0.1660 -0.8793
vn -0.4363 -0.0472 -0.8985
vn -0.4596 0.1022 -0.8822
vn -0.4386 -0.0790 -0.8952
vn -0.4387 0.1423 -0.8873
vn -0.5621 -0.1572 -0.8120
vn -0.5622 -0.1572 -0.8120
vn -0.4440 0.1022 -0.8902
vn 0.3980 0.5508 0.7336
vn -0.5314 -0.2757 0.8010
vn -0.2938 -0.5254 0.7985
vn 0.0979 -0.1890 0.9771
vn 0.0745 0.3153 0.9461
vn 0.3890 0.5494 0.7395
vn 0.3824 0.5510 0.7417
vn 0.1941 -0.7946 0.5752
vn 0.5376 -0.1884 -0.8219
vn 0.5391 -0.0630 -0.8399
vn 0.5385 -0.0786 -0.8389
vn 0.5402 -0.0000 -0.8416
vn 0.5402 -0.0000 -0.8415
vn -0.0825 0.0158 -0.9965
vn -0.3187 0.0473 -0.9467
vn -0.5899 0.0950 -0.8019
vn 0.0046 -0.0000 -1.0000
vn -0.5268 0.8488 0.0448
vn -0.6150 0.7885 0.0051
vn -0.2537 0.9569 0.1412
vn -0.6868 0.7264 -0.0268
vn -0.6868 0.7263 -0.0268
vn -0.5997 0.7822 -0.1687
vn -0.4247 0.8213 -0.3810
vn -0.6869 0.7265 -0.0189
vn -0.2016 0.7934 -0.5744
vn -0.2016 0.7934 -0.5743
vn -0.5791 -0.1498 0.8014
vn -0.5790 -0.1498 0.8014
vn 0.4534 0.1577 0.8773
vn 0.5473 -0.0000 0.8370
vn 0.4459 0.1736 0.8781
vn 0.4929 0.0237 0.8698
vn 0.4449 0.1418 0.8843
vn 0.5473 -0.0000 0.8369
vn 0.6042 0.1421 0.7841
vn 0.5970 0.0474 0.8009
vn 0.5943 0.3460 0.7261
vn -0.2007 -0.4881 0.8494
vn 0.1930 -0.4881 0.8512
vn 0.2313 -0.4780 0.8474
vn -0.2389 -0.4780 0.8452
vn 0.5079 -0.0393 0.8605
vn -0.5307 -0.0315 0.8470
vn 0.5077 -0.0472 0.8602
vn 0.5163 0.3308 0.7900
vn -0.5247 -0.0473 0.8500
vn -0.5804 0.1343 0.8032
vn -0.5726 0.1976 0.7956
vn -0.5791 -0.1499 0.8014
vn -0.0045 0.0002 1.0000
vn -0.0045 0.0001 1.0000
vn -0.0046 -0.0001 1.0000
vn -0.0046 0.0001 1.0000
vn -0.0046 -0.0000 1.0000
vn -0.0044 0.0001 1.0000
vn -0.5628 -0.1495 -0.8130
vn -0.5628 -0.1495 -0.8129
vn 0.6177 0.1654 -0.7689
vn 0.6072 0.3843 -0.6954
vn 0.6087 0.0629 -0.7909
vn 0.6072 0.3844 -0.6954
vn 0.5008 0.0237 -0.8653
vn 0.4530 0.1418 -0.8802
vn 0.4675 0.1571 -0.8699
vn 0.4607 0.1654 -0.8720
vn 0.5603 -0.0078 -0.8283
vn 0.5602 -0.0078 -0.8283
vn -0.5731 0.1343 -0.8084
vn -0.5704 -0.1651 -0.8046
vn -0.5793 0.0394 -0.8141
vn -0.5703 -0.1651 -0.8046
vn -0.5702 -0.1647 -0.8048
vn -0.5231 -0.0315 -0.8517
vn -0.5170 -0.0473 -0.8547
vn -0.1930 -0.4881 -0.8512
vn -0.2313 -0.4780 -0.8474
vn 0.2389 -0.4780 -0.8452
vn 0.2007 -0.4881 -0.8494
vn 0.5156 -0.0394 -0.8559
vn 0.5153 -0.0551 -0.8553
vn 0.5394 0.3230 -0.7777
vn 0.5394 0.3230 -0.7776
vn 0.4434 -0.5817 -0.6819
vn 0.2235 -0.5338 -0.8155
vn 0.7264 -0.6873 0.0033
vn 0.4372 -0.5817 0.6859
vn 0.2161 -0.5339 0.8175
vn 0.7244 -0.5840 0.3663
vn 0.7243 -0.5840 0.3664
vn 0.7277 -0.5840 -0.3598
vn 0.7277 -0.5840 -0.3597
vn 0.8374 -0.1260 -0.5319
vn 0.7625 -0.4783 -0.4356
vn 0.8361 -0.1652 -0.5232
vn 0.8198 0.0550 -0.5699
vn 0.7491 0.3851 -0.5390
vn 0.7191 0.4648 -0.5166
vn 0.8146 0.0550 0.5773
vn 0.8313 -0.1652 0.5307
vn 0.8326 -0.1260 0.5394
vn 0.7586 -0.4783 0.4425
vn 0.7442 0.3851 0.5457
vn 0.7144 0.4648 0.5231
vn 0.7071 0.7071 0.0032
vn 0.8623 -0.1894 -0.4696
vn 0.7516 -0.5367 -0.3834
vn 0.7352 0.4650 -0.4932
vn 0.8599 -0.2203 -0.4604
vn 0.7129 0.4974 -0.4942
vn 0.7174 -0.5424 -0.4371
vn 0.7866 0.2744 -0.5531
vn 0.7816 0.2991 -0.5473
vn 0.7098 -0.5584 -0.4294
vn 0.7174 -0.5425 -0.4370
vn 0.5993 -0.7155 -0.3590
vn 0.5960 -0.7156 0.3644
vn 0.7135 -0.5425 0.4435
vn 0.5960 -0.7155 0.3644
vn 0.7766 0.2991 0.5544
vn 0.7135 -0.5424 0.4435
vn 0.7059 -0.5584 0.4358
vn 0.7816 0.2745 0.5602
vn 0.8557 -0.2204 0.4682
vn 0.7084 0.4974 0.5007
vn 0.7307 0.4650 0.4998
vn 0.8580 -0.1894 0.4774
vn 0.7481 -0.5368 0.3902
vn 0.7481 -0.5367 0.3901
vn 0.2004 0.4322 -0.8792
vn 0.8764 0.4816 0.0040
vn 0.1924 0.4321 0.8810
vn 0.8944 -0.4472 0.0040
vn 1.0000 -0.0000 0.0045
vn 0.8056 0.5925 0.0036
vn 0.8057 0.5924 0.0036
vn 0.8056 0.5924 0.0036
vn 0.8058 0.5922 0.0036
vn 0.8056 0.5924 0.0037
vn 0.8057 0.5924 0.0038
vn 0.8919 0.2757 -0.3584
vn 0.8919 0.2758 -0.3584
vn 0.8886 0.2757 0.3665
vn 0.8887 0.2757 0.3664
vn 0.8886 0.2758 0.3664
vn 0.6195 0.6530 0.4356
vn 0.7056 -0.5033 0.4987
vn 0.6821 -0.5349 0.4986
vn 0.6442 0.6226 0.4442
vn 0.7763 -0.3147 0.5462
vn 0.7684 -0.3461 0.5383
vn 0.8697 0.1336 0.4752
vn 0.8729 0.1025 0.4770
vn 0.8584 -0.1658 0.4855
vn 0.6235 0.6530 -0.4298
vn 0.7101 -0.5033 -0.4923
vn 0.6482 0.6226 -0.4385
vn 0.6866 -0.5349 -0.4924
vn 0.7812 -0.3147 -0.5392
vn 0.8739 0.1336 -0.4673
vn 0.7732 -0.3461 -0.5314
vn 0.8772 0.1025 -0.4690
vn 0.8627 -0.1658 -0.4777
vn 0.7071 -0.7071 0.0032
vn 0.3902 0.1733 -0.9043
vn 0.9612 0.2757 0.0044
vn 0.3189 0.1573 -0.9347
vn 0.9612 0.2758 0.0044
vn 0.3820 0.1733 0.9078
vn 0.3104 0.1573 0.9375
vn 0.6150 0.7885 0.0028
vn -0.6150 0.7885 -0.0028
vn 0.5510 0.8345 0.0025
vn 0.5511 0.8345 0.0025
vn -0.5511 0.8345 -0.0025
vn -0.5510 0.8345 -0.0025
vn 0.6831 0.7303 0.0031
vn -0.6831 0.7303 -0.0031
vn -0.7071 0.7071 -0.0032
vn -0.7191 0.4647 0.5166
vn -0.7491 0.3851 0.5390
vn -0.5045 0.7778 0.3749
vn 0.7491 0.3851 -0.5389
vn 0.5045 0.7778 -0.3748
vn 0.7191 0.4647 -0.5166
vn 0.5011 0.7778 0.3794
vn 0.7144 0.4647 0.5231
vn -0.5011 0.7778 -0.3794
vn -0.7442 0.3851 -0.5457
vn -0.7144 0.4647 -0.5231
vn -0.6371 0.7708 -0.0029
vn 0.6371 0.7708 0.0029
vn 0.7129 0.4975 -0.4942
vn 0.7866 0.2745 -0.5531
vn 0.7816 0.2991 -0.5474
vn 0.7767 0.2991 0.5544
vn 0.7084 0.4975 0.5007
vn -0.7084 0.4975 -0.5007
vn -0.7816 0.2745 -0.5602
vn -0.7307 0.4650 -0.4998
vn -0.7767 0.2991 -0.5544
vn -0.7866 0.2745 0.5531
vn -0.7352 0.4650 0.4932
vn -0.7816 0.2991 0.5474
vn -0.7129 0.4975 0.4943
vn -0.4250 0.9052 -0.0019
vn -0.4251 0.9052 -0.0019
vn 0.4250 0.9052 0.0019
vn 0.4251 0.9052 0.0019
vn -0.3698 0.8780 0.3040
vn -0.6235 0.6531 0.4299
vn -0.6482 0.6226 0.4384
vn -0.6196 0.6531 -0.4355
vn -0.3670 0.8780 -0.3074
vn -0.6442 0.6226 -0.4442
vn 0.6196 0.6531 0.4355
vn 0.3670 0.8780 0.3074
vn 0.3698 0.8780 -0.3040
vn 0.6235 0.6530 -0.4299
vn 0.6482 0.6226 -0.4384
vn 0.2082 0.6038 0.7694
vn 0.5835 0.8121 0.0026
vn 0.3837 0.6941 0.6091
vn 0.2152 0.6038 -0.7675
vn 0.3892 0.6941 -0.6055
vn -0.5835 0.8121 -0.0026
vn -0.2152 0.6038 0.7675
vn -0.3892 0.6941 0.6056
vn -0.2082 0.6038 -0.7694
vn -0.3837 0.6941 -0.6090
vn -0.3545 0.8868 0.2966
vn -0.3518 0.8868 -0.2998
vn 0.3545 0.8868 -0.2966
vn 0.3518 0.8868 0.2998
vn -0.0000 1.0000 -0.0000
vn -0.4433 -0.5817 0.6820
vn -0.0038 -0.5272 0.8497
vn -0.2235 -0.5339 0.8155
vn 0.4371 -0.5817 0.6859
vn -0.0038 -0.5272 0.8498
vn -0.2399 -0.1099 0.9646
vn -0.2399 -0.1100 0.9645
vn 0.2311 -0.1099 0.9667
vn 0.2312 -0.1099 0.9667
vn 0.2312 -0.1100 0.9667
vn 0.1925 0.4322 0.8810
vn 0.8764 0.4815 0.0040
vn 0.4933 0.3786 0.7831
vn -0.2005 0.4322 0.8792
vn -0.5004 0.3786 0.7786
vn -0.8764 0.4816 -0.0040
vn -0.0041 0.4409 0.8975
vn -0.0041 0.4409 0.8976
vn 0.1612 0.0236 0.9866
vn 0.1612 0.0237 0.9866
vn -0.1701 0.0237 0.9851
vn -0.1701 0.0236 0.9851
vn -0.0045 0.0551 0.9985
vn 0.1686 0.0550 0.9841
vn -0.1775 0.0551 0.9826
vn 0.1686 0.0551 0.9841
vn -0.4521 -0.3225 0.8316
vn -0.8944 -0.4472 -0.0041
vn -0.3417 -0.3141 0.8858
vn -0.0043 -0.3231 0.9464
vn -0.0043 -0.3233 0.9463
vn 0.4445 -0.3225 0.8357
vn 0.3337 -0.3141 0.8888
vn -0.0037 0.5835 0.8121
vn 0.2082 0.6038 0.7695
vn 0.3819 0.1733 0.9078
vn -0.0045 0.1491 0.9888
vn -0.3901 0.1733 0.9043
vn -0.3189 0.1573 0.9347
vn -0.4372 -0.5817 -0.6859
vn -0.7264 -0.6873 -0.0033
vn -0.2161 -0.5339 -0.8175
vn -0.4434 -0.5818 0.6819
vn -0.2235 -0.5338 0.8155
vn -0.7244 -0.5840 -0.3663
vn -0.7277 -0.5840 0.3597
vn -0.7277 -0.5840 0.3598
vn -0.7276 -0.5840 0.3598
vn -0.7625 -0.4783 0.4356
vn -0.8374 -0.1260 0.5319
vn -0.8361 -0.1651 0.5232
vn -0.8198 0.0550 0.5699
vn -0.7492 0.3851 0.5389
vn -0.7191 0.4648 0.5166
vn -0.8146 0.0550 -0.5773
vn -0.8313 -0.1652 -0.5307
vn -0.7144 0.4648 -0.5231
vn -0.8325 -0.1260 -0.5394
vn -0.7586 -0.4783 -0.4425
vn -0.7481 -0.5367 -0.3901
vn -0.8580 -0.1894 -0.4774
vn -0.8557 -0.2203 -0.4682
vn -0.7084 0.4974 -0.5007
vn -0.7135 -0.5424 -0.4435
vn -0.7766 0.2991 -0.5544
vn -0.7815 0.2744 -0.5602
vn -0.7059 -0.5584 -0.4358
vn -0.5960 -0.7156 -0.3644
vn -0.7135 -0.5425 -0.4435
vn -0.5960 -0.7155 -0.3644
vn -0.7175 -0.5425 0.4370
vn -0.5993 -0.7155 0.3590
vn -0.7174 -0.5424 0.4371
vn -0.7816 0.2991 0.5473
vn -0.7098 -0.5584 0.4294
vn -0.7866 0.2744 0.5531
vn -0.8599 -0.2203 0.4604
vn -0.7129 0.4974 0.4942
vn -0.8623 -0.1894 0.4696
vn -0.7516 -0.5367 0.3834
vn -0.1925 0.4322 -0.8810
vn -0.2004 0.4322 0.8792
vn -0.8944 -0.4472 -0.0040
vn -1.0000 -0.0000 -0.0045
vn -0.8056 0.5924 -0.0037
vn -0.8057 0.5923 -0.0036
vn -0.8056 0.5924 -0.0036
vn -0.8056 0.5925 -0.0036
vn -0.8057 0.5924 -0.0036
vn -0.8058 0.5922 -0.0036
vn -0.8919 0.2758 0.3584
vn -0.8919 0.2757 0.3584
vn -0.8886 0.2757 -0.3665
vn -0.8886 0.2758 -0.3664
vn -0.6235 0.6530 0.4298
vn -0.6866 -0.5349 0.4924
vn -0.7101 -0.5033 0.4923
vn -0.7812 -0.3147 0.5392
vn -0.8739 0.1336 0.4673
vn -0.7732 -0.3461 0.5314
vn -0.8772 0.1025 0.4690
vn -0.8627 -0.1658 0.4777
vn -0.7056 -0.5033 -0.4987
vn -0.6195 0.6530 -0.4356
vn -0.6821 -0.5349 -0.4986
vn -0.8697 0.1336 -0.4752
vn -0.7763 -0.3147 -0.5462
vn -0.7684 -0.3461 -0.5383
vn -0.8729 0.1025 -0.4770
vn -0.8584 -0.1658 -0.4855
vn -0.7071 -0.7071 -0.0032
vn -0.3104 0.1573 -0.9375
vn -0.9612 0.2758 -0.0044
vn -0.3820 0.1733 -0.9078
vn 0.7516 -0.5368 -0.3834
vn 0.8599 -0.2204 -0.4604
vn 0.5992 -0.7156 -0.3590
vn 0.7098 -0.5585 -0.4294
vn 0.5959 -0.7156 0.3644
vn 0.7058 -0.5585 0.4358
vn 0.7134 -0.5425 0.4435
vn -0.7481 -0.5368 -0.3902
vn -0.8557 -0.2204 -0.4682
vn -0.7134 -0.5425 -0.4435
vn -0.5959 -0.7156 -0.3644
vn -0.7058 -0.5585 -0.4358
vn -0.7098 -0.5585 0.4294
vn -0.5992 -0.7156 0.3590
vn -0.7174 -0.5425 0.4370
vn -0.7516 -0.5368 0.3834
vn -0.8599 -0.2204 0.4604
vn 0.0472 -0.9989 0.0002
vn -0.1976 -0.9803 -0.0009
vn 0.4876 -0.8730 0.0022
vn -0.0000 -1.0000 -0.0000
vn 0.1976 -0.9803 0.0009
vn -0.0472 -0.9989 -0.0002
vn -0.4876 -0.8730 -0.0022
vn -0.7101 -0.5034 0.4923
vn -0.7812 -0.3146 0.5392
vn -0.7056 -0.5034 -0.4987
vn -0.7763 -0.3146 -0.5463
vn -0.6821 -0.5349 -0.4987
vn 0.6820 -0.5349 0.4987
vn 0.7056 -0.5034 0.4987
vn 0.7763 -0.3146 0.5462
vn 0.7812 -0.3146 -0.5392
vn 0.7101 -0.5034 -0.4923
vn 0.6865 -0.5349 -0.4925
vn 0.4566 -0.8897 0.0021
vn -0.4566 -0.8897 -0.0021
vn 0.6371 -0.7708 0.0029
vn -0.6371 -0.7708 -0.0029
vn -0.6624 -0.7492 -0.0030
vn -0.6624 -0.7491 -0.0030
vn 0.6624 -0.7492 0.0030
vn -0.5363 -0.8440 -0.0024
vn -0.5362 -0.8441 -0.0024
vn 0.5363 -0.8440 0.0024
vn 0.5364 -0.8440 0.0024
vn -0.6707 -0.7417 -0.0030
vn 0.6707 -0.7418 0.0030
vn 0.6707 -0.7417 0.0030
vn 0.0038 -0.5272 -0.8497
vn -0.4371 -0.5817 -0.6859
vn 0.4433 -0.5817 -0.6820
vn 0.2235 -0.5339 -0.8155
vn 0.2399 -0.1099 -0.9646
vn 0.2399 -0.1100 -0.9645
vn -0.2311 -0.1099 -0.9667
vn -0.2312 -0.1099 -0.9667
vn -0.2312 -0.1100 -0.9667
vn 0.0041 0.4409 -0.8975
vn 0.0041 0.4409 -0.8976
vn 0.5004 0.3786 -0.7786
vn -0.4933 0.3786 -0.7831
vn -0.8764 0.4815 -0.0040
vn -0.1612 0.0237 -0.9866
vn 0.1701 0.0236 -0.9851
vn 0.1701 0.0237 -0.9851
vn 0.0045 0.0551 -0.9985
vn -0.1686 0.0551 -0.9841
vn 0.1775 0.0550 -0.9826
vn 0.1775 0.0551 -0.9826
vn 0.0043 -0.3233 -0.9463
vn -0.4445 -0.3225 -0.8357
vn -0.3337 -0.3141 -0.8888
vn 0.4521 -0.3225 -0.8316
vn 0.3417 -0.3141 -0.8858
vn 0.8944 -0.4472 0.0041
vn 0.0037 0.5835 -0.8121
vn 0.3892 0.6941 -0.6056
vn -0.3837 0.6941 -0.6091
vn -0.2082 0.6038 -0.7695
vn 0.0045 0.1491 -0.9888
vn 0.3901 0.1733 -0.9043
vn -0.3819 0.1733 -0.9078
vn 0.4983 0.2512 -0.8298
vn 0.9563 0.2924 0.0043
vn 0.4908 0.2512 0.8343
vn 0.4983 -0.2512 -0.8298
vn 0.9563 -0.2924 0.0043
vn 0.4908 -0.2512 0.8343
vn -0.0044 0.2518 0.9678
vn -0.4983 0.2512 0.8298
vn 0.4907 0.2512 0.8343
vn -0.4983 -0.2512 0.8298
vn -0.0044 -0.2591 0.9658
vn 0.4907 -0.2512 0.8343
vn -0.4908 0.2512 -0.8343
vn -0.9563 0.2924 -0.0043
vn -0.4908 -0.2512 -0.8343
vn -0.9563 -0.2924 -0.0043
vn -0.9563 -0.2925 -0.0043
vn -0.4907 0.2512 -0.8343
vn 0.0044 0.2518 -0.9678
vn -0.4907 -0.2512 -0.8343
vn 0.0044 -0.2591 -0.9658
vn 0.0044 -0.2592 -0.9658
vn 0.7265 -0.6871 0.0033
vn 0.7816 -0.6238 0.0035
vn 0.8345 -0.5510 0.0038
vn -0.3233 0.9463 -0.0015
vn 0.3233 0.9463 0.0015
vn -0.2715 0.1966 0.9421
vn -0.2254 0.2291 0.9469
vn -0.3814 0.1100 0.9178
vn -0.1068 0.3075 0.9455
vn 0.0982 0.3075 0.9465
vn 0.2630 0.1965 0.9446
vn 0.2401 0.2129 0.9471
vn 0.3731 0.1100 0.9213
vn 0.2170 0.2291 0.9489
vn -0.4198 -0.3297 0.8456
vn -0.4524 -0.2991 0.8401
vn -0.4198 -0.3296 0.8457
vn -0.3890 -0.3616 0.8473
vn 0.4448 -0.2991 0.8442
vn 0.4121 -0.3296 0.8494
vn 0.3814 -0.3616 0.8508
vn -0.9612 0.2757 -0.0044
vn -0.8345 -0.5511 -0.0038
vn -0.7816 -0.6238 -0.0035
vn -0.7265 -0.6871 -0.0033
vn -0.3731 0.1100 -0.9212
vn -0.2169 0.2291 -0.9489
vn -0.2630 0.1965 -0.9446
vn -0.0982 0.3074 -0.9465
vn 0.2716 0.1965 -0.9421
vn 0.2255 0.2291 -0.9469
vn 0.3814 0.1101 -0.9178
vn 0.1068 0.3075 -0.9455
vn -0.4121 -0.3297 -0.8494
vn -0.4121 -0.3296 -0.8494
vn -0.4448 -0.2991 -0.8442
vn -0.3814 -0.3616 -0.8508
vn 0.4198 -0.3296 -0.8456
vn 0.4198 -0.3296 -0.8457
vn 0.4524 -0.2991 -0.8402
vn 0.3890 -0.3616 -0.8473
vt 4.026100 -59.025002
vt 4.017340 -59.011700
vt 4.019830 -59.027500
vt 4.030570 -59.023201
vt 4.025730 -59.001900
vt 4.002680 -58.973000
vt 4.002680 -58.953201
vt 3.979630 -59.001900
vt 3.988020 -59.011700
vt 3.969430 -59.046799
vt 3.975100 -59.045399
vt 3.972550 -59.046398
vt 3.978970 -59.043900
vt 3.983240 -59.042198
vt 3.972550 -58.998501
vt 3.969430 -59.000000
vt 3.971520 -59.000999
vt 3.974190 -59.002201
vt 3.975100 -58.997299
vt 3.978970 -59.004398
vt 3.978970 -58.995602
vt 3.983240 -58.992599
vt 3.983270 -59.007401
vt 4.019830 -58.992599
vt 4.019800 -59.007401
vt 4.026090 -59.002399
vt 4.026100 -58.997601
vt 4.030570 -59.000000
vt 3.974270 -59.001900
vt 3.997320 -58.973000
vt 3.997320 -58.953201
vt 3.982650 -59.011700
vt 3.969430 -59.023201
vt 3.973900 -59.024899
vt 3.980200 -59.027401
vt 4.030570 -59.046799
vt 4.025810 -59.045700
vt 4.028480 -59.046799
vt 4.011980 -59.011700
vt 4.021030 -59.043800
vt 4.016730 -59.042000
vt 4.020370 -59.001900
vt 58.028301 -7.004410
vt 58.035599 -7.001110
vt 58.034500 -6.998390
vt 58.028301 -6.995580
vt 58.026402 -7.005730
vt 58.024101 -6.992620
vt 57.987400 -6.992620
vt 57.984402 -6.994990
vt 58.023998 -7.007380
vt 57.987400 -7.007380
vt 57.981201 -7.002440
vt 57.981201 -6.997560
vt 57.976700 -7.000000
vt 58.023602 -7.040130
vt 58.023899 -7.027570
vt 58.015800 -7.040930
vt 58.012100 -7.037840
vt 58.014599 -7.041130
vt 58.013901 -7.041060
vt 58.012100 -7.028620
vt 58.019600 -7.007860
vt 58.035599 -7.013070
vt 58.023300 -6.958870
vt 58.018799 -6.960700
vt 58.015598 -6.962020
vt 58.012600 -6.963260
vt 57.974098 -6.989320
vt 57.975899 -6.977940
vt 57.971600 -6.987450
vt 57.971699 -6.979600
vt 57.965500 -6.982050
vt 57.993999 -6.994760
vt 58.005199 -6.987450
vt 57.998901 -6.982460
vt 58.001598 -6.982050
vt 58.007401 -6.989320
vt 58.007401 -7.037840
vt 58.006001 -7.041060
vt 58.026402 -6.978690
vt 58.026600 -6.994360
vt 58.028301 -6.979470
vt 58.023998 -6.977730
vt 58.028599 -6.994760
vt 58.035599 -6.982460
vt 57.964401 -7.013070
vt 57.976101 -7.027570
vt 57.980400 -7.007860
vt 57.976700 -6.958870
vt 57.981201 -6.960650
vt 57.987400 -6.963100
vt 57.986099 -7.023550
vt 57.984001 -7.028270
vt 57.978699 -7.036460
vt 57.976398 -7.040130
vt 58.021400 -6.998130
vt 57.986099 -7.041060
vt 57.984200 -7.040930
vt 57.985401 -7.041130
vt 19.992599 -0.953627
vt 20.005301 -0.957192
vt 19.994699 -0.951771
vt 20.001101 -0.946573
vt 19.998501 -0.946185
vt 19.992599 -0.990134
vt 20.006001 -0.958975
vt 19.993700 -1.005110
vt 19.992599 -1.002260
vt 20.021400 -0.999529
vt 20.020201 -1.001050
vt 20.021799 -1.000280
vt 20.019199 -0.998482
vt 20.022400 -1.000000
vt 20.027700 -1.002260
vt 20.027700 -1.006640
vt 20.029301 -1.005110
vt 19.984200 -1.047790
vt 19.977200 -1.053810
vt 19.978201 -1.053660
vt 19.972300 -1.036990
vt 19.985500 -1.046480
vt 19.986799 -0.971884
vt 20.018200 -0.990134
vt 19.989599 -0.953627
vt 19.994200 -0.992652
vt 20.027000 -1.007290
vt 19.994200 -1.033150
vt 19.986200 -1.045880
vt 19.982500 -0.991596
vt 19.970699 -0.977102
vt 19.983299 -1.028260
vt 19.977600 -0.946525
vt 19.987101 -0.951771
vt 19.978600 -0.946419
vt 19.980801 -0.946185
vt 19.984200 -0.993914
vt 19.986200 -0.992618
vt 19.985500 -0.992713
vt 20.003599 -1.007380
vt 19.985701 -1.007380
vt 19.982599 -1.004740
vt 20.027000 -0.992618
vt 19.978600 -1.001170
vt 19.978201 -0.999287
vt 19.977200 -1.000000
vt 20.014999 -1.007380
vt 20.015900 -1.007380
vt 20.029301 -0.993729
vt 20.027700 -0.992618
vt 20.012100 -0.964862
vt 19.970699 -1.005110
vt 19.984100 -1.018230
vt 20.013100 -0.958975
vt 20.005800 -0.992652
vt 20.013201 -0.971884
vt 19.985001 -1.019100
vt 19.996401 -1.029860
vt 20.005800 -1.033150
vt 20.014299 -1.046730
vt 20.016701 -1.028260
vt 20.017500 -0.991596
vt 20.029301 -0.977102
vt 20.027700 -1.036990
vt 20.017401 -1.049630
vt 20.021400 -1.053250
vt 20.022800 -1.053810
vt 20.014099 -0.957192
vt 20.022400 -0.946525
vt 20.021799 -0.946537
vt 20.020201 -0.946573
vt 30.025900 -29.018600
vt 30.025200 -29.016199
vt 30.018299 -29.017000
vt 30.025999 -29.016199
vt 30.016199 -29.016800
vt 29.974800 -28.975700
vt 30.003000 -29.029699
vt 29.974001 -28.970800
vt 29.980801 -28.973900
vt 29.975700 -28.970301
vt 30.016300 -28.999399
vt 30.018299 -29.004000
vt 30.023701 -29.012400
vt 30.020901 -29.002600
vt 30.018299 -28.994400
vt 30.014500 -29.006599
vt 30.025900 -28.999201
vt 30.016199 -28.993401
vt 30.003000 -29.006599
vt 29.983700 -28.999399
vt 29.981701 -29.004000
vt 29.985500 -29.004299
vt 29.976299 -29.012400
vt 29.979099 -29.022301
vt 29.985500 -29.026800
vt 29.974001 -29.016199
vt 29.974100 -29.018600
vt 30.019199 -28.973900
vt 30.025200 -28.975700
vt 30.024300 -28.970301
vt 30.025999 -28.970800
vt 29.997000 -29.029699
vt 0.032743 -36.999298
vt 0.032258 -37.001202
vt 0.033710 -37.000000
vt 0.026595 -36.993801
vt 0.028216 -37.004799
vt 0.025140 -37.007401
vt 0.007090 -37.007401
vt 0.025233 -36.992599
vt -0.006485 -36.992599
vt -0.005063 -37.007401
vt -0.018525 -36.993801
vt -0.016715 -36.992599
vt -0.016715 -37.007401
vt -0.019681 -36.994598
vt -0.020688 -36.995300
vt -0.022980 -37.003399
vt -0.028096 -37.000000
vt -0.022685 -37.003101
vt -0.026595 -36.994202
vt -0.029751 -37.000999
vt -0.032743 -37.000198
vt -0.025233 -36.992901
vt 0.027607 -36.974602
vt 0.016715 -36.953201
vt 0.016715 -36.979500
vt 0.025233 -36.992901
vt 0.028096 -36.953499
vt 0.038599 -36.983299
vt 0.020688 -36.952000
vt 0.019681 -36.951698
vt 0.018525 -36.951500
vt 0.032251 -37.005402
vt 0.022624 -37.002998
vt 0.025883 -37.009800
vt 0.035081 -37.009201
vt -0.018317 -37.048500
vt 0.018317 -37.048500
vt 0.015137 -37.037201
vt -0.015137 -37.037201
vt 0.030629 -37.019600
vt -0.030629 -37.019600
vt 0.044014 -37.021000
vt -0.044014 -37.021000
vt -0.032251 -37.005402
vt -0.033710 -37.000301
vt 0.006485 -36.962898
vt 0.025140 -36.993301
vt 0.025513 -36.999500
vt 0.028216 -36.996101
vt 0.032258 -36.999802
vt 0.023565 -36.999401
vt -0.023972 -37.005798
vt -0.022624 -37.002998
vt -0.035081 -37.009201
vt -0.038599 -36.983299
vt -0.027607 -36.974602
vt -0.016715 -36.979500
vt -0.016715 -36.961800
vt -0.022980 -36.957298
vt -0.028096 -36.953499
vt 0.022624 -37.002998
vt 0.033710 -37.000301
vt 0.018317 -37.048500
vt -0.018317 -37.048500
vt 0.013434 -37.000702
vt 0.007090 -36.976200
vt -0.005063 -36.964699
vt 36.005901 -5.054030
vt 36.008801 -5.048300
vt 36.000000 -5.048300
vt 36.000000 -5.054030
vt 35.994099 -5.054030
vt 35.991199 -5.048300
vt 36.000000 -5.073360
vt 35.987701 -5.092490
vt 36.000000 -5.100060
vt 35.987701 -5.072390
vt 36.012299 -5.072390
vt 36.012299 -5.092490
vt 36.000000 -5.073050
vt 36.012600 -5.105150
vt 36.007900 -5.072950
vt 36.000000 -5.114930
vt 36.000000 -5.064810
vt 36.007900 -5.064840
vt 36.007900 -5.055970
vt 36.000000 -5.055780
vt 35.992100 -5.072950
vt 35.987400 -5.105150
vt 35.992100 -5.064840
vt 35.992100 -5.055970
vt 35.987999 -4.943300
vt 36.012001 -4.943300
vt 36.012001 -4.936300
vt 35.987999 -4.936300
vt 36.000000 -4.905060
vt 36.013599 -4.892450
vt 36.000000 -4.885070
vt 36.000000 -4.913140
vt 36.013599 -4.902450
vt 36.013599 -4.917450
vt 36.013599 -4.943220
vt 36.013599 -4.929900
vt 36.000000 -4.928200
vt 36.000000 -4.945960
vt 36.000000 -4.960930
vt 36.013599 -4.952820
vt 35.986401 -4.943220
vt 35.986401 -4.952820
vt 35.986401 -4.929900
vt 35.986401 -4.902450
vt 35.986401 -4.917450
vt 35.986401 -4.892450
vt 36.009998 -4.958210
vt 36.000000 -4.948670
vt 36.000000 -4.959970
vt 35.990002 -4.958210
vt 35.985600 -4.931300
vt 36.014400 -4.943300
vt 36.014400 -4.931300
vt 35.985600 -4.943300
vt 35.988800 -4.931170
vt 36.011200 -4.931170
vt 36.011200 -4.922570
vt 35.988800 -4.922570
vt 36.014400 -4.924300
vt 35.987999 -4.930020
vt 36.012001 -4.930020
vt 36.014400 -4.935840
vt 36.012001 -4.935840
vt 35.985600 -4.924300
vt 35.985600 -4.935840
vt 35.987999 -4.935840
vt 36.012299 -5.058880
vt 36.000000 -5.055310
vt 35.987701 -5.058880
vt 36.000000 -4.897840
vt 35.986401 -4.921450
vt 36.000000 -4.925770
vt 35.986401 -4.900450
vt 36.000000 -4.932970
vt 35.986401 -4.931120
vt 35.986401 -4.943670
vt 36.000000 -4.947550
vt 36.013599 -4.921450
vt 36.013599 -4.900450
vt 36.013599 -4.943670
vt 36.013599 -4.931120
vt 35.987999 -4.947300
vt 36.012001 -4.947300
vt 36.008099 -5.041880
vt 36.000000 -5.041880
vt 35.991901 -5.041880
vt 35.972000 -5.014400
vt 35.972000 -4.985600
vt 35.963001 -5.014400
vt 35.963001 -4.985600
vt 36.036999 -5.014400
vt 36.036999 -4.985600
vt 36.028000 -5.014400
vt 36.028000 -4.985600
vt 35.976200 -4.988000
vt 35.976200 -5.012000
vt 35.987999 -5.012000
vt 35.987999 -4.988000
vt 36.023800 -4.988000
vt 36.012001 -5.012000
vt 36.023800 -5.012000
vt 36.012001 -4.988000
vt 35.987999 -4.988810
vt 35.987999 -5.011190
vt 36.000000 -5.011190
vt 36.000000 -4.988810
vt 36.012001 -5.011190
vt 36.012001 -4.988810
vt 35.969101 -4.987240
vt 35.969101 -5.012760
vt 35.974400 -5.012760
vt 35.974400 -4.987240
vt 36.030899 -5.012760
vt 36.030899 -4.987240
vt 36.025600 -5.012760
vt 36.025600 -4.987240
vt 36.026402 -5.000000
vt 36.020802 -4.992110
vt 36.017502 -5.000000
vt 36.012299 -4.993200
vt 35.979198 -5.007890
vt 35.982498 -5.000000
vt 35.973598 -5.000000
vt 35.987701 -5.006800
vt 35.979198 -4.992110
vt 35.987701 -4.993200
vt 36.020802 -5.007890
vt 36.012299 -5.006800
vt 36.000000 -5.012000
vt 36.000000 -4.988000
vt 35.969101 -5.013600
vt 35.961899 -5.000000
vt 35.954102 -5.013600
vt 35.945900 -5.000000
vt 35.954102 -4.986400
vt 35.969101 -4.986400
vt 36.030899 -5.013600
vt 36.045898 -5.013600
vt 36.038101 -5.000000
vt 36.054100 -5.000000
vt 36.045898 -4.986400
vt 36.030899 -4.986400
vt 36.000000 -5.012760
vt 36.000000 -4.987240
vt 35.962101 -4.986400
vt 35.986099 -5.000000
vt 35.978100 -4.986400
vt 35.952702 -5.000000
vt 35.962101 -5.013600
vt 35.978100 -5.013600
vt 36.013901 -5.000000
vt 36.037899 -4.986400
vt 36.021900 -4.986400
vt 36.047298 -5.000000
vt 36.037899 -5.013600
vt 36.021900 -5.013600
vt 35.984501 -4.991920
vt 35.980099 -5.000000
vt 35.986000 -4.992700
vt 35.978001 -5.000000
vt 35.984501 -5.008080
vt 35.986000 -5.007300
vt 36.019901 -5.000000
vt 36.015499 -4.991920
vt 36.014000 -4.992700
vt 36.021999 -5.000000
vt 36.015499 -5.008080
vt 36.014000 -5.007300
vt 36.015701 -5.000000
vt 36.012001 -4.987670
vt 36.000000 -5.000000
vt 36.000000 -4.985360
vt 36.012001 -5.012330
vt 36.000000 -5.014640
vt 35.987999 -5.012330
vt 35.984299 -5.000000
vt 35.987999 -4.987670
vt 36.000000 -4.989110
vt 36.000000 -5.010890
vt 35.986301 -5.054030
vt 35.983200 -5.048300
vt 36.013699 -5.054030
vt 36.016800 -5.048300
vt 35.984100 -5.072390
vt 36.000000 -5.092490
vt 36.000000 -5.086490
vt 36.000000 -5.072390
vt 36.015900 -5.072390
vt 36.015900 -4.958210
vt 36.022099 -4.948670
vt 36.014599 -4.948840
vt 35.984100 -4.958210
vt 35.985401 -4.948840
vt 35.977901 -4.948670
vt 36.000000 -4.954030
vt 36.000000 -4.961770
vt 36.019501 -4.935840
vt 36.036999 -4.931300
vt 36.028000 -4.924300
vt 36.030998 -4.943300
vt 35.980499 -4.935840
vt 35.963001 -4.931300
vt 35.969002 -4.943300
vt 35.972000 -4.924300
vt 36.030899 -4.917450
vt 36.037800 -4.931120
vt 36.045898 -4.929900
vt 36.040298 -4.943220
vt 36.031799 -4.943670
vt 36.031700 -4.952820
vt 36.025902 -4.921450
vt 36.027901 -4.902450
vt 36.021900 -4.900450
vt 36.037899 -4.892450
vt 35.974098 -4.921450
vt 35.972099 -4.902450
vt 35.969101 -4.917450
vt 35.978100 -4.900450
vt 35.962101 -4.892450
vt 35.962200 -4.931120
vt 35.954102 -4.929900
vt 35.959702 -4.943220
vt 35.968201 -4.943670
vt 35.968300 -4.952820
vt 36.030899 -4.942340
vt 36.000000 -4.949100
vt 36.000000 -4.958100
vt 36.025600 -4.936970
vt 35.969101 -4.942340
vt 35.974400 -4.936970
vt 36.012001 -5.058880
vt 36.000000 -5.053960
vt 35.987999 -5.058880
vt 36.012001 -4.922300
vt 36.012001 -4.931300
vt 36.023800 -4.930020
vt 36.000000 -4.932300
vt 36.006001 -4.936300
vt 36.008999 -4.947300
vt 36.013000 -4.943300
vt 36.000000 -4.939300
vt 35.993999 -4.936300
vt 35.991001 -4.947300
vt 35.987000 -4.943300
vt 35.987999 -4.931300
vt 35.987999 -4.922300
vt 35.976200 -4.930020
vt 36.000000 -4.920300
vt 36.012001 -4.931170
vt 36.012001 -4.922570
vt 36.000000 -4.911300
vt 35.987999 -4.922570
vt 35.987999 -4.931170
vt 36.000000 -5.049980
vt 36.000000 -5.105150
vt 36.021801 -5.072950
vt 35.978199 -5.072950
vt 36.019199 -5.064840
vt 35.980801 -5.064840
vt 36.012299 -5.049980
vt 36.020802 -5.055970
vt 35.987701 -5.049980
vt 35.979198 -5.055970
vt 35.985298 -4.966070
vt 35.974098 -4.959970
vt 35.979198 -4.969510
vt 36.000000 -4.969510
vt 36.025902 -4.959970
vt 36.014702 -4.966070
vt 36.020802 -4.969510
vt 36.014000 -5.040350
vt 36.015499 -5.041880
vt 36.000000 -5.040350
vt 35.986000 -5.040350
vt 35.984501 -5.041880
vt 36.035900 -5.000000
vt 36.027901 -5.013600
vt 36.027401 -5.000000
vt 36.040298 -5.013600
vt 36.048302 -5.000000
vt 36.040298 -4.986400
vt 35.964100 -5.000000
vt 35.972099 -5.013600
vt 35.959702 -5.013600
vt 35.972599 -5.000000
vt 35.951698 -5.000000
vt 35.959702 -4.986400
vt 35.972099 -4.986400
vt 35.985298 -5.000000
vt 35.985298 -4.992350
vt 35.979198 -5.000000
vt 35.985298 -5.007650
vt 36.000000 -4.989180
vt 36.000000 -5.010820
vt 36.014702 -4.992350
vt 36.014702 -5.007650
vt 36.014702 -5.000000
vt 36.020802 -5.000000
vt 36.025902 -4.986400
vt 36.018600 -5.000000
vt 36.029598 -5.000000
vt 36.037800 -4.986400
vt 36.025902 -5.013600
vt 36.037800 -5.013600
vt 35.981400 -5.000000
vt 35.974098 -4.986400
vt 35.970402 -5.000000
vt 35.962200 -4.986400
vt 35.974098 -5.013600
vt 35.962200 -5.013600
vt 36.006001 -4.988000
vt 36.006001 -5.012000
vt 35.993999 -5.012000
vt 35.993999 -4.988000
vt 36.008999 -5.012000
vt 36.008999 -4.988000
vt 35.991001 -5.012000
vt 35.991001 -4.988000
vt 36.030998 -5.014400
vt 36.019501 -5.012000
vt 36.019501 -5.014400
vt 36.030998 -4.985600
vt 36.019501 -4.988000
vt 36.019501 -4.985600
vt 35.969002 -5.014400
vt 35.980499 -4.988000
vt 35.969002 -4.985600
vt 35.980499 -4.985600
vt 35.980499 -5.012000
vt 35.980499 -5.014400
vt 60.004398 -22.974701
vt 60.000000 -22.987400
vt 60.007301 -22.987400
vt 60.000000 -22.974701
vt 59.995602 -22.974701
vt 59.992699 -22.987400
vt 60.004398 -23.025299
vt 60.007301 -23.012600
vt 60.000000 -23.012600
vt 60.000000 -23.025299
vt 59.995602 -23.025299
vt 59.992699 -23.012600
vt 60.004398 -23.000000
vt 60.000000 -23.000000
vt 59.995602 -23.000000
vt 60.000000 -23.037901
vt 59.992699 -23.037901
vt 60.007301 -23.037901
vt 60.007301 -22.962099
vt 60.000000 -22.962099
vt 59.992699 -22.962099
vt 59.987801 -22.974701
vt 59.986000 -22.987400
vt 60.012199 -22.974701
vt 60.014000 -22.987400
vt 59.987801 -23.025299
vt 59.986000 -23.012600
vt 60.012199 -23.025299
vt 60.014000 -23.012600
vt 59.987801 -23.000000
vt 60.012199 -23.000000
vt 59.986000 -23.037901
vt 60.014000 -23.037901
vt 59.986000 -22.962099
vt 60.014000 -22.962099
vt 16.015200 -14.990100
vt 15.984800 -14.990100
vt 16.015200 -14.999600
vt 15.984800 -14.999600
vt 16.015200 -15.004900
vt 15.984800 -15.004900
vt 16.015200 -15.012400
vt 15.984800 -15.012400
vt 16.007299 -15.015200
vt 16.007299 -14.984800
vt 16.000000 -15.015200
vt 16.000000 -14.984800
vt 15.992700 -15.015200
vt 15.992700 -14.984800
vt 16.000000 -15.000400
vt 15.992700 -14.990100
vt 15.990000 -14.999600
vt 16.000000 -14.987600
vt 16.003599 -14.995200
vt 16.010000 -14.999600
vt 16.007299 -14.990100
vt 15.995000 -15.004900
vt 16.000000 -15.012400
vt 16.004999 -15.004900
s 1
usemtl Meshpart1Mtl
f 1/1/1 2/2/2 3/3/3
f 4/4/1 2/2/2 1/1/1
f 2/2/2 4/4/1 5/5/4
f 5/5/4 6/6/5 2/2/2
f 5/5/4 7/7/5 6/6/5
f 8/8/6 9/6/7 10/7/7
f 9/6/7 8/8/6 11/9/8
f 8/8/6 12/10/9 11/9/8
f 12/10/9 13/11/10 11/9/8
f 13/11/10 12/10/9 14/12/10
f 15/13/10 11/9/8 13/11/10
f 16/14/11 11/9/8 15/13/10
f 17/6/12 18/9/12 19/2/12
f 18/9/12 20/3/12 19/2/12
f 20/3/12 18/9/12 21/14/12
f 22/15/13 23/16/14 24/17/15
f 25/18/16 22/15/13 24/17/15
f 25/18/16 26/19/16 22/15/13
f 27/20/17 26/19/16 25/18/16
f 26/19/16 27/20/17 28/21/16
f 27/20/17 29/22/16 28/21/16
f 29/22/16 27/20/17 30/23/16
f 29/22/16 30/23/16 31/24/16
f 32/25/16 31/24/16 30/23/16
f 33/26/17 31/24/16 32/25/16
f 31/24/16 33/26/17 34/27/16
f 34/27/16 33/26/17 35/28/16
f 36/29/18 37/30/19 38/31/19
f 37/30/19 36/29/18 39/32/20
f 36/29/18 40/33/21 39/32/20
f 41/34/21 39/32/20 40/33/21
f 42/35/22 39/32/20 41/34/21
f 43/36/23 44/37/23 45/38/23
f 43/36/23 46/39/24 44/37/23
f 46/39/24 47/40/23 44/37/23
f 47/40/23 46/39/24 48/41/23
f 46/39/24 43/36/23 49/42/25
f 50/30/26 46/39/24 49/42/25
f 49/42/25 51/31/26 50/30/26
f 52/35/27 53/39/27 54/32/27
f 53/39/27 55/30/27 54/32/27
f 53/39/27 52/35/27 56/41/27
f 59/43/28 57/44/29 58/45/30
f 60/46/28 59/43/28 58/45/30
f 60/46/28 61/47/31 59/43/28
f 62/48/32 61/47/31 60/46/28
f 61/47/31 62/48/32 63/49/31
f 61/47/31 63/49/31 64/50/33
f 64/50/33 65/51/33 61/47/31
f 64/50/33 66/52/34 65/51/33
f 64/50/33 67/53/33 66/52/34
f 67/53/33 64/50/33 68/54/33
f 67/53/33 68/54/33 69/55/33
f 70/56/35 71/57/36 72/58/35
f 73/59/35 72/58/35 71/57/36
f 72/58/35 73/59/35 74/60/35
f 74/60/35 73/59/35 75/61/37
f 73/59/35 71/57/36 76/62/38
f 71/57/36 77/63/39 76/62/38
f 77/63/39 71/57/36 78/64/40
f 79/65/41 77/63/39 78/64/40
f 77/63/39 79/65/41 80/66/42
f 80/66/42 81/67/42 77/63/39
f 82/68/42 77/63/39 81/67/42
f 83/69/43 84/70/44 85/71/45
f 85/71/45 84/70/44 86/72/45
f 85/71/45 86/72/45 87/73/45
f 83/69/43 88/68/12 84/70/44
f 89/63/12 88/68/12 83/69/43
f 83/69/43 90/62/12 89/63/12
f 83/69/43 91/59/12 90/62/12
f 92/74/46 93/75/47 94/76/48
f 95/77/49 94/76/48 93/75/47
f 93/75/47 92/74/46 96/78/47
f 92/74/46 97/79/50 96/78/47
f 97/79/50 92/74/46 98/80/51
f 99/81/52 100/82/52 101/83/52
f 102/84/52 100/82/52 99/81/52
f 101/83/52 100/82/52 103/85/52
f 103/85/52 104/86/52 101/83/52
f 105/87/53 106/88/54 107/89/55
f 108/90/56 105/87/53 107/89/55
f 108/90/56 107/89/55 109/91/56
f 107/89/55 110/92/57 109/91/56
f 106/88/54 111/93/58 107/89/55
f 111/93/58 106/88/54 112/94/59
f 112/94/59 106/88/54 113/95/60
f 106/88/54 114/96/60 113/95/60
f 115/97/27 116/84/27 117/92/27
f 116/84/27 115/97/27 118/82/27
f 119/89/27 115/97/27 117/92/27
f 115/97/27 119/89/27 120/93/27
f 123/97/61 121/85/46 124/82/61
f 122/98/51 121/85/46 123/97/61
f 125/93/62 122/98/51 123/97/61
f 122/98/51 125/93/62 126/94/63
f 122/98/51 126/94/63 127/99/63
f 122/98/51 127/99/63 128/100/63
f 127/99/63 126/94/63 129/95/61
f 129/95/61 130/96/62 127/99/63
f 131/101/64 132/102/64 133/103/64
f 134/104/64 133/103/64 132/102/64
f 133/103/64 134/104/64 135/105/64
f 132/102/64 131/101/64 136/106/65
f 136/106/65 137/107/65 132/102/64
f 137/107/65 136/106/65 138/108/64
f 138/108/64 136/106/65 139/109/65
f 140/110/66 141/111/66 142/112/66
f 143/113/66 141/111/66 140/110/66
f 140/110/66 142/112/66 144/114/66
f 145/115/67 146/116/67 147/117/67
f 148/118/68 149/119/69 150/120/69
f 151/121/68 149/119/69 148/118/68
f 151/121/68 148/118/68 152/122/68
f 153/123/12 154/124/12 155/125/12
f 156/126/12 154/124/12 153/123/12
f 157/127/12 154/124/12 156/126/12
f 154/124/12 157/127/12 158/115/12
f 158/115/12 157/127/12 159/116/12
f 160/128/12 157/127/12 156/126/12
f 161/129/12 157/127/12 160/128/12
f 162/126/70 163/123/71 164/130/72
f 164/130/72 163/123/71 165/131/73
f 166/132/74 162/126/70 164/130/72
f 162/126/70 166/132/74 167/128/75
f 166/132/74 168/129/76 167/128/75
f 166/132/74 169/121/77 168/129/76
f 168/129/76 169/121/77 170/122/78
f 163/123/71 171/133/79 165/131/73
f 163/123/71 172/134/79 171/133/79
f 172/134/79 163/123/71 173/125/79
f 172/134/79 174/135/79 171/133/79
f 174/135/79 172/134/79 175/136/79
f 176/137/80 177/138/81 178/139/82
f 177/138/81 176/137/80 179/140/82
f 179/140/82 176/137/80 180/141/82
f 176/137/80 181/142/82 180/141/82
f 177/138/81 179/140/82 182/143/82
f 181/142/82 176/137/80 183/144/83
f 183/144/83 176/137/80 184/145/84
f 184/145/84 185/146/85 183/144/83
f 182/143/82 179/140/82 186/147/82
f 182/143/82 186/147/82 187/148/82
f 188/149/82 182/143/82 187/148/82
f 182/143/82 188/149/82 189/150/82
f 190/151/86 191/152/86 192/153/87
f 191/152/86 190/151/86 193/154/86
f 194/151/27 195/155/27 196/156/27
f 195/155/27 194/151/27 197/153/27
f 198/157/27 195/155/27 197/153/27
f 199/158/27 195/155/27 198/157/27
f 195/155/27 199/158/27 200/159/27
f 200/159/27 199/158/27 201/160/27
f 202/155/88 203/161/89 204/162/90
f 202/155/88 205/159/91 203/161/89
f 204/162/90 206/156/92 202/155/88
f 207/160/93 203/161/89 205/159/91
f 206/156/92 204/162/90 208/163/94
f 203/161/89 207/160/93 209/164/95
f 210/165/96 209/164/95 207/160/93
f 211/166/96 209/164/95 210/165/96
f 212/167/97 209/164/95 211/166/96
f 208/163/94 213/151/98 206/156/92
f 214/168/98 213/151/98 208/163/94
f 213/151/98 214/168/98 215/154/98
f 214/168/98 208/163/94 216/169/98
f 214/168/98 216/169/98 217/170/98
f 214/168/98 217/170/98 218/171/98
f 219/172/35 220/173/35 221/174/35
f 220/173/35 219/172/35 222/175/35
f 223/176/99 224/174/99 225/173/99
f 228/177/100 227/178/101 226/176/102
f 229/179/103 228/177/100 226/176/102
f 229/179/103 230/180/104 231/181/105
f 229/179/103 226/176/102 230/180/104
f 226/176/102 232/182/99 230/180/104
f 232/182/99 226/176/102 233/183/99
f 226/176/102 234/184/99 233/183/99
f 234/184/99 226/176/102 235/173/99
f 234/184/99 235/173/99 236/175/99
f 237/185/106 238/186/106 239/187/106
f 240/188/106 238/186/106 237/185/106
f 241/189/102 239/187/106 238/186/106
f 239/187/106 241/189/102 242/190/101
f 243/191/107 244/192/108 245/193/109
f 246/194/110 245/193/109 244/192/108
f 247/195/110 245/193/109 246/194/110
f 245/193/109 247/195/110 248/196/110
f 249/197/110 247/195/110 246/194/110
f 247/195/110 249/197/110 250/198/111
f 251/199/27 252/191/27 253/193/27
f 253/193/27 254/200/112 251/199/27
f 251/199/27 254/200/112 255/201/113
f 254/200/112 256/202/114 255/201/113
f 254/200/112 253/193/27 257/203/115
f 257/203/115 253/193/27 258/196/27
f 259/204/116 260/205/117 261/206/118
f 262/207/119 260/205/117 259/204/116
f 260/205/117 262/207/119 263/208/119
f 263/208/119 262/207/119 264/209/120
f 262/207/119 265/210/119 264/209/120
f 266/211/119 265/210/119 262/207/119
f 267/212/119 265/210/119 266/211/119
f 265/210/119 267/212/119 268/213/121
f 267/212/119 269/214/122 268/213/121
f 269/214/122 267/212/119 270/215/123
f 269/214/122 271/216/124 268/213/121
f 271/216/124 269/214/122 272/217/124
f 273/218/125 271/216/124 272/217/124
f 271/216/124 273/218/125 274/219/124
f 275/220/124 274/219/124 273/218/125
f 276/221/126 277/222/126 278/223/127
f 277/222/126 279/224/126 278/223/127
f 277/222/126 276/221/126 280/225/126
f 281/226/128 282/227/129 283/228/130
f 281/226/128 283/228/130 284/229/131
f 282/227/129 281/226/128 285/230/129
f 286/231/132 281/226/128 284/229/131
f 282/227/129 285/230/129 287/232/129
f 288/233/129 282/227/129 287/232/129
f 282/227/129 288/233/129 289/234/133
f 284/229/131 290/235/134 286/231/132
f 290/235/134 284/229/131 291/236/135
f 292/237/136 290/235/134 291/236/135
f 290/235/134 292/237/136 293/238/136
f 294/239/137 295/240/138 296/241/139
f 294/239/137 296/241/139 297/242/140
f 295/240/138 298/243/141 296/241/139
f 299/244/142 294/239/137 297/242/140
f 298/243/141 295/240/138 300/245/143
f 301/238/144 298/243/141 300/245/143
f 298/243/141 301/238/144 302/237/144
f 303/246/145 294/239/137 299/244/142
f 299/244/142 304/247/146 303/246/145
f 304/247/146 299/244/142 305/221/147
f 306/223/148 304/247/146 305/221/147
f 304/247/146 306/223/148 307/224/127
f 307/224/127 308/248/126 304/247/146
f 309/242/149 310/221/150 311/244/151
f 312/241/152 310/221/150 309/242/149
f 310/221/150 312/241/152 313/237/153
f 313/237/153 312/241/152 314/243/12
f 315/236/153 316/221/12 317/237/154
f 318/228/153 316/221/12 315/236/153
f 315/236/153 319/229/12 318/228/153
f 316/221/12 318/228/153 320/225/12
f 320/225/12 318/228/153 321/249/12
f 318/228/153 322/227/12 321/249/12
f 323/250/155 324/251/155 325/252/155
f 324/251/155 326/253/155 325/252/155
f 324/251/155 323/250/155 327/254/156
f 328/247/157 329/255/158 330/256/159
f 329/255/158 328/247/157 331/257/160
f 332/225/161 328/247/157 330/256/159
f 333/258/162 328/247/157 332/225/161
f 332/225/161 334/259/163 333/258/162
f 334/259/163 332/225/161 335/260/164
f 336/261/165 334/259/163 335/260/164
f 334/259/163 336/261/165 337/262/166
f 338/263/165 334/259/163 337/262/166
f 339/235/167 340/251/168 341/264/169
f 341/264/169 340/251/168 342/254/170
f 340/251/168 339/235/167 343/253/171
f 343/253/171 339/235/167 344/265/171
f 341/264/169 345/243/172 339/235/167
f 339/235/167 345/243/172 346/245/173
f 345/243/172 347/266/174 346/245/173
f 347/266/174 345/243/172 348/241/175
f 349/242/176 347/266/174 348/241/175
f 347/266/174 349/242/176 350/267/177
f 351/244/178 350/267/177 349/242/176
f 352/246/179 350/267/177 351/244/178
f 351/244/178 353/257/180 352/246/179
f 353/257/180 351/244/178 354/255/181
f 355/242/27 356/255/27 357/244/27
f 356/255/27 355/242/27 358/268/27
f 359/241/27 358/268/27 355/242/27
f 360/243/27 358/268/27 359/241/27
f 358/268/27 360/243/27 361/264/27
f 358/268/27 361/264/27 362/254/27
f 356/255/27 362/254/27 363/256/27
f 364/269/27 363/256/27 362/254/27
f 364/269/27 362/254/27 365/250/27
f 363/256/27 364/269/27 366/260/27
f 363/256/27 366/260/27 367/225/27
f 368/270/27 366/260/27 364/269/27
f 366/260/27 368/270/27 369/261/27
usemtl Meshpart6Mtl
f 370/271/182 371/272/183 372/273/184
f 370/271/182 372/273/184 373/274/184
f 372/273/184 374/275/185 373/274/184
f 374/275/185 372/273/184 375/276/186
f 376/277/187 377/278/188 378/279/187
f 377/278/188 376/277/187 379/280/187
f 380/281/189 381/277/190 382/282/190
f 382/282/190 381/277/190 383/279/190
f 384/283/191 385/284/192 386/285/193
f 385/284/192 384/283/191 387/286/192
f 386/285/193 388/287/194 384/283/191
f 389/288/194 388/287/194 386/285/193
f 390/289/195 388/287/194 389/288/194
f 388/287/194 390/289/195 391/290/196
f 392/287/197 393/291/198 394/283/199
f 395/292/200 394/283/199 393/291/198
f 396/286/200 394/283/199 395/292/200
f 393/291/198 392/287/197 397/293/197
f 392/287/197 398/294/201 397/293/197
f 399/290/202 398/294/201 392/287/197
f 400/295/203 401/296/203 402/297/203
f 402/297/203 403/298/203 400/295/203
f 404/299/204 405/300/205 406/301/205
f 408/302/206 407/303/207 404/299/204
f 407/303/207 408/302/206 409/304/208
f 412/305/209 410/306/210 411/307/211
f 411/307/211 413/308/212 412/305/209
f 412/305/213 414/309/214 415/310/214
f 416/309/215 418/311/216 419/312/217
f 420/307/218 418/311/219 417/308/220
f 418/311/219 420/307/218 421/313/221
f 424/314/222 423/315/223 422/302/224
f 424/314/222 422/302/224 425/299/225
f 425/299/225 426/316/226 424/314/222
f 425/299/225 427/301/227 426/316/226
f 428/317/228 429/318/229 430/319/229
f 429/318/229 431/320/230 430/319/229
f 432/321/231 433/322/231 434/323/231
f 433/322/231 432/321/231 435/324/231
f 436/325/232 437/326/232 438/327/232
f 438/327/232 439/328/232 436/325/232
f 440/329/233 441/330/234 442/331/235
f 442/331/235 443/332/235 440/329/233
f 443/332/235 442/331/235 444/333/236
f 441/330/234 440/329/233 445/334/237
f 446/335/238 441/330/234 445/334/237
f 441/330/234 446/335/238 447/336/236
f 448/337/239 449/277/239 450/281/239
f 449/277/239 448/337/239 451/338/240
f 452/277/241 453/339/242 454/280/243
f 453/339/242 452/277/241 455/338/243
f 459/340/244 457/341/245 456/342/246
f 457/341/245 459/340/244 461/343/247
f 458/344/248 460/345/249 462/346/250
f 463/347/251 458/344/248 462/346/250
f 463/347/251 462/346/250 464/312/252
f 464/312/252 465/309/252 463/347/251
f 466/340/253 467/348/254 468/349/255
f 467/348/254 466/340/253 469/342/256
f 470/344/257 472/350/258 471/351/259
f 472/350/258 470/344/257 473/347/260
f 473/347/260 474/310/261 472/350/258
f 474/310/261 473/347/260 475/309/261
f 476/352/262 477/353/262 478/296/262
f 478/296/262 479/295/262 476/352/262
f 480/354/263 481/273/264 482/272/265
f 481/273/264 480/354/263 483/355/266
f 481/273/264 483/355/266 484/356/267
f 481/273/264 484/356/267 485/276/268
f 486/357/269 487/358/269 488/359/269
f 488/359/269 487/358/269 489/360/269
f 490/361/270 491/362/270 492/363/270
f 492/363/270 491/362/270 493/364/270
f 494/365/271 495/366/272 496/367/271
f 496/367/271 497/368/272 494/365/271
f 498/369/273 499/370/273 500/371/274
f 499/370/273 498/369/273 501/372/274
f 502/373/275 503/374/275 504/375/275
f 504/375/275 505/376/275 502/373/275
f 506/377/276 507/376/276 508/375/276
f 507/376/276 506/377/276 509/378/276
f 510/379/203 511/380/203 512/381/203
f 512/381/203 513/382/203 510/379/203
f 514/383/277 515/384/277 516/385/277
f 516/385/277 515/384/277 517/386/277
f 519/387/278 518/388/279 520/389/280
f 518/388/279 521/390/280 520/389/280
f 522/391/281 524/392/282 523/393/283
f 524/392/282 522/391/281 525/394/282
f 528/392/284 526/395/201 527/393/285
f 526/395/201 528/392/284 529/396/284
f 532/389/286 530/397/287 531/387/288
f 530/397/287 532/389/286 533/398/286
f 534/399/289 535/368/289 536/367/289
f 535/368/289 534/399/289 537/400/289
f 538/370/290 539/372/290 540/399/290
f 540/399/290 539/372/290 541/400/290
f 543/401/291 542/402/206 544/403/292
f 542/402/206 545/404/293 544/403/292
f 548/402/224 547/405/221 546/404/294
f 547/405/221 548/402/224 549/406/295
f 551/407/296 552/408/297 550/409/298
f 550/409/298 552/408/297 553/410/299
f 555/411/300 556/409/301 554/410/302
f 556/409/301 555/411/300 557/412/303
f 558/381/304 559/413/305 560/382/304
f 559/413/305 561/414/305 560/382/304
f 562/385/306 563/386/306 564/413/306
f 564/413/306 563/386/306 565/414/307
f 568/415/308 566/416/309 567/417/310
f 566/416/309 568/415/308 569/418/308
f 570/416/311 572/419/312 571/420/313
f 570/416/311 573/418/312 572/419/312
f 574/421/314 576/422/315 575/423/247
f 576/422/315 574/421/314 577/424/315
f 580/425/316 578/421/317 579/426/318
f 578/421/317 580/425/316 581/424/316
f 582/427/319 583/428/320 584/429/321
f 583/428/320 582/427/319 585/430/320
f 585/430/320 586/431/322 583/428/320
f 587/432/323 583/428/320 586/431/322
f 590/433/324 589/434/325 588/435/326
f 592/436/324 589/434/325 590/433/324
f 590/433/324 593/437/327 592/436/324
f 593/437/327 590/433/324 591/438/328
f 594/439/329 595/440/329 596/441/329
f 596/441/329 595/440/329 597/442/329
f 598/443/330 599/441/330 600/444/330
f 599/441/330 598/443/330 601/439/330
f 602/444/331 603/441/331 604/445/331
f 604/445/331 603/441/331 605/446/331
f 606/441/332 607/447/332 608/446/332
f 607/447/332 606/441/332 609/442/332
f 610/394/333 611/396/333 612/392/333
f 610/394/333 613/448/333 611/396/333
f 614/449/333 613/448/333 610/394/333
f 613/448/333 614/449/333 615/398/333
f 615/398/333 616/390/333 613/448/333
f 616/390/333 615/398/333 617/389/333
f 618/450/334 622/273/335 620/451/336
f 622/273/335 619/452/337 621/453/186
f 622/273/335 618/450/334 623/274/338
f 619/452/337 622/273/335 623/274/338
f 624/454/339 625/455/340 626/456/339
f 626/456/339 627/457/339 624/454/339
f 628/458/341 629/456/342 630/455/343
f 629/456/342 628/458/341 631/457/341
f 634/459/344 632/460/345 636/461/346
f 635/462/347 637/463/348 633/464/349
f 636/461/346 638/465/350 634/459/344
f 635/462/347 638/465/350 637/463/348
f 639/466/351 634/459/344 638/465/350
f 638/465/350 635/462/347 639/466/351
f 640/467/12 641/468/12 642/469/12
f 641/468/12 640/467/12 643/470/12
f 644/471/12 645/472/12 646/473/12
f 645/472/12 644/471/12 647/474/12
f 648/475/12 649/476/12 650/477/12
f 649/476/12 651/478/12 650/477/12
f 649/476/12 652/479/12 651/478/12
f 653/480/12 651/478/12 652/479/12
f 649/476/12 648/475/12 654/481/12
f 655/482/12 654/481/12 648/475/12
f 654/481/12 655/482/12 656/483/12
f 655/482/12 657/484/12 656/483/12
f 658/485/12 659/486/12 660/487/12
f 659/486/12 658/485/12 661/488/12
f 661/488/12 662/489/12 659/486/12
f 663/490/12 658/485/12 660/487/12
f 660/487/12 664/491/12 663/490/12
f 665/492/12 663/490/12 664/491/12
f 663/490/12 665/492/12 666/493/12
f 665/492/12 667/494/12 666/493/12
f 668/495/12 669/496/12 670/497/12
f 669/496/12 668/495/12 671/498/12
f 669/496/12 672/499/12 670/497/12
f 672/499/12 669/496/12 673/500/12
f 674/501/352 675/457/353 676/458/353
f 675/457/353 674/501/352 677/502/353
f 678/457/354 679/503/355 680/454/354
f 679/503/355 678/457/354 681/502/354
f 682/504/12 683/505/12 684/506/12
f 683/505/12 685/467/12 684/506/12
f 686/507/12 683/505/12 682/504/12
f 683/505/12 686/507/12 687/508/12
f 687/508/12 688/509/12 689/510/12
f 688/509/12 687/508/12 690/511/12
f 686/507/12 690/511/12 687/508/12
f 690/511/12 686/507/12 691/512/12
f 691/512/12 692/513/12 690/511/12
f 691/512/12 693/514/12 692/513/12
f 686/507/12 694/515/12 691/512/12
f 694/515/12 686/507/12 695/516/12
f 696/517/12 694/515/12 695/516/12
f 694/515/12 696/517/12 697/471/12
f 698/518/12 699/519/12 700/520/12
f 700/520/12 701/521/12 698/518/12
f 701/521/12 702/522/12 698/518/12
f 703/523/12 698/518/12 702/522/12
f 704/524/356 705/525/356 706/526/357
f 704/524/356 707/527/358 705/525/356
f 704/524/356 706/526/357 708/528/359
f 707/527/358 704/524/356 709/529/358
f 708/528/359 710/530/359 704/524/356
f 710/530/359 708/528/359 711/531/359
f 712/532/358 709/529/358 704/524/356
f 709/529/358 712/532/358 713/533/358
f 716/534/360 714/535/361 715/536/361
f 716/534/360 717/462/362 714/535/361
f 716/534/360 719/466/363 717/462/362
f 719/466/363 716/534/360 721/537/364
f 718/538/231 722/539/365 720/540/231
f 721/537/364 722/539/365 719/466/363
f 722/539/365 718/538/231 723/459/366
f 723/459/366 719/466/363 722/539/365
f 725/541/321 726/355/367 724/542/368
f 726/355/367 725/541/321 727/543/367
f 728/544/326 726/355/367 727/543/367
f 729/545/325 726/355/367 728/544/326
f 730/542/369 732/273/370 731/453/268
f 732/273/370 730/542/369 733/355/370
f 734/545/371 732/273/370 733/355/370
f 732/273/370 734/545/371 735/451/372
f 736/275/373 738/273/374 737/276/375
f 738/273/374 736/275/373 739/274/374
f 739/274/374 740/271/376 738/273/374
f 741/272/377 738/273/374 740/271/376
f 742/278/378 743/277/378 744/280/378
f 743/277/378 742/278/378 745/279/378
f 746/277/379 747/279/380 748/282/381
f 746/277/379 748/282/381 749/281/379
f 750/284/382 751/283/383 752/286/382
f 751/283/383 750/284/382 753/285/384
f 754/287/385 751/283/383 753/285/384
f 754/287/385 753/285/384 755/288/385
f 756/289/386 754/287/385 755/288/385
f 754/287/385 756/289/386 757/290/387
f 758/294/287 759/293/388 760/287/388
f 761/291/389 760/287/388 759/293/388
f 758/294/287 760/287/388 762/290/390
f 760/287/388 761/291/389 763/283/391
f 761/291/389 764/292/392 763/283/391
f 765/286/392 763/283/391 764/292/392
f 766/295/277 767/296/277 768/298/277
f 768/298/277 767/296/277 769/297/277
f 771/316/393 770/299/394 773/301/393
f 772/314/395 774/302/298 770/299/394
f 774/302/298 772/314/395 775/315/396
f 778/311/397 777/307/398 776/313/399
f 777/307/398 778/311/397 779/308/400
f 780/309/401 778/311/402 781/312/403
f 784/305/404 783/309/405 785/310/405
f 784/305/406 786/307/407 782/308/408
f 786/307/407 784/305/406 787/306/409
f 790/303/410 788/302/301 789/304/411
f 788/302/301 790/303/410 791/299/412
f 793/301/413 791/299/412 792/300/413
f 795/318/349 794/320/414 796/319/349
f 796/319/349 797/317/415 795/318/349
f 798/324/416 799/323/416 800/321/416
f 799/323/416 798/324/416 801/322/416
f 802/326/417 803/328/417 804/325/417
f 803/328/417 802/326/417 805/327/417
f 806/330/418 807/335/418 808/336/419
f 807/335/418 806/330/418 809/334/420
f 806/330/418 810/329/421 809/334/420
f 810/329/421 806/330/418 811/331/420
f 811/331/420 812/332/422 810/329/421
f 812/332/422 811/331/420 813/333/423
f 814/338/424 815/277/425 816/337/425
f 815/277/425 817/281/425 816/337/425
f 818/277/426 819/339/427 820/280/426
f 819/339/427 818/277/426 821/338/427
f 825/340/428 823/342/429 822/348/430
f 825/340/428 822/348/430 827/349/310
f 824/344/431 828/350/432 826/351/433
f 829/347/434 828/350/432 824/344/431
f 829/347/434 830/310/435 828/350/432
f 831/309/435 830/310/435 829/347/434
f 832/341/436 833/340/437 834/343/313
f 833/340/437 832/341/436 835/342/438
f 838/346/439 836/344/440 837/345/441
f 836/344/440 838/346/439 839/347/442
f 840/312/443 839/347/442 838/346/439
f 839/347/442 840/312/443 841/309/443
f 842/352/444 843/353/444 844/295/444
f 844/295/444 843/353/444 845/296/444
f 847/276/445 848/273/446 846/356/447
f 846/356/447 848/273/446 849/355/446
f 848/273/446 850/354/371 849/355/446
f 850/354/371 848/273/446 851/272/372
f 853/425/448 852/546/204 854/547/449
f 857/548/450 855/549/213 856/550/451
f 858/548/452 859/550/453 860/551/454
f 861/552/394 862/419/455 863/553/456
f 864/554/457 866/555/458 865/556/459
f 867/556/460 868/555/461 869/557/462
f 872/415/463 871/552/412 870/558/464
f 873/559/465 874/560/466 875/561/467
f 876/562/466 873/559/465 875/561/467
f 877/441/468 874/560/466 873/559/465
f 876/562/466 877/441/468 873/559/465
f 874/560/466 877/441/468 878/563/468
f 876/562/466 879/564/468 877/441/468
f 877/441/468 880/565/469 878/563/468
f 881/566/469 877/441/468 879/564/468
f 877/441/468 882/567/470 880/565/469
f 877/441/468 881/566/469 882/567/470
f 883/568/471 880/565/469 882/567/470
f 881/566/469 883/568/471 882/567/470
f 884/569/472 885/570/429 886/571/473
f 886/571/473 887/572/433 884/569/472
f 888/573/474 890/571/475 889/570/476
f 890/571/475 888/573/474 891/574/441
f 892/575/477 893/576/478 894/577/479
f 894/577/479 893/576/478 895/578/249
f 898/577/480 896/579/481 897/575/482
f 896/579/481 898/577/480 899/580/259
f 900/383/483 901/384/483 902/413/483
f 902/413/483 901/384/483 903/414/483
f 904/380/484 905/413/484 906/379/484
f 905/413/484 907/414/484 906/379/484
f 908/581/485 909/582/485 910/370/485
f 910/370/485 911/372/485 908/581/485
f 912/583/486 913/584/486 914/367/486
f 914/367/486 913/584/486 915/368/486
f 916/400/487 917/399/488 918/585/488
f 918/585/488 919/586/487 916/400/487
f 920/399/489 921/400/489 922/587/489
f 922/587/489 921/400/489 923/588/489
f 924/589/490 925/590/491 926/591/490
f 927/592/490 925/590/491 924/589/490
f 925/590/491 927/592/490 928/593/491
f 928/593/491 927/592/490 929/594/490
f 925/590/491 928/593/491 930/372/490
f 931/370/490 925/590/491 930/372/490
f 932/595/492 933/596/493 934/597/492
f 933/596/493 935/598/492 934/597/492
f 933/596/493 932/595/492 936/599/493
f 936/599/493 932/595/492 937/600/492
f 936/599/493 938/368/492 933/596/493
f 936/599/493 939/367/492 938/368/492
f 940/377/494 941/378/494 942/375/468
f 942/375/468 941/378/494 943/376/468
f 943/376/468 944/374/495 942/375/468
f 944/374/495 943/376/468 945/373/496
f 946/274/497 947/452/498 948/273/497
f 948/273/497 949/450/499 946/274/497
f 950/453/375 948/273/497 947/452/498
f 949/450/499 948/273/497 951/451/500
f 952/454/501 953/456/501 954/457/501
f 952/454/501 955/455/502 953/456/501
f 956/458/503 957/456/504 958/455/505
f 957/456/504 956/458/503 959/457/503
f 960/465/506 961/462/228 962/466/507
f 963/459/414 960/465/506 962/466/507
f 961/462/228 960/465/506 964/463/508
f 960/465/506 963/459/414 965/461/509
f 966/464/229 961/462/228 964/463/508
f 963/459/414 967/460/510 965/461/509
f 968/473/27 969/471/27 970/472/27
f 970/472/27 969/471/27 971/474/27
f 972/470/27 973/468/27 974/467/27
f 973/468/27 975/469/27 974/467/27
f 976/487/27 977/491/27 978/490/27
f 977/491/27 979/492/27 978/490/27
f 979/492/27 980/493/27 978/490/27
f 980/493/27 979/492/27 981/494/27
f 976/487/27 978/490/27 982/485/27
f 982/485/27 983/486/27 976/487/27
f 983/486/27 982/485/27 984/488/27
f 984/488/27 985/489/27 983/486/27
f 986/478/27 987/479/27 988/480/27
f 987/479/27 986/478/27 989/476/27
f 986/478/27 990/477/27 989/476/27
f 991/475/27 989/476/27 990/477/27
f 992/481/27 989/476/27 991/475/27
f 993/482/27 992/481/27 991/475/27
f 992/481/27 993/482/27 994/483/27
f 995/484/27 994/483/27 993/482/27
f 996/499/27 997/497/27 998/496/27
f 998/496/27 999/500/27 996/499/27
f 997/497/27 1000/495/27 998/496/27
f 998/496/27 1000/495/27 1001/498/27
f 1002/501/511 1003/502/511 1004/457/511
f 1004/457/511 1005/458/511 1002/501/511
f 1006/503/512 1007/457/513 1008/502/513
f 1007/457/513 1006/503/512 1009/454/513
f 1010/517/27 1011/515/27 1012/516/27
f 1011/515/27 1010/517/27 1013/471/27
f 1014/507/27 1012/516/27 1011/515/27
f 1015/512/27 1014/507/27 1011/515/27
f 1016/513/27 1015/512/27 1017/514/27
f 1015/512/27 1016/513/27 1018/511/27
f 1014/507/27 1015/512/27 1018/511/27
f 1018/511/27 1019/508/27 1014/507/27
f 1020/509/27 1019/508/27 1018/511/27
f 1019/508/27 1020/509/27 1021/510/27
f 1022/505/27 1014/507/27 1019/508/27
f 1014/507/27 1022/505/27 1023/504/27
f 1022/505/27 1024/506/27 1023/504/27
f 1024/506/27 1022/505/27 1025/467/27
f 1026/520/27 1027/521/27 1028/518/27
f 1028/518/27 1029/519/27 1026/520/27
f 1027/521/27 1030/522/27 1028/518/27
f 1031/523/27 1028/518/27 1030/522/27
f 1032/524/514 1033/525/514 1034/526/515
f 1032/524/514 1035/527/516 1033/525/514
f 1032/524/514 1034/526/515 1036/528/515
f 1035/527/516 1032/524/514 1037/529/517
f 1036/528/515 1038/530/515 1032/524/514
f 1038/530/515 1036/528/515 1039/531/515
f 1040/532/517 1037/529/517 1032/524/514
f 1037/529/517 1040/532/517 1041/533/517
f 1042/466/518 1043/539/519 1044/459/520
f 1043/539/519 1045/538/416 1044/459/520
f 1043/539/519 1042/466/518 1046/537/518
f 1045/538/416 1043/539/519 1047/540/416
f 1042/466/518 1048/534/521 1046/537/518
f 1048/534/521 1042/466/518 1049/462/522
f 1050/535/523 1048/534/521 1049/462/522
f 1050/535/523 1051/536/523 1048/534/521
f 1052/545/322 1054/355/524 1053/544/525
f 1055/543/524 1053/544/525 1054/355/524
f 1054/355/524 1056/541/526 1055/543/524
f 1056/541/526 1054/355/524 1057/542/527
f 1059/451/265 1060/273/528 1058/545/529
f 1061/355/528 1058/545/529 1060/273/528
f 1060/273/528 1062/542/530 1061/355/528
f 1062/542/530 1060/273/528 1063/453/445
usemtl Meshpart7Mtl
f 1064/601/531 1066/602/532 1065/603/531
f 1066/602/532 1064/601/531 1067/604/532
f 1066/602/532 1067/604/532 1068/605/533
f 1066/602/532 1068/605/533 1069/606/533
f 1070/607/534 1071/608/534 1072/609/535
f 1070/607/534 1072/609/535 1073/610/535
f 1072/609/535 1074/611/536 1073/610/535
f 1074/611/536 1072/609/535 1075/612/536
f 1076/613/534 1077/603/534 1078/602/535
f 1076/613/534 1078/602/535 1079/614/535
f 1078/602/535 1080/615/536 1079/614/535
f 1080/615/536 1078/602/535 1081/606/536
f 1082/613/531 1084/609/532 1083/608/531
f 1084/609/532 1082/613/531 1085/614/532
f 1084/609/532 1085/614/532 1086/615/533
f 1084/609/532 1086/615/533 1087/612/533
f 1090/616/532 1088/611/533 1089/617/533
f 1090/616/532 1091/610/532 1088/611/533
f 1090/616/532 1092/607/531 1091/610/532
f 1092/607/531 1090/616/532 1093/618/531
f 1094/601/534 1095/619/534 1096/620/535
f 1094/601/534 1096/620/535 1097/604/535
f 1096/620/535 1098/605/536 1097/604/535
f 1098/605/536 1096/620/535 1099/621/536
f 1102/602/537 1100/622/538 1101/623/538
f 1100/622/538 1102/602/537 1103/604/537
f 1102/602/537 1104/624/539 1103/604/537
f 1104/624/539 1102/602/537 1105/625/539
f 1106/626/540 1108/609/541 1107/627/540
f 1108/609/541 1106/626/540 1109/610/541
f 1110/628/542 1108/609/541 1109/610/541
f 1108/609/541 1110/628/542 1111/629/542
f 1112/630/540 1114/602/541 1113/623/540
f 1114/602/541 1112/630/540 1115/614/541
f 1116/631/542 1114/602/541 1115/614/541
f 1114/602/541 1116/631/542 1117/625/542
f 1120/609/537 1118/630/538 1119/627/538
f 1118/630/538 1120/609/537 1121/614/537
f 1120/609/537 1122/631/539 1121/614/537
f 1122/631/539 1120/609/537 1123/629/539
f 1124/616/537 1125/626/538 1126/632/538
f 1125/626/538 1124/616/537 1127/610/537
f 1124/616/537 1128/628/539 1127/610/537
f 1128/628/539 1124/616/537 1129/633/539
f 1130/622/540 1132/620/541 1131/634/540
f 1132/620/541 1130/622/540 1133/604/541
f 1134/624/542 1132/620/541 1133/604/541
f 1132/620/541 1134/624/542 1135/635/542
f 1136/605/543 1137/606/543 1138/602/544
f 1136/605/543 1138/602/544 1139/604/544
f 1138/602/544 1140/601/538 1139/604/544
f 1140/601/538 1138/602/544 1141/603/538
f 1143/611/545 1144/609/546 1142/612/545
f 1144/609/546 1143/611/545 1145/610/546
f 1144/609/546 1145/610/546 1146/607/540
f 1144/609/546 1146/607/540 1147/608/540
f 1149/615/545 1150/602/547 1148/606/545
f 1150/602/547 1149/615/545 1151/614/546
f 1152/613/540 1150/602/547 1151/614/546
f 1150/602/547 1152/613/540 1153/603/540
f 1154/615/543 1155/612/543 1156/609/544
f 1154/615/543 1156/609/544 1157/614/544
f 1156/609/544 1158/613/538 1157/614/544
f 1158/613/538 1156/609/544 1159/608/538
f 1160/607/538 1162/616/544 1161/618/538
f 1162/616/544 1160/607/538 1163/610/544
f 1164/611/543 1162/616/544 1163/610/544
f 1164/611/543 1165/617/543 1162/616/544
f 1167/605/545 1168/620/546 1166/621/545
f 1168/620/546 1167/605/545 1169/604/546
f 1168/620/546 1169/604/546 1170/601/540
f 1168/620/546 1170/601/540 1171/619/540
f 1172/624/548 1173/602/549 1174/625/548
f 1173/602/549 1172/624/548 1175/604/549
f 1175/604/549 1176/622/531 1173/602/549
f 1176/622/531 1177/623/531 1173/602/549
f 1178/629/550 1179/609/551 1180/628/550
f 1179/609/551 1181/610/551 1180/628/550
f 1179/609/551 1182/626/534 1181/610/551
f 1182/626/534 1179/609/551 1183/627/534
f 1184/625/550 1185/602/551 1186/631/550
f 1185/602/551 1187/614/552 1186/631/550
f 1185/602/551 1188/630/534 1187/614/552
f 1188/630/534 1185/602/551 1189/623/534
f 1190/631/548 1191/609/549 1192/629/548
f 1191/609/549 1190/631/548 1193/614/549
f 1193/614/549 1194/630/531 1191/609/549
f 1194/630/531 1195/627/531 1191/609/549
f 1196/628/548 1198/616/549 1197/633/548
f 1198/616/549 1196/628/548 1199/610/549
f 1199/610/549 1200/626/531 1198/616/549
f 1200/626/531 1201/632/531 1198/616/549
f 1202/635/550 1203/620/551 1204/624/550
f 1203/620/551 1205/604/551 1204/624/550
f 1203/620/551 1206/622/534 1205/604/551
f 1206/622/534 1203/620/551 1207/634/534
usemtl Meshpart8Mtl
f 1208/636/264 1209/637/264 1210/638/264
f 1210/638/264 1209/637/264 1211/639/264
f 1212/639/553 1213/640/554 1214/638/553
f 1213/640/554 1212/639/553 1215/641/554
f 1213/640/554 1215/641/554 1216/642/555
f 1216/642/555 1215/641/554 1217/643/555
f 1218/644/556 1219/645/556 1220/646/556
f 1220/646/556 1219/645/556 1221/647/556
f 1222/646/557 1223/647/557 1224/648/557
f 1224/648/557 1223/647/557 1225/649/557
f 1226/650/558 1227/651/559 1228/652/560
f 1227/651/559 1226/650/558 1229/653/561
f 1230/653/562 1231/650/563 1232/654/564
f 1231/650/563 1233/655/565 1232/654/564
f 1232/654/564 1234/656/566 1230/653/562
f 1233/655/565 1234/656/566 1232/654/564
f 1235/657/567 1236/658/568 1237/650/569
f 1235/657/567 1237/650/569 1238/652/570
f 1239/658/571 1240/659/572 1241/650/572
f 1240/659/572 1242/655/573 1241/650/572
f 1243/639/446 1244/638/574 1245/637/574
f 1245/637/574 1244/638/574 1246/636/574
f 1247/642/575 1248/641/576 1249/643/575
f 1248/641/576 1247/642/575 1250/640/576
f 1248/641/576 1250/640/576 1251/639/577
f 1251/639/577 1250/640/576 1252/638/577
f 1253/655/578 1254/656/579 1255/650/580
f 1254/656/579 1256/653/581 1255/650/580
f 1257/650/582 1258/651/583 1259/652/584
f 1260/653/585 1258/651/583 1257/650/582
f 1261/659/586 1262/650/587 1263/658/588
f 1261/659/586 1264/655/589 1262/650/587
f 1265/650/590 1266/657/591 1267/658/592
f 1266/657/591 1265/650/590 1268/652/593
