# Blender 5.1.1
# www.blender.org
mtllib Fighter Jet.mtl
o Fighter_Jet
v 0.279593 0.299422 0.486690
v 0.454731 0.333937 0.510821
v 0.458451 0.287443 0.529921
v 0.283214 0.253974 0.486690
v 0.462171 0.240944 0.510821
v 0.281403 0.276695 0.496232
v 0.279593 0.299422 -0.437769
v 0.458451 0.287443 -0.394538
v 0.281403 0.276695 -0.428211
v 0.283214 0.253974 -0.437769
v 0.462171 0.240944 -0.413637
v 0.454731 0.333937 -0.413637
v 0.203738 0.186070 0.546504
v 0.407479 0.186337 0.566617
v 0.399285 0.288674 0.609341
v 0.197203 0.268094 0.580684
v 0.190668 0.350123 0.546504
v 0.391141 0.391017 0.566617
v 0.203738 0.186070 -0.377939
v 0.407479 0.186337 -0.357827
v 0.399285 0.288674 -0.315102
v 0.197203 0.268094 -0.343759
v 0.190668 0.350123 -0.377939
v 0.391141 0.391017 -0.357827
v -3.183898 0.196767 -0.172846
v -3.365267 0.210963 -0.133635
v -3.139610 0.389242 -0.098949
v -2.773248 0.523868 -0.039134
v -2.412971 0.392957 -0.134647
v -2.565185 0.432398 -0.108997
v -2.671553 0.263278 -0.174855
v -2.746756 0.464701 -0.098949
v -2.927726 0.230025 -0.175362
v -2.943159 0.451174 -0.098949
v -2.946928 0.514810 -0.039134
v -3.090496 0.404725 -0.098949
v -3.050230 0.214120 -0.174349
v -3.077175 0.471719 -0.039134
v -3.113671 0.205886 -0.173843
v -3.105226 0.400081 -0.098949
v -3.126187 0.204262 -0.173843
v -3.090245 0.467410 -0.039134
v -0.457451 0.447314 0.577171
v -0.704072 0.456654 0.577171
v -0.708344 0.343689 0.623915
v -0.461724 0.334344 0.623915
v -0.466048 0.221379 0.577171
v -0.712617 0.230719 0.577171
v -0.457451 0.447314 -0.347272
v -0.704072 0.456654 -0.347272
v -0.708344 0.343689 -0.300528
v -0.461724 0.334344 -0.300528
v -0.466048 0.221379 -0.347272
v -0.712617 0.230719 -0.347272
v 0.283214 0.253974 0.441450
v 0.462171 0.240944 0.417319
v 0.463678 0.221686 0.464063
v 0.283967 0.244563 0.464063
v 0.283214 0.253974 0.486690
v 0.462171 0.240944 0.510821
v 0.283214 0.253974 -0.437769
v 0.462171 0.240944 -0.413637
v 0.463678 0.221686 -0.460381
v 0.283967 0.244563 -0.460381
v 0.283214 0.253974 -0.483009
v 0.462171 0.240944 -0.507140
v 0.203738 0.186070 0.546504
v 0.410846 0.143945 0.464063
v 0.206451 0.152093 0.464063
v 0.203738 0.186070 0.381620
v 0.407479 0.186337 0.566617
v 0.407479 0.186337 0.361524
v 0.410846 0.143945 -0.460381
v 0.203738 0.186070 -0.542823
v 0.206451 0.152093 -0.460381
v 0.203738 0.186070 -0.377939
v 0.407479 0.186337 -0.562935
v 0.407479 0.186337 -0.357827
v -3.467917 0.199919 0.055381
v -3.313189 0.322263 0.002086
v -3.499134 0.199919 0.002086
v -3.467917 0.199919 -0.051699
v -3.313189 0.322263 0.045823
v -3.416593 0.205438 0.096602
v -3.130109 0.423299 0.072977
v -3.120609 0.457357 0.042817
v -3.120609 0.457357 -0.039134
v -3.313189 0.322263 -0.042141
v -3.416593 0.205438 -0.092920
v -3.130109 0.423299 -0.069295
v -3.365267 0.210963 -0.133635
v -3.139610 0.389242 -0.098949
v -3.136743 0.399462 -0.089898
v -3.380650 0.209304 -0.121577
v -3.365267 0.210963 0.137823
v -3.139610 0.389242 0.102631
v -3.136743 0.399457 0.093580
v -3.380650 0.209304 0.125259
v -2.773248 0.523868 0.042817
v -2.536834 0.481873 0.002086
v -2.773248 0.523868 -0.039134
v -2.322838 0.426411 0.055381
v -2.287197 0.426411 0.002086
v -2.322838 0.426411 -0.051192
v -2.536834 0.481873 0.046330
v -2.412971 0.392957 0.138329
v -2.565185 0.432398 0.113185
v -2.746756 0.464701 0.102631
v -2.536834 0.481873 -0.042648
v -2.412971 0.392957 -0.134647
v -2.565185 0.432398 -0.108997
v -2.746756 0.464701 -0.098949
v -2.946928 0.514810 -0.039134
v -3.077175 0.471719 -0.039134
v -3.090245 0.467410 -0.039134
v -2.946928 0.514810 0.042817
v -3.077175 0.471719 0.042817
v -3.090245 0.467410 0.042817
v -0.466048 0.221379 0.350954
v -0.712617 0.230719 0.350954
v -0.466048 0.221379 0.577171
v -0.712617 0.230719 0.577171
v -0.467807 0.174589 0.464063
v -0.714377 0.183929 0.464063
v -0.466048 0.221379 -0.347272
v -0.712617 0.230719 -0.347272
v -0.466048 0.221379 -0.573489
v -0.712617 0.230719 -0.573489
v -0.467807 0.174589 -0.460381
v -0.714377 0.183929 -0.460381
v 0.281403 0.276695 0.431892
v 0.279593 0.299422 0.441450
v 0.283214 0.253974 0.441450
v 0.278839 0.308832 0.464063
v 0.283967 0.244563 0.464063
v 0.279593 0.299422 0.486690
v 0.283214 0.253974 0.486690
v 0.281403 0.276695 0.496232
v 0.279593 0.299422 -0.437769
v 0.281403 0.276695 -0.428211
v 0.283214 0.253974 -0.437769
v 0.283967 0.244563 -0.460381
v 0.278839 0.308832 -0.460381
v 0.279593 0.299422 -0.483009
v 0.283214 0.253974 -0.483009
v 0.281403 0.276695 -0.492551
v 0.281403 0.276695 0.431892
v 0.458451 0.287443 0.398219
v 0.279593 0.299422 0.441450
v 0.454731 0.333937 0.417319
v 0.283214 0.253974 0.441450
v 0.462171 0.240944 0.417319
v 0.279593 0.299422 -0.483009
v 0.454731 0.333937 -0.507140
v 0.458451 0.287443 -0.526239
v 0.283214 0.253974 -0.483009
v 0.462171 0.240944 -0.507140
v 0.281403 0.276695 -0.492551
v 0.203738 0.186070 0.381620
v 0.407479 0.186337 0.361524
v 0.399285 0.288674 0.318784
v 0.197203 0.268094 0.347947
v 0.190668 0.350123 0.381620
v 0.391141 0.391017 0.361524
v 0.203738 0.186070 -0.542823
v 0.407479 0.186337 -0.562935
v 0.399285 0.288674 -0.605659
v 0.197203 0.268094 -0.576512
v 0.190668 0.350123 -0.542823
v 0.391141 0.391017 -0.562935
v -3.365267 0.210963 0.137823
v -3.183898 0.196767 0.177034
v -3.139610 0.389242 0.102631
v -2.773248 0.523868 0.042817
v -2.412971 0.392957 0.138329
v -2.565185 0.432398 0.113185
v -2.671553 0.263278 0.178538
v -2.746756 0.464701 0.102631
v -2.927726 0.230025 0.179535
v -2.946928 0.514810 0.042817
v -3.077175 0.471719 0.042817
v -3.090245 0.467410 0.042817
v -2.943159 0.451174 0.102631
v -3.090496 0.404725 0.102631
v -3.050230 0.214120 0.178031
v -3.105226 0.400081 0.102631
v -3.113671 0.205886 0.177525
v -3.126187 0.204262 0.177525
v -0.704072 0.456654 0.350954
v -0.457451 0.447314 0.350954
v -0.708344 0.343689 0.304210
v -0.461724 0.334344 0.304210
v -0.466048 0.221379 0.350954
v -0.712617 0.230719 0.350954
v -0.457451 0.447314 -0.573489
v -0.704072 0.456654 -0.573489
v -0.708344 0.343689 -0.620233
v -0.461724 0.334344 -0.620233
v -0.466048 0.221379 -0.573489
v -0.712617 0.230719 -0.573489
v 0.279593 0.299422 0.441450
v 0.454731 0.333937 0.417319
v 0.453223 0.353200 0.464063
v 0.278839 0.308832 0.464063
v 0.279593 0.299422 0.486690
v 0.454731 0.333937 0.510821
v 0.279593 0.299422 -0.437769
v 0.454731 0.333937 -0.413637
v 0.453223 0.353200 -0.460381
v 0.278839 0.308832 -0.460381
v 0.279593 0.299422 -0.483009
v 0.454731 0.333937 -0.507140
v 0.190668 0.350123 0.546504
v 0.190668 0.350123 0.381620
v 0.391141 0.391017 0.566617
v 0.391141 0.391017 0.361524
v 0.387773 0.433404 0.464063
v 0.187954 0.384100 0.464063
v 0.190668 0.350123 -0.542823
v 0.190668 0.350123 -0.377939
v 0.391141 0.391017 -0.562935
v 0.391141 0.391017 -0.357827
v 0.387773 0.433404 -0.460381
v 0.187954 0.384100 -0.460381
v -0.704072 0.456654 0.350954
v -0.457451 0.447314 0.350954
v -0.702262 0.503444 0.464063
v -0.455693 0.494104 0.464063
v -0.457451 0.447314 0.577171
v -0.704072 0.456654 0.577171
v -0.457451 0.447314 -0.347272
v -0.704072 0.456654 -0.347272
v -0.702262 0.503444 -0.460381
v -0.455693 0.494104 -0.460381
v -0.457451 0.447314 -0.573489
v -0.704072 0.456654 -0.573489
v -0.457451 0.447314 0.350954
v -0.461724 0.334344 0.304210
v -0.461724 0.334344 0.382633
v -0.466048 0.221379 0.350954
v -0.459563 0.391857 0.406764
v -0.463937 0.276836 0.406764
v -0.455693 0.494104 0.464063
v -0.458658 0.415679 0.464063
v -0.459563 0.391857 0.521882
v -0.457451 0.447314 0.577171
v -0.461724 0.334344 0.545508
v -0.461724 0.334344 0.623915
v -0.466048 0.221379 0.577171
v -0.463937 0.276836 0.521882
v -0.467807 0.174589 0.464063
v -0.464842 0.253013 0.464063
v -0.457451 0.447314 -0.347272
v -0.461724 0.334344 -0.300528
v -0.461724 0.334344 -0.378951
v -0.466048 0.221379 -0.347272
v -0.459563 0.391857 -0.402576
v -0.463937 0.276836 -0.402576
v -0.455693 0.494104 -0.460381
v -0.458658 0.415679 -0.460381
v -0.459563 0.391857 -0.517694
v -0.457451 0.447314 -0.573489
v -0.461724 0.334344 -0.541826
v -0.461724 0.334344 -0.620233
v -0.466048 0.221379 -0.573489
v -0.463937 0.276836 -0.517694
v -0.467807 0.174589 -0.460381
v -0.464842 0.253013 -0.460381
v -3.889021 -0.111584 0.048846
v -3.992828 -0.111584 0.048846
v -3.889021 -0.205190 0.048846
v -3.889021 -0.158390 0.067945
v -3.992828 -0.205190 0.048846
v -3.992828 -0.158390 0.067945
v 0.421402 0.346152 0.405245
v 0.190617 0.350118 0.381620
v 0.197153 0.268094 0.347947
v 0.426078 0.287443 0.380623
v 0.454681 0.333937 0.417319
v 0.458401 0.287443 0.398219
v 0.462121 0.240944 0.417319
v 0.430753 0.228729 0.405245
v 0.203688 0.186065 0.381620
v 0.421402 0.346152 -0.519198
v 0.190617 0.350118 -0.542823
v 0.197153 0.268094 -0.576512
v 0.454681 0.333937 -0.507140
v 0.426078 0.287443 -0.543835
v 0.458401 0.287443 -0.526239
v 0.462121 0.240944 -0.507140
v 0.430753 0.228729 -0.519198
v 0.203688 0.186065 -0.542823
v 0.754133 0.005247 -0.917831
v 1.153271 0.034333 -0.917831
v 0.770623 -0.029383 -0.917831
v 1.152515 0.001145 -0.917831
v 1.354448 0.011204 -0.856007
v 1.382045 0.040355 -0.856007
v 1.153271 0.034333 -0.917831
v 0.826874 0.029814 -0.917831
v 1.153120 0.064997 -0.917831
v 1.313327 0.082244 -0.856007
v 1.382045 0.040355 -0.856007
v 0.787312 0.658590 -0.970113
v 0.876841 0.750346 -0.970113
v 1.267331 0.692717 -0.937944
v 0.795254 0.688203 -0.970113
v 1.175941 0.766372 -0.937944
v 1.263210 0.710744 -0.937944
v 0.686321 0.135887 -0.970113
v 1.405018 -0.043871 -0.937944
v 0.858844 -0.202450 -0.970113
v 0.674608 -0.055081 -0.970113
v 0.723419 -0.182950 -0.970113
v 0.277131 0.192002 -0.239195
v 0.277131 0.257960 -0.184413
v 0.378122 0.219665 -0.122068
v 0.378122 0.160428 -0.174856
v 0.521538 0.181375 -0.059231
v 0.521538 0.128859 -0.110516
v -0.583980 0.148338 0.273544
v 0.389683 0.408471 0.343928
v 0.408837 0.168878 0.343928
v 0.278337 0.443584 0.306220
v 0.281654 0.285668 0.240867
v 0.399285 0.288674 0.294162
v 0.285024 0.127753 0.306220
v 0.137835 0.290509 0.213223
v 0.131852 0.113306 0.286614
v -0.576790 0.338702 0.194630
v 0.143767 0.467713 0.286614
v -0.569551 0.529061 0.273544
v -0.569552 0.529061 -0.650899
v 0.143766 0.467713 -0.637829
v -0.576790 0.338702 -0.729828
v 0.137835 0.290509 -0.711220
v -0.583980 0.148338 -0.650899
v 0.131852 0.113306 -0.637829
v 0.278337 0.443584 -0.618223
v 0.285024 0.127753 -0.618223
v 0.281654 0.285668 -0.683576
v 0.408837 0.168878 -0.580531
v 0.399285 0.288674 -0.630297
v 0.389683 0.408471 -0.580531
v -3.139660 0.389242 -0.098949
v -3.126187 0.204262 -0.173843
v -3.183898 0.196767 -0.172846
v -3.105276 0.400081 -0.098949
v -3.120658 0.457352 -0.039134
v -3.090245 0.467410 -0.039134
v -0.672000 -0.244269 1.857017
v -1.474698 -0.244269 1.857017
v -1.474698 -0.199871 1.838424
v -1.514058 -0.224618 1.876623
v -1.514058 -0.199871 1.866068
v -1.514058 -0.175129 1.876623
v -1.474698 -0.155478 1.857017
v -0.672000 -0.199871 1.838424
v -0.672000 -0.155478 1.857017
v -0.632589 -0.224618 1.876623
v -0.632589 -0.199871 1.866068
v -0.632589 -0.175128 1.876623
v -0.632589 -0.224618 -1.922216
v -0.672000 -0.244269 -1.941806
v -0.672000 -0.199871 -1.960415
v -0.632589 -0.199871 -1.932265
v -0.632589 -0.175128 -1.922216
v -1.474698 -0.244269 -1.941806
v -1.474698 -0.199871 -1.960415
v -0.672000 -0.155478 -1.941806
v -1.474698 -0.155478 -1.941806
v -1.514059 -0.224618 -1.922216
v -1.514059 -0.199871 -1.932265
v -1.514059 -0.175129 -1.922216
v -1.911285 0.245191 -0.193955
v -1.336658 0.206359 -0.193955
v -1.911285 -0.059575 -0.247250
v -1.019311 0.322872 -0.098949
v -1.336658 0.351345 -0.099455
v -1.911285 0.390173 -0.099455
v -1.911285 -0.203274 -0.127099
v -2.268145 0.421591 -0.089898
v -3.113721 -0.203275 -0.127605
v -3.050282 -0.203274 -0.127606
v -2.966181 -0.203274 -0.127606
v -2.927775 -0.203274 -0.127606
v -2.966181 -0.059792 -0.247249
v -3.050282 -0.059792 -0.247249
v -2.671605 -0.203274 -0.127606
v -2.927775 -0.059797 -0.247249
v -2.671605 -0.059807 -0.247249
v -2.322887 -0.203274 -0.127606
v -2.322887 -0.059736 -0.247250
v -2.322887 0.281260 -0.193955
v -2.671605 0.151811 -0.196977
v -2.927775 0.118628 -0.204003
v -2.927775 0.230020 -0.175362
v -2.671605 0.263278 -0.174855
v -2.966181 0.225033 -0.175362
v -2.413021 0.392952 -0.134647
v -2.966181 0.113652 -0.205016
v -3.050282 0.214120 -0.174349
v -2.322887 0.377906 -0.148208
v -2.311930 0.386644 -0.136151
v -3.050282 0.102758 -0.207532
v -3.113721 0.205881 -0.173843
v -3.113721 0.094545 -0.209542
v -3.126187 0.204262 -0.173843
v -3.113721 -0.059787 -0.247249
v -3.126187 0.092926 -0.209542
v -3.183898 0.196767 -0.172846
v -3.183898 0.085446 -0.211045
v -3.365318 0.210958 -0.133635
v -3.126187 -0.059787 -0.247249
v -3.126187 -0.203275 -0.127605
v -3.183898 -0.203275 -0.127605
v -3.183898 -0.059782 -0.247249
v -3.467917 0.054902 -0.220602
v -3.467917 -0.203275 -0.127605
v -3.467917 -0.041534 -0.247249
v -3.620736 -0.162743 -0.102968
v -3.778831 -0.094266 -0.056224
v -3.620736 -0.024804 -0.199984
v -3.620736 0.020121 -0.195458
v -3.778831 -0.015098 -0.110010
v -3.778831 0.090603 -0.049689
v -3.778831 0.010686 -0.108997
v -3.620736 0.159356 -0.081353
v -3.520650 0.185919 -0.086384
v -3.478474 0.161297 -0.138160
v -3.467917 0.155144 -0.151230
v -1.601979 -0.252779 -1.571830
v -0.818736 -0.252779 -1.571830
v -0.849299 -0.272429 -1.591436
v -0.849299 -0.228032 -1.609538
v -0.818736 -0.228032 -1.581894
v -1.562517 -0.272429 -1.591436
v -0.818736 -0.203284 -1.571830
v -1.562517 -0.228032 -1.609538
v -1.601979 -0.228032 -1.581894
v -1.601979 -0.203284 -1.571830
v -0.849299 -0.183634 -1.591436
v -1.562517 -0.183634 -1.591436
v -0.537178 0.296250 -0.247250
v 0.199364 0.223571 -0.304042
v -0.537178 0.223571 -0.304042
v 0.199364 0.296250 -0.247250
v -1.019311 -0.179974 -0.126593
v 1.288595 -0.046133 -0.035606
v 1.288595 0.188931 -0.027568
v 1.429900 0.000748 -0.016001
v -0.849298 -0.272429 1.506140
v -1.562517 -0.272429 1.506140
v -1.562517 -0.228032 1.488053
v -1.601979 -0.252779 1.525746
v -1.601979 -0.228032 1.515697
v -1.601979 -0.203284 1.525746
v -1.562517 -0.183634 1.506140
v -0.849298 -0.228032 1.488053
v -0.849298 -0.183634 1.506140
v -0.818736 -0.252779 1.525746
v -0.818736 -0.228032 1.515697
v -0.818736 -0.203284 1.525746
v 1.429900 0.141959 -0.016001
v 1.483439 0.073950 -0.025052
v 1.483439 0.068566 -0.025052
v 1.429900 0.079213 -0.077334
v 1.429900 0.063208 -0.077840
v 1.288595 0.084481 -0.141167
v 0.506408 0.235213 -0.039135
v 1.288595 0.057844 -0.146705
v 0.506508 0.089674 -0.183907
v 0.506408 -0.092320 -0.050686
v 0.506508 0.052555 -0.189430
v -1.019311 0.177705 -0.194968
v -1.019311 -0.035622 -0.247250
v -1.336658 -0.059303 -0.247250
v -1.336658 -0.203274 -0.127099
v -0.715382 0.151686 -2.855204
v -0.770579 0.178012 -2.851185
v -1.082851 0.151374 -2.899447
v -1.039618 0.178012 -2.883861
v -1.155035 0.200050 -2.841121
v -1.236674 0.152390 -2.857720
v -0.613588 0.099542 -2.776275
v -1.205808 0.099542 -2.847656
v -1.068121 0.121580 -2.886868
v -1.082851 0.151374 -2.899447
v -1.236674 0.152390 -2.857720
v -0.735642 0.121580 -2.847166
v -0.715382 0.151686 -2.855204
v -0.575836 0.152505 -2.778285
v -3.992828 -0.230948 -0.070798
v -3.170325 -0.085710 -0.070798
v -3.170325 -0.230948 -0.070798
v -3.992828 -0.085711 -0.070798
v -3.992828 -0.158329 -0.100958
v -3.170325 -0.158329 -0.100958
v -3.159013 -0.066216 -0.083869
v -2.350737 -0.160928 -0.025052
v -3.159013 -0.239846 -0.083869
v -2.350737 -0.060108 -0.025052
v -3.678947 -0.085464 -0.102968
v -2.350737 -0.199821 0.002086
v -3.678947 -0.220598 -0.102968
v -3.159013 -0.285188 -0.038628
v -3.678947 -0.265940 -0.057728
v -1.307704 -0.014805 0.732498
v -1.018103 -0.229992 0.719427
v -1.307704 -0.262949 0.702844
v -1.018103 -0.017997 0.746074
v -0.804006 -0.169946 0.767690
v -1.599868 -0.030318 0.741549
v -1.599868 -0.262949 0.714411
v -0.804006 -0.031399 0.783276
v -0.669538 -0.109532 0.821475
v -0.669538 -0.033445 0.821981
v -1.838847 -0.080246 0.759145
v -1.838847 -0.262949 0.736026
v -1.922998 -0.103691 0.783783
v -1.922998 -0.248587 0.767690
v -2.002674 -0.135366 0.811427
v -2.002674 -0.229374 0.802882
v -0.669538 -0.033445 -0.859521
v -0.804007 -0.031399 -0.897720
v -0.669538 -0.109532 -0.859521
v -0.804007 -0.169946 -0.913812
v -1.018103 -0.017997 -0.934921
v -1.018103 -0.229992 -0.961568
v -1.307704 -0.014805 -0.949004
v -1.307704 -0.262949 -0.978658
v -1.599868 -0.030318 -0.939953
v -1.599868 -0.262949 -0.967091
v -1.838847 -0.080246 -0.922357
v -1.838847 -0.262949 -0.945476
v -1.922998 -0.103691 -0.897228
v -1.922998 -0.248587 -0.913306
v -2.002674 -0.135366 -0.869569
v -2.002674 -0.229374 -0.878114
v -0.924753 -0.422096 1.090417
v -1.637016 -0.422106 1.090417
v -1.637016 -0.322412 1.049195
v -0.924753 -0.322402 1.049195
v -1.637016 -0.222718 1.090417
v -0.924753 -0.222708 1.090417
v -1.637016 -0.322412 -1.327526
v -0.924753 -0.422096 -1.286305
v -1.637016 -0.422106 -1.286305
v -1.637016 -0.222718 -1.286305
v -0.924753 -0.322402 -1.327526
v -0.924753 -0.222708 -1.286305
v -0.537178 0.181375 0.062913
v 0.521538 0.181375 0.062913
v -0.537178 0.128859 0.114198
v 0.521538 0.128859 0.114198
v -0.992868 -0.232395 0.453508
v -1.705132 -0.232405 0.453508
v -0.992868 -0.332089 0.412287
v -1.705132 -0.332099 0.412287
v -0.992868 -0.431782 0.453508
v -1.705131 -0.431792 0.453508
v -1.705132 -0.332099 -0.690111
v -0.992869 -0.431782 -0.648890
v -1.705131 -0.431792 -0.648890
v -1.705132 -0.232405 -0.648890
v -0.992869 -0.332089 -0.690111
v -0.992869 -0.232395 -0.648890
v -1.653705 -0.271092 1.241724
v -1.653705 -0.373898 1.241724
v -1.551107 -0.242187 1.270381
v -1.551107 -0.402817 1.270381
v -1.551107 -0.322502 1.303563
v -1.653705 -0.322492 1.262849
v -1.551107 -0.322502 -1.072667
v -1.653705 -0.322492 -1.113888
v -1.653705 -0.271092 -1.134997
v -1.653705 -0.373898 -1.134997
v -1.551107 -0.242187 -1.106340
v -1.551107 -0.402817 -1.106340
v -0.657323 0.514976 0.291140
v -0.569551 0.529061 0.273544
v -0.576790 0.338702 0.194630
v -0.670443 0.169019 0.291140
v -0.583980 0.148338 0.273544
v -0.663856 0.342000 0.219252
v -0.657323 0.514976 -0.633304
v -0.569552 0.529061 -0.650899
v -0.576790 0.338702 -0.729828
v -0.670443 0.169019 -0.633304
v -0.583980 0.148338 -0.650899
v -0.663856 0.342000 -0.705191
v -1.721821 -0.280779 0.604309
v -1.721821 -0.383579 0.604309
v -1.619220 -0.251869 0.633472
v -1.619220 -0.412504 0.633472
v -1.619220 -0.332189 0.666655
v -1.721821 -0.332179 0.625925
v -1.619220 -0.332189 -0.435759
v -1.721821 -0.332179 -0.476473
v -1.721821 -0.280779 -0.498089
v -1.721821 -0.383579 -0.498089
v -1.619220 -0.251869 -0.468926
v -1.619220 -0.412504 -0.468926
v -0.528584 0.377118 0.423854
v -0.461776 0.334344 0.382633
v -0.530091 0.336933 0.407255
v -0.459613 0.391852 0.406764
v -0.531650 0.296748 0.423854
v -0.463987 0.276836 0.406764
v -0.528584 0.377118 -0.500605
v -0.459613 0.391852 -0.517694
v -0.461776 0.334344 -0.541826
v -0.530091 0.336933 -0.517188
v -0.531650 0.296748 -0.500605
v -0.463987 0.276836 -0.517694
v 0.876841 0.750346 0.886827
v 0.787312 0.658590 0.886827
v 0.795255 0.688203 0.886827
v 1.267331 0.692717 0.918997
v 1.175941 0.766372 0.918997
v 1.263210 0.710744 0.918997
v 0.686321 0.135887 0.886827
v 1.405018 -0.043871 0.918997
v 0.858844 -0.202450 0.886827
v 0.674608 -0.055081 0.886827
v 0.723419 -0.182950 0.886827
v -3.889021 -0.205190 -0.045164
v -3.992828 -0.205190 -0.045164
v -3.889021 -0.224579 0.002086
v -3.992828 -0.224579 0.002086
v -3.889021 -0.205190 0.048846
v -3.992828 -0.205190 0.048846
v 0.187902 0.384095 0.464063
v 0.421402 0.346152 0.405245
v 0.190617 0.350118 0.381620
v 0.419443 0.370472 0.464063
v 0.454681 0.333937 0.417319
v 0.453173 0.353195 0.464063
v 0.454681 0.333937 0.510821
v 0.421402 0.346152 0.522879
v 0.190617 0.350118 0.546504
v 0.187902 0.384095 -0.460381
v 0.421402 0.346152 -0.401564
v 0.419443 0.370472 -0.460381
v 0.190617 0.350118 -0.377939
v 0.421402 0.346152 -0.519198
v 0.190617 0.350118 -0.542823
v 0.454681 0.333937 -0.507140
v 0.453173 0.353195 -0.460381
v 0.454681 0.333937 -0.413637
v 1.313327 0.082244 0.859689
v 1.382045 0.068154 0.002086
v 1.313327 0.110043 0.002086
v 1.382045 0.040355 0.859689
v 1.313327 0.082244 -0.856007
v 1.382045 0.040355 -0.856007
v -3.416593 0.205438 -0.092920
v -3.130159 0.423299 -0.069295
v -3.380701 0.209304 -0.121577
v -3.136795 0.399457 -0.089898
v -3.380701 0.209304 0.125259
v -3.130159 0.423299 0.072977
v -3.416593 0.205438 0.096602
v -3.136795 0.399457 0.093580
v 0.143767 0.467713 0.641511
v -0.569551 0.529061 0.654582
v -0.566587 0.607913 0.464063
v 0.146281 0.541111 0.464063
v 0.278337 0.443584 0.621905
v 0.389683 0.408471 0.584212
v 0.276929 0.508999 0.464063
v 0.385762 0.458096 0.464063
v 0.389683 0.408471 0.343928
v 0.278337 0.443584 0.306220
v 0.143767 0.467713 0.286614
v -0.569551 0.529061 0.273544
v -0.569552 0.529061 -0.650899
v 0.143766 0.467713 -0.637829
v -0.566587 0.607913 -0.460381
v 0.146280 0.541111 -0.460381
v 0.278337 0.443584 -0.618223
v 0.389683 0.408471 -0.580531
v 0.276929 0.508999 -0.460381
v 0.385762 0.458096 -0.460381
v 0.389683 0.408471 -0.340246
v 0.278337 0.443584 -0.302538
v 0.143767 0.467713 -0.282933
v -0.569552 0.529061 -0.269862
v -3.120658 0.457352 -0.039134
v -3.090245 0.467410 -0.039134
v -3.090245 0.467410 0.042817
v -3.120658 0.457352 0.042817
v -1.514058 -0.175129 1.876623
v -1.474698 -0.155478 1.857017
v -1.474698 -0.137085 1.901261
v -1.514058 -0.164874 1.901261
v -1.514058 -0.175129 1.925898
v -0.672000 -0.155478 1.857017
v -0.632589 -0.175128 1.876623
v -0.672000 -0.137085 1.901261
v -0.632589 -0.164874 1.901261
v -0.632589 -0.175128 1.925898
v -1.474698 -0.155478 1.945488
v -0.672000 -0.155478 1.945488
v -0.632589 -0.175128 -1.922216
v -0.672000 -0.155478 -1.941806
v -0.672000 -0.137085 -1.897578
v -0.632589 -0.164874 -1.897578
v -0.632589 -0.175128 -1.872435
v -1.474698 -0.155478 -1.941806
v -1.514059 -0.175129 -1.922216
v -1.474698 -0.137085 -1.897578
v -1.514059 -0.164874 -1.897578
v -1.514059 -0.175129 -1.872435
v -0.672000 -0.155478 -1.852845
v -1.474698 -0.155478 -1.852845
v -1.019311 0.322872 0.102631
v -1.336658 0.351345 0.103137
v -1.019311 0.322872 -0.098949
v -1.336658 0.351345 -0.099455
v -1.911285 0.390173 -0.099455
v -1.911285 0.390173 0.103643
v -2.287247 0.426411 0.002086
v -2.268145 0.421591 0.093579
v -2.322887 0.426411 0.055381
v -2.268145 0.421591 -0.089898
v -2.311930 0.386644 0.139833
v -2.395024 0.399648 0.121730
v -2.322887 0.377906 0.151891
v -2.413021 0.392952 0.138329
v -2.322887 0.426411 -0.051192
v -3.365318 0.210958 0.137823
v -2.413021 0.392952 -0.134647
v -2.322887 0.377906 -0.148208
v -2.395024 0.399648 -0.118048
v -2.311930 0.386644 -0.136151
v -3.365318 0.210958 -0.133635
v -3.467917 0.155144 0.154913
v -3.385828 0.208751 0.121224
v -3.478474 0.161297 0.141842
v -3.467917 0.199919 0.055381
v -3.520650 0.185919 0.090067
v -3.498834 0.199919 0.002086
v -3.620736 0.159356 0.085035
v -3.778831 0.090603 0.053371
v -3.856800 0.027541 0.017673
v -3.856800 0.027541 -0.013991
v -3.778831 0.090603 -0.049689
v -3.620736 0.159356 -0.081353
v -3.520650 0.185919 -0.086384
v -3.467917 0.199914 -0.051699
v -3.478474 0.161297 -0.138160
v -3.385828 0.208751 -0.117542
v -3.467917 0.155144 -0.151230
v -1.601979 -0.203284 -1.522064
v -0.818736 -0.203284 -1.522064
v -0.818736 -0.203284 -1.571830
v -1.601979 -0.203284 -1.571830
v -0.849299 -0.183634 -1.591436
v -1.562517 -0.183634 -1.591436
v -0.849299 -0.165241 -1.546701
v -0.818736 -0.193034 -1.546701
v -1.562517 -0.165241 -1.546701
v -1.601979 -0.193034 -1.546701
v -0.849299 -0.183634 -1.502458
v -1.562517 -0.183634 -1.502458
v 0.506408 0.235213 0.043307
v 1.288595 0.084481 0.145355
v 1.429900 0.079213 0.081521
v 1.288595 0.188931 0.031249
v 1.288595 0.188931 -0.027568
v 1.429900 0.141959 0.019682
v 1.483439 0.095063 0.007624
v -1.601979 -0.203284 1.525746
v -1.562517 -0.183634 1.506140
v -1.562517 -0.165241 1.550890
v -1.601979 -0.193034 1.550890
v -1.601979 -0.203284 1.575511
v -0.849298 -0.183634 1.506140
v -0.818736 -0.203284 1.525746
v -0.849298 -0.165241 1.550890
v -0.818736 -0.193034 1.550890
v -0.818736 -0.203284 1.575511
v -1.562517 -0.183634 1.595117
v -0.849298 -0.183634 1.595117
v 1.483439 0.095063 -0.003943
v 1.429900 0.141959 -0.016001
v 1.429900 0.079213 -0.077334
v 1.288595 0.084481 -0.141167
v 0.506408 0.235213 -0.039135
v -0.537178 0.296250 0.250931
v 0.199364 0.296250 0.250931
v -0.537178 0.181375 0.062913
v 0.277131 0.257960 0.188095
v 0.378122 0.219665 0.125750
v 0.521538 0.181375 0.062913
v -0.537178 0.181375 -0.059231
v 0.199364 0.296250 -0.247250
v -0.537178 0.296250 -0.247250
v 0.277131 0.257960 -0.184413
v 0.378122 0.219665 -0.122068
v 0.521538 0.181375 -0.059231
v -0.665213 0.205740 2.710586
v -0.575836 0.152505 2.781967
v -0.557587 0.149524 2.702041
v -0.654507 0.211426 2.633681
v -0.539391 0.146544 2.621608
v -0.675871 0.200050 2.787505
v -0.715382 0.151686 2.858886
v -0.770578 0.178012 2.854867
v -1.039618 0.178012 2.887543
v -1.155035 0.200050 2.845309
v -1.236674 0.152390 2.861908
v -1.183639 0.205740 2.772931
v -1.273369 0.149464 2.788011
v -1.212294 0.211426 2.701044
v -1.310066 0.146543 2.714620
v -0.723325 0.120831 1.812790
v -0.598055 0.055888 1.798200
v -1.380041 0.120831 1.892209
v -1.502043 0.055933 1.907796
v -0.795663 0.037997 0.804892
v -0.653702 -0.026995 0.788799
v -1.610775 0.037997 0.902920
v -1.770933 -0.027202 0.922526
v -1.743436 0.037997 0.485172
v -1.903392 -0.027342 0.504287
v -0.760373 0.037997 0.367047
v -0.619016 -0.027247 0.353470
v -1.876097 0.136223 0.067439
v -2.035299 0.042305 0.086538
v -0.604036 0.102111 -0.085372
v -0.463434 0.036912 -0.097446
v -0.665214 0.205740 -2.706904
v -0.575836 0.152505 -2.778285
v -0.675872 0.200050 -2.783823
v -0.715382 0.151686 -2.855204
v -0.557588 0.149524 -2.698359
v -0.770579 0.178012 -2.851185
v -1.039618 0.178012 -2.883861
v -1.155035 0.200050 -2.841121
v -1.236674 0.152390 -2.857720
v -1.183639 0.205740 -2.769249
v -1.273370 0.149464 -2.784329
v -1.212294 0.211426 -2.697362
v -1.310067 0.146543 -2.710938
v -0.654507 0.211426 -2.630000
v -0.539391 0.146544 -2.617927
v -0.723325 0.120831 -1.809107
v -0.598055 0.055888 -1.794518
v -1.380041 0.120831 -1.888021
v -1.502043 0.055933 -1.904114
v -0.795663 0.037997 -0.800703
v -0.653702 -0.026995 -0.785117
v -1.610775 0.037997 -0.898732
v -1.770933 -0.027202 -0.918844
v -1.743436 0.037997 -0.481490
v -1.903392 -0.027342 -0.500099
v -0.760373 0.037997 -0.362858
v -0.619016 -0.027247 -0.349788
v -1.876097 0.136223 -0.063757
v -2.035299 0.042305 -0.082856
v -0.604036 0.102111 0.089560
v -0.463434 0.036912 0.101127
v -3.992828 -0.085711 0.074480
v -3.170325 -0.085710 0.074480
v -3.992828 -0.055630 0.002086
v -3.170325 -0.055629 0.002086
v -3.170325 -0.085710 -0.070798
v -3.992828 -0.085711 -0.070798
v -3.678947 -0.085464 0.107156
v -3.159013 -0.066216 0.087551
v -3.678947 -0.085464 -0.102968
v -3.159013 -0.066216 -0.083869
v -2.350737 -0.060108 -0.025052
v -2.350737 -0.060108 0.029240
v -1.307704 -0.014805 0.732498
v -1.018103 -0.017997 0.746074
v -1.599868 -0.030318 0.741549
v -1.307704 -0.028891 0.842584
v -0.804006 -0.031399 0.783276
v -0.669538 -0.033445 0.821981
v -1.018103 -0.028891 0.842584
v -0.804006 -0.028891 0.842584
v -0.669538 -0.028891 0.842584
v -0.669538 -0.033445 0.863202
v -0.804006 -0.031399 0.901401
v -1.018103 -0.017997 0.938603
v -1.307704 -0.014805 0.952686
v -1.599868 -0.030318 0.943635
v -1.599868 0.001995 0.842584
v -1.838847 -0.080246 0.926039
v -1.922998 -0.103691 0.900910
v -1.838847 -0.047938 0.842584
v -1.838847 -0.080246 0.759145
v -1.922998 -0.103691 0.783783
v -1.922998 -0.071514 0.842584
v -2.002674 -0.135366 0.873251
v -2.002674 -0.133109 0.842584
v -2.002674 -0.135366 0.811427
v -1.307704 -0.014805 -0.728816
v -1.018103 -0.017997 -0.742393
v -1.599868 -0.030318 -0.737867
v -1.307704 -0.028891 -0.838902
v -0.804007 -0.031399 -0.779594
v -0.669538 -0.033445 -0.817793
v -1.018103 -0.028891 -0.838902
v -0.804007 -0.028891 -0.838902
v -0.669538 -0.028891 -0.838902
v -0.669538 -0.033445 -0.859521
v -0.804007 -0.031399 -0.897720
v -1.018103 -0.017997 -0.934921
v -1.307704 -0.014805 -0.949004
v -1.599868 -0.030318 -0.939953
v -1.599868 0.001995 -0.838902
v -1.838847 -0.080246 -0.922357
v -1.838847 -0.080246 -0.754957
v -1.838847 -0.047938 -0.838902
v -1.922998 -0.103691 -0.780100
v -1.922998 -0.103691 -0.897228
v -1.922998 -0.071514 -0.838902
v -2.002674 -0.135366 -0.807745
v -2.002674 -0.133109 -0.838902
v -2.002674 -0.135366 -0.869569
v -0.924753 -0.222708 1.289986
v -1.637016 -0.222718 1.289986
v -0.924753 -0.181412 1.189948
v -1.637016 -0.222718 1.090417
v -0.924753 -0.222708 1.090417
v -1.637016 -0.181427 1.189948
v -1.637016 -0.222718 -1.286305
v -1.637016 -0.222718 -1.086735
v -0.924753 -0.222708 -1.086735
v -0.924753 -0.222708 -1.286305
v -0.924753 -0.181412 -1.186267
v -1.637016 -0.181427 -1.186267
v 1.153120 0.092801 0.002086
v 1.313327 0.082244 -0.856007
v 1.153120 0.064997 -0.917831
v 1.313327 0.110043 0.002086
v 0.826874 0.029814 -0.917831
v 1.313327 0.082244 0.859689
v 0.826874 0.057613 0.002086
v 1.153120 0.064997 0.921513
v 0.826874 0.029814 0.921513
v -0.992868 -0.232395 0.652572
v -1.705132 -0.232405 0.652572
v -0.992868 -0.191099 0.553040
v -1.705132 -0.191109 0.553040
v -0.992868 -0.232395 0.453508
v -1.705132 -0.232405 0.453508
v -1.705132 -0.232405 -0.648890
v -0.992869 -0.232395 -0.648890
v -0.992869 -0.191099 -0.549358
v -1.705132 -0.191109 -0.549358
v -0.992869 -0.232395 -0.449826
v -1.705132 -0.232405 -0.449826
v -1.653705 -0.373898 1.138679
v -1.551107 -0.402817 1.110022
v -1.551107 -0.436085 1.189948
v -1.653705 -0.395187 1.189948
v -1.653705 -0.373898 1.241724
v -1.551107 -0.402817 1.270381
v -1.653705 -0.373898 -1.134997
v -1.551107 -0.402817 -1.106340
v -1.551107 -0.436085 -1.186267
v -1.653705 -0.395187 -1.186267
v -1.653705 -0.373898 -1.238042
v -1.551107 -0.402817 -1.266699
v -0.654607 0.586629 0.464063
v -0.657323 0.514976 0.636985
v -0.657323 0.514976 0.291140
v -0.566587 0.607913 0.464063
v -0.569551 0.529061 0.654582
v -0.569551 0.529061 0.273544
v -0.654607 0.586629 -0.460381
v -0.657323 0.514976 -0.633304
v -0.657323 0.514976 -0.287458
v -0.566587 0.607913 -0.460381
v -0.569552 0.529061 -0.650899
v -0.569552 0.529061 -0.269862
v -1.721821 -0.383579 0.501771
v -1.619220 -0.412504 0.472607
v -1.619220 -0.445772 0.553040
v -1.721821 -0.404873 0.553040
v -1.721821 -0.383579 0.604309
v -1.619220 -0.412504 0.633472
v -1.721821 -0.383579 -0.498089
v -1.619220 -0.412504 -0.468926
v -1.619220 -0.445772 -0.549358
v -1.721821 -0.404873 -0.549358
v -1.721821 -0.383579 -0.600627
v -1.619220 -0.412504 -0.629790
v 0.826874 0.029814 0.921513
v 0.754133 0.033046 0.002086
v 0.754133 0.005247 0.921513
v 0.826874 0.057613 0.002086
v 0.826874 0.029814 -0.917831
v 0.754133 0.005247 -0.917831
v -0.528584 0.377118 0.423854
v -0.459613 0.391852 0.406764
v -0.458710 0.415674 0.464063
v -0.527979 0.393762 0.464063
v -0.528584 0.377118 0.504286
v -0.459613 0.391852 0.521882
v -0.528584 0.377118 -0.420172
v -0.459613 0.391852 -0.402576
v -0.458710 0.415674 -0.460381
v -0.527979 0.393762 -0.460381
v -0.528584 0.377118 -0.500605
v -0.459613 0.391852 -0.517694
v 0.795255 0.688203 0.886827
v 0.795255 0.688203 0.973795
v 0.876841 0.750346 0.973795
v 0.876841 0.750346 0.886827
v 1.175941 0.766372 0.918997
v 1.175941 0.766372 0.941625
v 1.263210 0.710744 0.941625
v 1.263210 0.710744 0.918997
v 0.795254 0.688203 -0.970113
v 0.795254 0.688203 -0.883146
v 0.876841 0.750346 -0.883146
v 0.876841 0.750346 -0.970113
v 1.175941 0.766372 -0.915315
v 1.175941 0.766372 -0.937944
v 1.263210 0.710744 -0.937944
v 1.263210 0.710744 -0.915315
v 1.354448 0.039003 0.002086
v 1.382045 0.040355 0.859689
v 1.354448 0.011204 0.859689
v 1.382045 0.068154 0.002086
v 1.382045 0.040355 -0.856007
v 1.354448 0.011204 -0.856007
v 0.391090 0.391012 0.361524
v 0.385762 0.458096 0.464063
v 0.387724 0.433404 0.464063
v 0.391090 0.391012 0.566617
v 0.389683 0.408471 0.343928
v 0.389683 0.408471 0.584212
v 0.399285 0.288674 0.318784
v 0.399285 0.288674 0.609341
v 0.399285 0.288674 0.294162
v 0.399285 0.288674 0.633978
v 0.408837 0.168878 0.343928
v 0.408837 0.168878 0.584212
v 0.407429 0.186337 0.361524
v 0.407429 0.186337 0.566617
v 0.412756 0.119252 0.464063
v 0.410796 0.143945 0.464063
v 0.408837 0.168878 -0.580531
v 0.399285 0.288674 -0.605659
v 0.407429 0.186337 -0.562935
v 0.399285 0.288674 -0.630297
v 0.412756 0.119252 -0.460381
v 0.389683 0.408471 -0.580531
v 0.410796 0.143945 -0.460381
v 0.391090 0.391012 -0.562935
v 0.407429 0.186337 -0.357827
v 0.385762 0.458096 -0.460381
v 0.408837 0.168878 -0.340246
v 0.387724 0.433404 -0.460381
v 0.399285 0.288674 -0.315102
v 0.391090 0.391012 -0.357827
v 0.399285 0.288674 -0.290480
v 0.389683 0.408471 -0.340246
v 0.277131 0.192002 0.243383
v 0.277131 0.257960 0.188095
v 0.199364 0.296250 0.250931
v 0.199364 0.223571 0.307723
v 0.199364 0.296250 -0.247250
v 0.277131 0.192002 -0.239195
v 0.199364 0.223571 -0.304042
v 0.277131 0.257960 -0.184413
v -0.632589 -0.175128 1.925898
v -0.632589 -0.175128 1.876623
v -0.632589 -0.164874 1.901261
v -0.632589 -0.199871 1.866068
v -0.632589 -0.234868 1.901261
v -0.632589 -0.224618 1.876623
v -0.632589 -0.224618 1.925898
v -0.632589 -0.199871 1.935946
v -0.632589 -0.175128 -1.922216
v -0.632589 -0.234868 -1.897578
v -0.632589 -0.224618 -1.922216
v -0.632589 -0.199871 -1.932265
v -0.632589 -0.199871 -1.862387
v -0.632589 -0.224618 -1.872435
v -0.632589 -0.175128 -1.872435
v -0.632589 -0.164874 -1.897578
v -0.818736 -0.193034 1.550890
v -0.818736 -0.263024 1.550890
v -0.818736 -0.228032 1.515697
v -0.818736 -0.203284 1.525746
v -0.818736 -0.252779 1.525746
v -0.818736 -0.203284 1.575511
v -0.818736 -0.228032 1.585575
v -0.818736 -0.252779 1.575511
v -0.818736 -0.228032 -1.581894
v -0.818736 -0.263024 -1.546701
v -0.818736 -0.252779 -1.571830
v -0.818736 -0.193034 -1.546701
v -0.818736 -0.203284 -1.571830
v -0.818736 -0.228032 -1.512016
v -0.818736 -0.252779 -1.522064
v -0.818736 -0.203284 -1.522064
v -0.897659 -0.398429 1.114042
v -0.897659 -0.322402 1.297534
v -0.897659 -0.398429 1.266361
v -0.897659 -0.429922 1.189948
v -0.897659 -0.322402 1.082884
v -0.897659 -0.214886 1.189948
v -0.897659 -0.246375 1.114042
v -0.897659 -0.246375 1.266361
v -0.897659 -0.322402 -1.078696
v -0.897659 -0.322402 -1.293853
v -0.897659 -0.214886 -1.186267
v -0.897659 -0.246375 -1.110360
v -0.897659 -0.246375 -1.262680
v -0.897659 -0.398429 -1.110360
v -0.897659 -0.398429 -1.262680
v -0.897659 -0.429922 -1.186267
v 1.429900 0.063208 0.081521
v 1.429900 0.079213 0.081521
v 1.429900 0.141959 0.019682
v 1.483439 0.068566 0.028733
v 1.429900 0.000748 0.020188
v 1.429900 0.000748 -0.016001
v 1.483439 0.047549 0.007624
v 1.483439 0.073950 0.028733
v 1.483439 0.047549 -0.003943
v 1.483439 0.095063 0.007624
v 1.483439 0.095063 -0.003943
v 1.429900 0.141959 -0.016001
v 1.483439 0.073950 -0.025052
v 1.483439 0.068566 -0.025052
v 1.429900 0.079213 -0.077334
v 1.429900 0.063208 -0.077840
v -0.965772 -0.408116 0.628947
v -0.965772 -0.256062 0.628947
v -0.965772 -0.332089 0.660610
v -0.965772 -0.408116 0.477133
v -0.965772 -0.439604 0.553040
v -0.965772 -0.256062 0.477133
v -0.965772 -0.224568 0.553040
v -0.965772 -0.332089 0.445469
v -0.965772 -0.408116 -0.473451
v -0.965772 -0.256062 -0.473451
v -0.965772 -0.332089 -0.441787
v -0.965772 -0.408116 -0.625265
v -0.965772 -0.439604 -0.549358
v -0.965772 -0.256062 -0.625265
v -0.965772 -0.224568 -0.549358
v -0.965772 -0.332089 -0.656929
v -0.613588 0.099542 2.779957
v -0.575836 0.152505 2.781967
v -0.557587 0.149524 2.702041
v -0.598256 0.087608 2.702547
v -0.539391 0.146544 2.621608
v -0.582923 0.075679 2.625137
v -0.598055 0.055888 1.798200
v -0.644754 -0.014916 1.803738
v -0.653702 -0.026995 0.788799
v -0.705731 -0.097749 0.793831
v -0.670694 -0.097749 0.355986
v -0.619016 -0.027247 0.353470
v -0.514608 -0.033636 -0.096433
v -0.463434 0.036912 -0.097446
v -0.613588 0.099542 -2.776275
v -0.575836 0.152505 -2.778285
v -0.557588 0.149524 -2.698359
v -0.598256 0.087608 -2.698865
v -0.539391 0.146544 -2.617927
v -0.582923 0.075679 -2.621455
v -0.598055 0.055888 -1.794518
v -0.644755 -0.014916 -1.799550
v -0.653702 -0.026995 -0.785117
v -0.705731 -0.097749 -0.790149
v -0.670694 -0.097749 -0.352304
v -0.619016 -0.027247 -0.349788
v -0.514608 -0.033636 0.100115
v -0.463434 0.036912 0.101127
v -0.924753 -0.422096 1.289986
v -0.924753 -0.322402 1.331208
v -0.897659 -0.398429 1.266361
v -0.897659 -0.322402 1.297534
v -0.897659 -0.246375 1.266361
v -0.924753 -0.463392 1.189948
v -0.897659 -0.429922 1.189948
v -0.897659 -0.398429 1.114042
v -0.924753 -0.422096 1.090417
v -0.924753 -0.222708 1.289986
v -0.897659 -0.322402 1.082884
v -0.924753 -0.181412 1.189948
v -0.897659 -0.214886 1.189948
v -0.897659 -0.246375 1.114042
v -0.924753 -0.322402 1.049195
v -0.924753 -0.222708 1.090417
v -0.924753 -0.422096 -1.286305
v -0.924753 -0.463392 -1.186267
v -0.924753 -0.422096 -1.086735
v -0.924753 -0.322402 -1.045514
v -0.897659 -0.322402 -1.078696
v -0.897659 -0.398429 -1.110360
v -0.897659 -0.429922 -1.186267
v -0.897659 -0.398429 -1.262680
v -0.924753 -0.222708 -1.086735
v -0.897659 -0.246375 -1.110360
v -0.924753 -0.322402 -1.327526
v -0.897659 -0.322402 -1.293853
v -0.897659 -0.246375 -1.262680
v -0.924753 -0.222708 -1.286305
v -0.924753 -0.181412 -1.186267
v -0.897659 -0.214886 -1.186267
v -0.992868 -0.431782 0.652572
v -0.992868 -0.332089 0.694299
v -0.965772 -0.332089 0.660610
v -0.965772 -0.408116 0.628947
v -0.992868 -0.232395 0.652572
v -0.965772 -0.256062 0.628947
v -0.992868 -0.191099 0.553040
v -0.965772 -0.224568 0.553040
v -0.965772 -0.256062 0.477133
v -0.992868 -0.232395 0.453508
v -0.965772 -0.332089 0.445469
v -0.992868 -0.332089 0.412287
v -0.992868 -0.431782 0.453508
v -0.965772 -0.408116 0.477133
v -0.965772 -0.439604 0.553040
v -0.992868 -0.473073 0.553040
v -0.992869 -0.431782 -0.648890
v -0.992868 -0.473073 -0.549358
v -0.992868 -0.431782 -0.449826
v -0.965772 -0.408116 -0.625265
v -0.965772 -0.439604 -0.549358
v -0.965772 -0.332089 -0.656929
v -0.965772 -0.408116 -0.473451
v -0.965772 -0.332089 -0.441787
v -0.992869 -0.332089 -0.690111
v -0.992869 -0.232395 -0.648890
v -0.965772 -0.256062 -0.625265
v -0.992869 -0.191099 -0.549358
v -0.965772 -0.224568 -0.549358
v -0.965772 -0.256062 -0.473451
v -0.992869 -0.232395 -0.449826
v -0.992869 -0.332089 -0.408099
v 1.263210 0.710744 0.941625
v 1.263210 0.710744 0.918997
v 1.267331 0.692717 0.918997
v 1.267331 0.692717 0.941625
v 1.405018 -0.043871 0.918997
v 1.405018 -0.043871 0.941625
v 1.263210 0.710744 -0.937944
v 1.263210 0.710744 -0.915315
v 1.267331 0.692717 -0.915315
v 1.267331 0.692717 -0.937944
v 1.405018 -0.043871 -0.915315
v 1.405018 -0.043871 -0.937944
v -3.992828 -0.158390 -0.064263
v -3.889021 -0.158390 -0.064263
v -3.992828 -0.111584 -0.045164
v -3.889021 -0.111584 -0.045164
v -3.889021 -0.205190 -0.045164
v -3.992828 -0.205190 -0.045164
v 0.454681 0.333937 0.510821
v 0.421402 0.346152 0.522879
v 0.190617 0.350118 0.546504
v 0.197153 0.268094 0.580684
v 0.426078 0.287443 0.547517
v 0.458401 0.287443 0.529921
v 0.462121 0.240944 0.510821
v 0.430753 0.228729 0.522879
v 0.203688 0.186065 0.546504
v 0.421402 0.346152 -0.401564
v 0.190617 0.350118 -0.377939
v 0.197153 0.268094 -0.343759
v 0.454681 0.333937 -0.413637
v 0.462121 0.240944 -0.413637
v 0.430753 0.228729 -0.401564
v 0.203688 0.186065 -0.377939
v 0.426078 0.287443 -0.376941
v 0.458401 0.287443 -0.394538
v 1.153271 0.034333 0.921513
v 1.354448 0.011204 0.859689
v 1.382045 0.040355 0.859689
v 1.152515 0.001145 0.921513
v 0.770623 -0.029383 0.921513
v 0.754133 0.005247 0.921513
v 1.153271 0.034333 0.921513
v 0.826874 0.029814 0.921513
v 1.153120 0.064997 0.921513
v 1.313327 0.082244 0.859689
v 1.382045 0.040355 0.859689
v 1.267331 0.692717 0.941625
v 0.876841 0.750346 0.973795
v 0.787312 0.658590 0.973795
v 0.795255 0.688203 0.973795
v 1.175941 0.766372 0.941625
v 1.263210 0.710744 0.941625
v 0.686321 0.135887 0.973795
v 1.405018 -0.043871 0.941625
v 0.858844 -0.202450 0.973795
v 0.674608 -0.055081 0.973795
v 0.723419 -0.182950 0.973795
v 0.277131 0.192002 0.243383
v 0.378122 0.219665 0.125750
v 0.277131 0.257960 0.188095
v 0.378122 0.160428 0.178538
v 0.521538 0.181375 0.062913
v 0.521538 0.128859 0.114198
v -0.576790 0.338702 0.733510
v 0.143767 0.467713 0.641511
v -0.569551 0.529061 0.654582
v 0.137835 0.290509 0.714902
v -0.583980 0.148338 0.654582
v 0.131852 0.113306 0.641511
v 0.285024 0.127753 0.621905
v 0.278337 0.443584 0.621905
v 0.281654 0.285668 0.687257
v 0.389683 0.408471 0.584212
v 0.399285 0.288674 0.633978
v 0.408837 0.168878 0.584212
v -0.583980 0.148338 -0.269862
v 0.408837 0.168878 -0.340246
v 0.389683 0.408471 -0.340246
v 0.278337 0.443584 -0.302538
v 0.143767 0.467713 -0.282933
v -0.569552 0.529061 -0.269862
v -0.576790 0.338702 -0.190948
v 0.137835 0.290509 -0.209542
v 0.281654 0.285668 -0.237186
v 0.399285 0.288674 -0.290480
v 0.131852 0.113306 -0.282933
v 0.285024 0.127753 -0.302538
v -3.090245 0.467410 0.042817
v -3.120658 0.457352 0.042817
v -3.105276 0.400081 0.102631
v -3.139660 0.389242 0.102631
v -3.126187 0.204262 0.177525
v -3.183898 0.196767 0.177034
v -1.514058 -0.224618 1.925898
v -1.514058 -0.175129 1.925898
v -0.632589 -0.224618 1.925898
v -0.632589 -0.175128 1.925898
v -1.474698 -0.155478 1.945488
v -0.672000 -0.155478 1.945488
v -1.474698 -0.199871 1.964097
v -1.514058 -0.199871 1.935946
v -0.672000 -0.199871 1.964097
v -0.632589 -0.199871 1.935946
v -1.474698 -0.244269 1.945488
v -0.672000 -0.244269 1.945488
v -0.632589 -0.224618 -1.872435
v -0.632589 -0.175128 -1.872435
v -1.514059 -0.224618 -1.872435
v -1.514059 -0.175129 -1.872435
v -0.672000 -0.155478 -1.852845
v -1.474698 -0.155478 -1.852845
v -0.672000 -0.199871 -1.834742
v -0.632589 -0.199871 -1.862387
v -1.474698 -0.199871 -1.834742
v -1.514059 -0.199871 -1.862387
v -0.672000 -0.244269 -1.852845
v -1.474698 -0.244269 -1.852845
v -1.019311 0.322872 0.102631
v -1.336658 0.206359 0.198143
v -1.019311 0.177705 0.198649
v -1.336658 -0.059303 0.251422
v -1.336658 0.351345 0.103137
v -1.911285 -0.059575 0.251422
v -1.336658 -0.203274 0.130781
v -1.911285 0.245191 0.198143
v -1.911285 -0.203274 0.130781
v -2.322887 -0.059736 0.251422
v -2.322887 -0.203274 0.131287
v -1.911285 0.390173 0.103643
v -2.268145 0.421591 0.093579
v -2.322887 0.281260 0.198143
v -2.311930 0.386644 0.139833
v -2.322887 0.377906 0.151891
v -2.413021 0.392952 0.138329
v -2.671605 0.263278 0.178538
v -2.671605 0.151811 0.200659
v -2.927775 0.230020 0.179535
v -2.671605 -0.059807 0.251422
v -2.927775 0.118628 0.208192
v -2.966181 0.225033 0.179044
v -2.966181 0.113652 0.209204
v -3.050282 0.214120 0.178031
v -2.927775 -0.059797 0.251422
v -2.671605 -0.203274 0.131287
v -3.050282 0.102758 0.211214
v -3.113721 0.205881 0.177525
v -2.966181 -0.059792 0.251422
v -2.927775 -0.203274 0.131287
v -2.966181 -0.203274 0.131287
v -3.113721 0.094545 0.213224
v -3.126187 0.204262 0.177525
v -3.050282 -0.059792 0.251422
v -3.126187 0.092926 0.213224
v -3.050282 -0.203274 0.131287
v -3.183898 0.196767 0.177034
v -3.113721 -0.059787 0.251422
v -3.113721 -0.203275 0.131287
v -3.183898 0.085446 0.215233
v -3.365318 0.210958 0.137823
v -3.126187 -0.059787 0.251422
v -3.126187 -0.203275 0.131287
v -3.183898 -0.203275 0.131287
v -3.183898 -0.059782 0.251422
v -3.467917 -0.203275 0.131794
v -3.467917 -0.041534 0.251422
v -3.467917 0.054902 0.224284
v -3.467917 0.155144 0.154913
v -3.478474 0.161297 0.141842
v -3.520650 0.185919 0.090067
v -3.620736 0.159356 0.085035
v -3.620736 0.020121 0.199141
v -3.620736 -0.162743 0.106650
v -3.620736 -0.024804 0.203666
v -3.778831 -0.094266 0.059906
v -3.778831 -0.015098 0.113692
v -3.778831 0.010686 0.112679
v -3.778831 0.090603 0.053371
v -1.562517 -0.272429 -1.502458
v -0.849299 -0.272429 -1.502458
v -1.562517 -0.228032 -1.483865
v -1.601979 -0.252779 -1.522064
v -1.601979 -0.228032 -1.512016
v -1.601979 -0.203284 -1.522064
v -0.849299 -0.228032 -1.483865
v -0.818736 -0.252779 -1.522064
v -0.818736 -0.228032 -1.512016
v -0.818736 -0.203284 -1.522064
v -0.849299 -0.183634 -1.502458
v -1.562517 -0.183634 -1.502458
v -0.537178 0.223571 0.307723
v 0.199364 0.223571 0.307723
v -0.537178 0.296250 0.250931
v 0.199364 0.296250 0.250931
v 0.506408 -0.092320 0.054368
v -1.019311 -0.179974 0.130275
v -1.019311 -0.035622 0.251422
v 0.506508 0.052555 0.193111
v 1.288595 0.057844 0.150387
v 0.506508 0.089674 0.187589
v 0.506408 0.235213 0.043307
v 1.288595 0.084481 0.145355
v 1.288595 -0.046133 0.039288
v 1.429900 0.063208 0.081521
v 1.429900 0.079213 0.081521
v 1.288595 0.188931 0.031249
v 1.429900 0.141959 0.019682
v 1.483439 0.068566 0.028733
v 1.429900 0.000748 0.020188
v 1.483439 0.073950 0.028733
v -1.601979 -0.252779 1.575511
v -1.601979 -0.203284 1.575511
v -0.818736 -0.252779 1.575511
v -0.818736 -0.203284 1.575511
v -1.562517 -0.183634 1.595117
v -0.849298 -0.183634 1.595117
v -1.562517 -0.228032 1.613219
v -1.601979 -0.228032 1.585575
v -0.849298 -0.228032 1.613219
v -0.818736 -0.228032 1.585575
v -1.562517 -0.272429 1.595117
v -0.849298 -0.272429 1.595117
v -0.715382 0.151686 2.858886
v -0.770578 0.178012 2.854867
v -1.082851 0.151374 2.903129
v -1.039618 0.178012 2.887543
v -1.155035 0.200050 2.845309
v -1.236674 0.152390 2.861908
v -0.613588 0.099542 2.779957
v -1.205808 0.099542 2.851339
v -1.068121 0.121580 2.891056
v -1.082851 0.151374 2.903129
v -1.236674 0.152390 2.861908
v -0.735641 0.121580 2.850847
v -0.715382 0.151686 2.858886
v -0.575836 0.152505 2.781967
v -3.992828 -0.230948 0.074480
v -3.170325 -0.158329 0.104640
v -3.992828 -0.158329 0.104640
v -3.992828 -0.085711 0.074480
v -3.170325 -0.230948 0.074480
v -3.170325 -0.085710 0.074480
v -3.159013 -0.239846 0.087551
v -2.350737 -0.160928 0.029240
v -3.159013 -0.066216 0.087551
v -2.350737 -0.060108 0.029240
v -2.350737 -0.199821 0.002086
v -3.159013 -0.285188 0.042310
v -3.678947 -0.265940 0.061410
v -3.678947 -0.220598 0.107156
v -3.678947 -0.085464 0.107156
v -0.669538 -0.033445 0.863202
v -0.804006 -0.031399 0.901401
v -0.669538 -0.109532 0.863202
v -0.804006 -0.169946 0.917494
v -1.018103 -0.017997 0.938603
v -1.018103 -0.229992 0.965756
v -1.307704 -0.014805 0.952686
v -1.307704 -0.262949 0.982340
v -1.599868 -0.030318 0.943635
v -1.599868 -0.262949 0.970773
v -1.838847 -0.080246 0.926039
v -1.838847 -0.262949 0.949157
v -1.922998 -0.103691 0.900910
v -1.922998 -0.248587 0.917494
v -2.002674 -0.135366 0.873251
v -2.002674 -0.229374 0.882302
v -1.307704 -0.014805 -0.728816
v -1.018103 -0.229992 -0.715746
v -1.018103 -0.017997 -0.742393
v -1.307704 -0.262949 -0.698656
v -0.804007 -0.169946 -0.764008
v -1.599868 -0.030318 -0.737867
v -1.599868 -0.262949 -0.710729
v -0.804007 -0.031399 -0.779594
v -0.669538 -0.109532 -0.817793
v -0.669538 -0.033445 -0.817793
v -1.838847 -0.080246 -0.754957
v -1.838847 -0.262949 -0.732344
v -1.922998 -0.103691 -0.780100
v -1.922998 -0.248587 -0.764008
v -2.002674 -0.135366 -0.807745
v -2.002674 -0.229374 -0.799200
v -1.637016 -0.322412 1.331208
v -0.924753 -0.422096 1.289986
v -0.924753 -0.322402 1.331208
v -1.637016 -0.422106 1.289986
v -0.924753 -0.222708 1.289986
v -1.637016 -0.222718 1.289986
v -1.637016 -0.422106 -1.086735
v -0.924753 -0.422096 -1.086735
v -1.637016 -0.322412 -1.045514
v -1.637016 -0.222718 -1.086735
v -0.924753 -0.322402 -1.045514
v -0.924753 -0.222708 -1.086735
v 0.521538 0.181375 -0.059231
v -0.537178 0.181375 -0.059231
v -0.537178 0.128859 -0.110516
v 0.521538 0.128859 -0.110516
v -1.705132 -0.332099 0.694299
v -0.992868 -0.431782 0.652572
v -0.992868 -0.332089 0.694299
v -0.992868 -0.232395 0.652572
v -1.705132 -0.232405 0.652572
v -1.705131 -0.431792 0.652572
v -1.705131 -0.431792 -0.449826
v -0.992868 -0.431782 -0.449826
v -0.992869 -0.232395 -0.449826
v -1.705132 -0.232405 -0.449826
v -0.992869 -0.332089 -0.408099
v -1.705132 -0.332099 -0.408099
v -1.653705 -0.322492 1.117570
v -1.551107 -0.322502 1.076840
v -1.653705 -0.271092 1.138679
v -1.653705 -0.373898 1.138679
v -1.551107 -0.242187 1.110022
v -1.551107 -0.402817 1.110022
v -1.653705 -0.271092 -1.238042
v -1.653705 -0.373898 -1.238042
v -1.551107 -0.242187 -1.266699
v -1.551107 -0.402817 -1.266699
v -1.551107 -0.322502 -1.299881
v -1.653705 -0.322492 -1.259166
v -0.657323 0.514976 0.636985
v -0.569551 0.529061 0.654582
v -0.576790 0.338702 0.733510
v -0.663856 0.342000 0.708873
v -0.670443 0.169019 0.636985
v -0.583980 0.148338 0.654582
v -0.657323 0.514976 -0.287458
v -0.569552 0.529061 -0.269862
v -0.576790 0.338702 -0.190948
v -0.663856 0.342000 -0.215571
v -0.670443 0.169019 -0.287458
v -0.583980 0.148338 -0.269862
v -1.721821 -0.332179 0.480155
v -1.619220 -0.332189 0.439440
v -1.721821 -0.280779 0.501771
v -1.721821 -0.383579 0.501771
v -1.619220 -0.251869 0.472607
v -1.619220 -0.412504 0.472607
v -1.721821 -0.280779 -0.600627
v -1.721821 -0.383579 -0.600627
v -1.619220 -0.251869 -0.629790
v -1.619220 -0.412504 -0.629790
v -1.619220 -0.332189 -0.662973
v -1.721821 -0.332179 -0.621752
v -0.528584 0.377118 0.504286
v -0.459613 0.391852 0.521882
v -0.461776 0.334344 0.545508
v -0.530091 0.336933 0.520870
v -0.531650 0.296748 0.504286
v -0.463987 0.276836 0.521882
v -0.461776 0.334344 -0.378951
v -0.528584 0.377118 -0.420172
v -0.530091 0.336933 -0.403573
v -0.459613 0.391852 -0.402576
v -0.531650 0.296748 -0.420172
v -0.463987 0.276836 -0.402576
v 0.787312 0.658590 -0.883146
v 0.686321 0.135887 -0.883146
v 1.267331 0.692717 -0.915315
v 1.405018 -0.043871 -0.915315
v 0.858844 -0.202450 -0.883146
v 0.674608 -0.055081 -0.883146
v 0.723419 -0.182950 -0.883146
v 0.876841 0.750346 -0.883146
v 0.795254 0.688203 -0.883146
v 1.175941 0.766372 -0.915315
v 1.263210 0.710744 -0.915315
v -3.992828 -0.111584 -0.045164
v -3.889021 -0.111584 -0.045164
v -3.992828 -0.092195 0.002086
v -3.889021 -0.092195 0.002086
v -3.889021 -0.111584 0.048846
v -3.992828 -0.111584 0.048846
v 0.462121 0.240944 0.417319
v 0.462121 0.240944 0.510821
v 0.430753 0.228729 0.522879
v 0.203688 0.186065 0.546504
v 0.206401 0.152088 0.464063
v 0.432712 0.204408 0.464063
v 0.463678 0.221686 0.464063
v 0.430753 0.228729 0.405245
v 0.203688 0.186065 0.381620
v 0.462121 0.240944 -0.507140
v 0.430753 0.228729 -0.519198
v 0.203688 0.186065 -0.542823
v 0.206401 0.152088 -0.460381
v 0.432712 0.204408 -0.460381
v 0.463678 0.221686 -0.460381
v 0.462121 0.240944 -0.413637
v 0.430753 0.228729 -0.401564
v 0.203688 0.186065 -0.377939
v -0.583980 0.148338 0.654582
v 0.131852 0.113306 0.641511
v 0.129390 0.039903 0.464063
v -0.586944 0.069486 0.464063
v 0.285024 0.127753 0.621905
v -0.583980 0.148338 0.273544
v 0.408837 0.168878 0.584212
v 0.286380 0.062343 0.464063
v 0.412756 0.119252 0.464063
v 0.408837 0.168878 0.343928
v 0.285024 0.127753 0.306220
v 0.131852 0.113306 0.286614
v -0.583980 0.148338 -0.650899
v 0.131852 0.113306 -0.637829
v 0.129390 0.039903 -0.460381
v -0.586944 0.069486 -0.460381
v 0.285024 0.127753 -0.618223
v -0.583980 0.148338 -0.269862
v 0.408837 0.168878 -0.580531
v 0.286380 0.062343 -0.460381
v 0.412756 0.119252 -0.460381
v 0.408837 0.168878 -0.340246
v 0.131852 0.113306 -0.282933
v 0.285024 0.127753 -0.302538
v -0.672000 -0.244269 1.857017
v -1.474698 -0.244269 1.857017
v -0.672000 -0.262662 1.901261
v -1.514058 -0.224618 1.876623
v -1.474698 -0.262662 1.901261
v -1.514058 -0.234868 1.901261
v -1.514058 -0.224618 1.925898
v -0.632589 -0.224618 1.876623
v -0.632589 -0.234868 1.901261
v -0.632589 -0.224618 1.925898
v -1.474698 -0.244269 1.945488
v -0.672000 -0.244269 1.945488
v -0.672000 -0.262662 -1.897578
v -0.632589 -0.224618 -1.922216
v -0.632589 -0.234868 -1.897578
v -0.632589 -0.224618 -1.872435
v -0.672000 -0.244269 -1.941806
v -1.474698 -0.262662 -1.897578
v -1.474698 -0.244269 -1.941806
v -1.514059 -0.224618 -1.922216
v -1.514059 -0.234868 -1.897578
v -1.514059 -0.224618 -1.872435
v -0.672000 -0.244269 -1.852845
v -1.474698 -0.244269 -1.852845
v -1.336658 -0.203274 0.130781
v -1.911285 -0.203274 0.130781
v -1.911285 -0.203274 -0.127099
v -2.322887 -0.203274 0.131287
v -2.671605 -0.203274 0.131287
v -2.927775 -0.203274 0.131287
v -2.966181 -0.203274 0.131287
v -3.050282 -0.203274 0.131287
v -3.113721 -0.203275 0.131287
v -3.126187 -0.203275 0.131287
v -3.113721 -0.203275 -0.127605
v -3.050282 -0.203274 -0.127606
v -2.966181 -0.203274 -0.127606
v -2.927775 -0.203274 -0.127606
v -2.671605 -0.203274 -0.127606
v -2.322887 -0.203274 -0.127606
v -3.126187 -0.203275 -0.127605
v -3.183898 -0.203275 0.131287
v -3.183898 -0.203275 -0.127605
v -3.467917 -0.203275 0.131794
v -3.467917 -0.203275 -0.127605
v -3.620736 -0.162743 -0.102968
v -3.620736 -0.162743 0.106650
v -3.778831 -0.094266 -0.056224
v -3.778831 -0.094266 0.059906
v -1.562517 -0.272429 -1.502458
v -0.849299 -0.272429 -1.502458
v -0.849299 -0.290818 -1.546701
v -1.601979 -0.252779 -1.522064
v -1.562517 -0.290818 -1.546701
v -1.601979 -0.263024 -1.546701
v -1.601979 -0.252779 -1.571830
v -0.818736 -0.252779 -1.522064
v -0.818736 -0.263024 -1.546701
v -0.818736 -0.252779 -1.571830
v -0.849299 -0.272429 -1.591436
v -1.562517 -0.272429 -1.591436
v -1.019311 -0.179974 -0.126593
v 0.506408 -0.092320 0.054368
v -1.019311 -0.179974 0.130275
v 1.288595 0.057844 0.150387
v 1.288595 -0.046133 0.039288
v 1.429900 0.063208 0.081521
v 1.288595 -0.046133 -0.035606
v 1.429900 0.000748 0.020188
v 1.429900 0.000748 -0.016001
v 1.483439 0.047549 0.007624
v 1.483439 0.047549 -0.003943
v -3.159013 -0.285188 -0.038628
v -2.350737 -0.199821 0.002086
v -3.159013 -0.285188 0.042310
v -3.678947 -0.265940 0.061410
v -3.678947 -0.265940 -0.057728
v -1.307704 -0.262949 0.842584
v -1.018103 -0.229992 0.965756
v -1.307704 -0.262949 0.982340
v -1.599868 -0.262949 0.970773
v -1.018103 -0.229992 0.842584
v -0.804006 -0.169946 0.917494
v -1.599868 -0.262949 0.842584
v -1.838847 -0.262949 0.949157
v -1.018103 -0.229992 0.719427
v -1.307704 -0.262949 0.702844
v -1.599868 -0.262949 0.714411
v -0.804006 -0.169946 0.767690
v -1.838847 -0.262949 0.736026
v -1.838847 -0.262949 0.842584
v -1.922998 -0.248587 0.917494
v -1.922998 -0.248587 0.767690
v -0.804006 -0.169946 0.842584
v -0.669538 -0.109532 0.821475
v -0.669538 -0.109532 0.863202
v -0.669538 -0.109889 0.842584
v -1.922998 -0.248587 0.842584
v -2.002674 -0.229374 0.802882
v -2.002674 -0.229374 0.882302
v -2.002674 -0.229374 0.842584
v -1.307704 -0.262949 -0.838902
v -1.018103 -0.229992 -0.961568
v -1.018103 -0.229992 -0.838902
v -1.307704 -0.262949 -0.978658
v -0.804007 -0.169946 -0.913812
v -1.599868 -0.262949 -0.967091
v -0.804007 -0.169946 -0.838902
v -0.669538 -0.109532 -0.859521
v -0.669538 -0.109889 -0.838902
v -0.669538 -0.109532 -0.817793
v -0.804007 -0.169946 -0.764008
v -1.018103 -0.229992 -0.715746
v -1.307704 -0.262949 -0.698656
v -1.599868 -0.262949 -0.710729
v -1.599868 -0.262949 -0.838902
v -1.838847 -0.262949 -0.732344
v -1.838847 -0.262949 -0.945476
v -1.838847 -0.262949 -0.838902
v -1.922998 -0.248587 -0.764008
v -1.922998 -0.248587 -0.913306
v -1.922998 -0.248587 -0.838902
v -2.002674 -0.229374 -0.799200
v -2.002674 -0.229374 -0.878114
v -2.002674 -0.229374 -0.838902
v -0.849298 -0.272429 1.506140
v -1.562517 -0.272429 1.506140
v -0.849298 -0.290818 1.550890
v -1.601979 -0.252779 1.525746
v -1.562517 -0.290818 1.550890
v -1.601979 -0.263024 1.550890
v -1.601979 -0.252779 1.575511
v -0.818736 -0.252779 1.525746
v -0.818736 -0.263024 1.550890
v -0.818736 -0.252779 1.575511
v -1.562517 -0.272429 1.595117
v -0.849298 -0.272429 1.595117
v 1.429900 0.063208 -0.077840
v 1.288595 0.057844 -0.146705
v 0.506408 -0.092320 -0.050686
v -1.336658 -0.203274 -0.127099
v 1.152515 0.028949 0.002086
v 1.152515 0.001145 -0.917831
v 1.354448 0.011204 -0.856007
v 0.770623 -0.029383 -0.917831
v 1.354448 0.039003 0.002086
v 1.354448 0.011204 0.859689
v 0.770623 -0.001584 0.002086
v 1.152515 0.001145 0.921513
v 0.770623 -0.029383 0.921513
v -0.613588 0.099542 2.779957
v -1.205808 0.099542 2.851339
v -1.239086 0.087608 2.779466
v -1.068121 0.121580 2.891056
v -0.735641 0.121580 2.850847
v -0.598256 0.087608 2.702547
v -0.582923 0.075679 2.625137
v -1.272365 0.075679 2.708085
v -0.644754 -0.014916 1.803738
v -1.456499 -0.014916 1.901261
v -0.705731 -0.097749 0.793831
v -1.713224 -0.097749 0.914978
v -0.670694 -0.097749 0.355986
v -1.845633 -0.097749 0.497245
v -1.978093 -0.059389 0.079512
v -0.514608 -0.033636 -0.096433
v -0.613588 0.099542 -2.776275
v -1.239086 0.087608 -2.775785
v -1.205808 0.099542 -2.847656
v -1.068121 0.121580 -2.886868
v -0.735642 0.121580 -2.847166
v -0.598256 0.087608 -2.698865
v -0.582923 0.075679 -2.621455
v -1.272365 0.075679 -2.704403
v -0.644755 -0.014916 -1.799550
v -1.456499 -0.014916 -1.897578
v -0.705731 -0.097749 -0.790149
v -1.713224 -0.097749 -0.911296
v -0.670694 -0.097749 -0.352304
v -1.845633 -0.097749 -0.493563
v -1.978093 -0.059389 -0.075830
v -0.514608 -0.033636 0.100115
v -3.992828 -0.230948 0.074480
v -3.170325 -0.230948 0.074480
v -3.992828 -0.261029 0.002086
v -3.170325 -0.261029 0.002086
v -3.992828 -0.230948 -0.070798
v -3.170325 -0.230948 -0.070798
v 0.199364 0.223571 0.307723
v -0.537178 0.223571 0.307723
v -0.537178 0.128859 0.114198
v 0.277131 0.192002 0.243383
v 0.378122 0.160428 0.178538
v 0.521538 0.128859 0.114198
v -0.537178 0.128859 -0.110516
v 0.199364 0.223571 -0.304042
v 0.277131 0.192002 -0.239195
v -0.537178 0.223571 -0.304042
v 0.378122 0.160428 -0.174856
v 0.521538 0.128859 -0.110516
v -0.924753 -0.422096 1.289986
v -0.924753 -0.463392 1.189948
v -1.637016 -0.422106 1.289986
v -0.924753 -0.422096 1.090417
v -1.637016 -0.463402 1.189948
v -1.637016 -0.422106 1.090417
v -0.924753 -0.422096 -1.286305
v -1.637016 -0.422106 -1.286305
v -0.924753 -0.463392 -1.186267
v -1.637016 -0.463402 -1.186267
v -1.637016 -0.422106 -1.086735
v -0.924753 -0.422096 -1.086735
v -0.992868 -0.431782 0.652572
v -1.705131 -0.431792 0.652572
v -0.992868 -0.431782 0.453508
v -1.705131 -0.431792 0.453508
v -1.705131 -0.473084 0.553040
v -0.992868 -0.473073 0.553040
v -0.992869 -0.431782 -0.648890
v -1.705131 -0.431792 -0.648890
v -1.705131 -0.473084 -0.549358
v -1.705131 -0.431792 -0.449826
v -0.992868 -0.473073 -0.549358
v -0.992868 -0.431782 -0.449826
v -1.653705 -0.271092 1.138679
v -1.551107 -0.242187 1.110022
v -1.551107 -0.208919 1.189948
v -1.653705 -0.249798 1.189948
v -1.653705 -0.271092 1.241724
v -1.551107 -0.242187 1.270381
v -1.653705 -0.271092 -1.134997
v -1.551107 -0.242187 -1.106340
v -1.551107 -0.208919 -1.186267
v -1.653705 -0.249798 -1.186267
v -1.653705 -0.271092 -1.238042
v -1.551107 -0.242187 -1.266699
v -0.670443 0.169019 0.636985
v -0.583980 0.148338 0.654582
v -0.586944 0.069486 0.464063
v -0.673156 0.097370 0.464063
v -0.670443 0.169019 0.291140
v -0.583980 0.148338 0.273544
v -0.670443 0.169019 -0.287458
v -0.583980 0.148338 -0.269862
v -0.586944 0.069486 -0.460381
v -0.673156 0.097370 -0.460381
v -0.670443 0.169019 -0.633304
v -0.583980 0.148338 -0.650899
v -1.721821 -0.280779 0.501771
v -1.619220 -0.251869 0.472607
v -1.619220 -0.218606 0.553040
v -1.721821 -0.259485 0.553040
v -1.721821 -0.280779 0.604309
v -1.619220 -0.251869 0.633472
v -1.721821 -0.280779 -0.498089
v -1.619220 -0.251869 -0.468926
v -1.619220 -0.218606 -0.549358
v -1.721821 -0.259485 -0.549358
v -1.721821 -0.280779 -0.600627
v -1.619220 -0.251869 -0.629790
v -0.531650 0.296748 0.423854
v -0.463987 0.276836 0.406764
v -0.464892 0.253013 0.464063
v -0.532252 0.280098 0.464063
v -0.531650 0.296748 0.504286
v -0.463987 0.276836 0.521882
v -0.531650 0.296748 -0.420172
v -0.463987 0.276836 -0.402576
v -0.464892 0.253013 -0.460381
v -0.532252 0.280098 -0.460381
v -0.531650 0.296748 -0.500605
v -0.463987 0.276836 -0.517694
v 0.723419 -0.182950 0.886827
v 0.723419 -0.182950 0.973795
v 0.858844 -0.202450 0.973795
v 0.858844 -0.202450 0.886827
v 1.405018 -0.043871 0.941625
v 1.405018 -0.043871 0.918997
v 0.723419 -0.182950 -0.883146
v 0.723419 -0.182950 -0.970113
v 0.858844 -0.202450 -0.970113
v 0.858844 -0.202450 -0.883146
v 1.405018 -0.043871 -0.915315
v 1.405018 -0.043871 -0.937944
v -3.992828 -0.158390 0.067945
v -3.992828 -0.230948 0.074480
v -3.992828 -0.158329 0.104640
v -3.992828 -0.205190 0.048846
v -3.992828 -0.111584 0.048846
v -3.992828 -0.261029 0.002086
v -3.992828 -0.085711 0.074480
v -3.992828 -0.224579 0.002086
v -3.992828 -0.092195 0.002086
v -3.992828 -0.205190 -0.045164
v -3.992828 -0.055630 0.002086
v -3.992828 -0.230948 -0.070798
v -3.992828 -0.085711 -0.070798
v -3.992828 -0.158390 -0.064263
v -3.992828 -0.111584 -0.045164
v -3.992828 -0.158329 -0.100958
v -3.889021 -0.158390 -0.064263
v -3.889021 -0.111584 0.048846
v -3.889021 -0.111584 -0.045164
v -3.889021 -0.092195 0.002086
v -3.889021 -0.158390 0.067945
v -3.889021 -0.205190 0.048846
v -3.889021 -0.224579 0.002086
v -3.889021 -0.205190 -0.045164
v -3.678947 -0.085464 -0.102968
v -3.678947 -0.220598 0.107156
v -3.678947 -0.085464 0.107156
v -3.678947 -0.220598 -0.102968
v -3.678947 -0.265940 -0.057728
v -3.678947 -0.265940 0.061410
v -3.778831 -0.094266 -0.056224
v -3.778831 -0.094266 0.059906
v -3.778831 -0.015098 0.113692
v -3.778831 -0.015098 -0.110010
v -3.856800 -0.014419 -0.014497
v -3.856800 -0.014419 0.018179
v -3.856800 0.003552 -0.029071
v -3.864490 0.006518 0.002086
v -3.856800 0.003552 0.032753
v -3.778831 0.010686 0.112679
v -3.856800 0.009404 0.032753
v -3.778831 0.090603 0.053371
v -3.856800 0.027541 0.017673
v -3.856800 0.027541 -0.013991
v -3.778831 0.090603 -0.049689
v -3.856800 0.009404 -0.029071
v -3.778831 0.010686 -0.108997
v -1.721821 -0.332149 0.663126
v -1.721821 -0.254393 0.630956
v -1.721821 -0.280779 0.604309
v -1.721821 -0.332179 0.625925
v -1.721821 -0.259485 0.553040
v -1.721821 -0.409895 0.630956
v -1.721821 -0.222185 0.553040
v -1.721821 -0.383579 0.604309
v -1.721821 -0.254393 0.475123
v -1.721821 -0.442103 0.553040
v -1.721821 -0.280779 0.501771
v -1.721821 -0.404873 0.553040
v -1.721821 -0.332149 0.442954
v -1.721821 -0.383579 0.501771
v -1.721821 -0.332179 0.480155
v -1.721821 -0.409895 0.475123
v -1.721821 -0.332149 -0.659445
v -1.721821 -0.280779 -0.600627
v -1.721821 -0.254393 -0.627274
v -1.721821 -0.332179 -0.621752
v -1.721821 -0.259485 -0.549358
v -1.721821 -0.409895 -0.627274
v -1.721821 -0.222185 -0.549358
v -1.721821 -0.383579 -0.600627
v -1.721821 -0.254393 -0.471442
v -1.721821 -0.442103 -0.549358
v -1.721821 -0.280779 -0.498089
v -1.721821 -0.404873 -0.549358
v -1.721821 -0.332149 -0.439271
v -1.721821 -0.383579 -0.498089
v -1.721821 -0.332179 -0.476473
v -1.721821 -0.409895 -0.471442
v -1.653705 -0.322462 1.300035
v -1.653705 -0.244706 1.267865
v -1.653705 -0.271092 1.241724
v -1.653705 -0.322492 1.262849
v -1.653705 -0.249798 1.189948
v -1.653705 -0.400213 1.267865
v -1.653705 -0.212499 1.189948
v -1.653705 -0.373898 1.241724
v -1.653705 -0.244706 1.112538
v -1.653705 -0.432416 1.189948
v -1.653705 -0.271092 1.138679
v -1.653705 -0.395187 1.189948
v -1.653705 -0.322462 1.080368
v -1.653705 -0.373898 1.138679
v -1.653705 -0.322492 1.117570
v -1.653705 -0.400213 1.112538
v -1.653705 -0.322462 -1.296353
v -1.653705 -0.271092 -1.238042
v -1.653705 -0.244706 -1.264183
v -1.653705 -0.322492 -1.259166
v -1.653705 -0.249798 -1.186267
v -1.653705 -0.400213 -1.264183
v -1.653705 -0.212499 -1.186267
v -1.653705 -0.373898 -1.238042
v -1.653705 -0.244706 -1.108856
v -1.653705 -0.432416 -1.186267
v -1.653705 -0.271092 -1.134997
v -1.653705 -0.395187 -1.186267
v -1.653705 -0.322462 -1.076687
v -1.653705 -0.373898 -1.134997
v -1.653705 -0.322492 -1.113888
v -1.653705 -0.400213 -1.108856
v -1.619220 -0.332189 0.439440
v -1.619220 -0.218606 0.553040
v -1.619220 -0.251869 0.472607
v -1.619220 -0.412504 0.472607
v -1.619220 -0.445772 0.553040
v -1.619220 -0.412504 0.633472
v -1.619220 -0.332189 0.666655
v -1.619220 -0.251869 0.633472
v -1.619220 -0.445772 -0.549358
v -1.619220 -0.218606 -0.549358
v -1.619220 -0.412504 -0.629790
v -1.619220 -0.332189 -0.662973
v -1.619220 -0.251869 -0.629790
v -1.619220 -0.412504 -0.468926
v -1.619220 -0.332189 -0.435759
v -1.619220 -0.251869 -0.468926
v -1.601979 -0.228032 1.585575
v -1.601979 -0.228032 1.515697
v -1.601979 -0.263024 1.550890
v -1.601979 -0.252779 1.525746
v -1.601979 -0.252779 1.575511
v -1.601979 -0.193034 1.550890
v -1.601979 -0.203284 1.525746
v -1.601979 -0.203284 1.575511
v -1.601979 -0.193034 -1.546701
v -1.601979 -0.263024 -1.546701
v -1.601979 -0.203284 -1.522064
v -1.601979 -0.228032 -1.512016
v -1.601979 -0.252779 -1.522064
v -1.601979 -0.203284 -1.571830
v -1.601979 -0.228032 -1.581894
v -1.601979 -0.252779 -1.571830
v -1.551107 -0.322502 1.076840
v -1.551107 -0.208919 1.189948
v -1.551107 -0.242187 1.110022
v -1.551107 -0.402817 1.110022
v -1.551107 -0.402817 1.270381
v -1.551107 -0.436085 1.189948
v -1.551107 -0.322502 1.303563
v -1.551107 -0.242187 1.270381
v -1.551107 -0.402817 -1.106340
v -1.551107 -0.402817 -1.266699
v -1.551107 -0.436085 -1.186267
v -1.551107 -0.208919 -1.186267
v -1.551107 -0.322502 -1.299881
v -1.551107 -0.242187 -1.266699
v -1.551107 -0.322502 -1.072667
v -1.551107 -0.242187 -1.106340
v -1.514058 -0.175129 1.925898
v -1.514058 -0.234868 1.901261
v -1.514058 -0.224618 1.925898
v -1.514058 -0.199871 1.935946
v -1.514058 -0.199871 1.866068
v -1.514058 -0.224618 1.876623
v -1.514058 -0.175129 1.876623
v -1.514058 -0.164874 1.901261
v -1.514059 -0.175129 -1.922216
v -1.514059 -0.175129 -1.872435
v -1.514059 -0.164874 -1.897578
v -1.514059 -0.199871 -1.862387
v -1.514059 -0.234868 -1.897578
v -1.514059 -0.224618 -1.872435
v -1.514059 -0.224618 -1.922216
v -1.514059 -0.199871 -1.932265
v -2.002674 -0.229374 0.802882
v -2.002674 -0.229374 0.882302
v -2.002674 -0.229374 0.842584
v -2.019363 -0.187218 0.842584
v -2.002674 -0.229374 -0.799200
v -2.002674 -0.229374 -0.878114
v -2.002674 -0.229374 -0.838902
v -2.019364 -0.187218 -0.838902
v -1.205808 0.099542 2.851339
v -1.239086 0.087608 2.779466
v -1.236674 0.152390 2.861908
v -1.273369 0.149464 2.788011
v -1.310066 0.146543 2.714620
v -1.272365 0.075679 2.708085
v -1.502043 0.055933 1.907796
v -1.456499 -0.014916 1.901261
v -1.770933 -0.027202 0.922526
v -1.713224 -0.097749 0.914978
v -1.903392 -0.027342 0.504287
v -1.845633 -0.097749 0.497245
v -1.978093 -0.059389 0.079512
v -2.035299 0.042305 0.086538
v -1.239086 0.087608 -2.775785
v -1.205808 0.099542 -2.847656
v -1.236674 0.152390 -2.857720
v -1.273370 0.149464 -2.784329
v -1.310067 0.146543 -2.710938
v -1.272365 0.075679 -2.704403
v -1.502043 0.055933 -1.904114
v -1.456499 -0.014916 -1.897578
v -1.770933 -0.027202 -0.918844
v -1.713224 -0.097749 -0.911296
v -1.903392 -0.027342 -0.500099
v -1.845633 -0.097749 -0.493563
v -1.978093 -0.059389 -0.075830
v -2.035299 0.042305 -0.082856
v -2.002674 -0.135366 0.873251
v -2.002674 -0.229374 0.882302
v -2.019363 -0.187218 0.842584
v -2.002674 -0.133109 0.842584
v -2.002674 -0.135366 0.811427
v -2.002674 -0.229374 0.802882
v -2.002674 -0.135366 -0.807745
v -2.002674 -0.229374 -0.799200
v -2.019364 -0.187218 -0.838902
v -2.002674 -0.133109 -0.838902
v -2.002674 -0.135366 -0.869569
v -2.002674 -0.229374 -0.878114
v -1.637016 -0.322412 1.331208
v -1.637016 -0.422106 1.289986
v -1.637016 -0.222718 1.289986
v -1.653705 -0.244706 1.267865
v -1.653705 -0.322462 1.300035
v -1.653705 -0.212499 1.189948
v -1.653705 -0.400213 1.267865
v -1.637016 -0.463402 1.189948
v -1.653705 -0.432416 1.189948
v -1.653705 -0.400213 1.112538
v -1.637016 -0.422106 1.090417
v -1.653705 -0.322462 1.080368
v -1.637016 -0.322412 1.049195
v -1.653705 -0.244706 1.112538
v -1.637016 -0.222718 1.090417
v -1.637016 -0.181427 1.189948
v -1.637016 -0.322412 -1.327526
v -1.637016 -0.422106 -1.286305
v -1.653705 -0.322462 -1.296353
v -1.653705 -0.400213 -1.264183
v -1.653705 -0.244706 -1.264183
v -1.637016 -0.463402 -1.186267
v -1.653705 -0.432416 -1.186267
v -1.653705 -0.400213 -1.108856
v -1.637016 -0.222718 -1.286305
v -1.637016 -0.422106 -1.086735
v -1.653705 -0.322462 -1.076687
v -1.637016 -0.322412 -1.045514
v -1.653705 -0.244706 -1.108856
v -1.653705 -0.212499 -1.186267
v -1.637016 -0.222718 -1.086735
v -1.637016 -0.181427 -1.186267
v -1.705132 -0.332099 0.694299
v -1.705132 -0.232405 0.652572
v -1.721821 -0.254393 0.630956
v -1.721821 -0.332149 0.663126
v -1.721821 -0.222185 0.553040
v -1.705131 -0.431792 0.652572
v -1.721821 -0.409895 0.630956
v -1.705132 -0.191109 0.553040
v -1.705132 -0.232405 0.453508
v -1.721821 -0.254393 0.475123
v -1.705132 -0.332099 0.412287
v -1.721821 -0.332149 0.442954
v -1.705131 -0.431792 0.453508
v -1.721821 -0.409895 0.475123
v -1.705131 -0.473084 0.553040
v -1.721821 -0.442103 0.553040
v -1.705132 -0.332099 -0.690111
v -1.705131 -0.431792 -0.648890
v -1.721821 -0.332149 -0.659445
v -1.721821 -0.409895 -0.627274
v -1.721821 -0.254393 -0.627274
v -1.705131 -0.473084 -0.549358
v -1.721821 -0.442103 -0.549358
v -1.721821 -0.409895 -0.471442
v -1.705132 -0.232405 -0.648890
v -1.705131 -0.431792 -0.449826
v -1.721821 -0.332149 -0.439271
v -1.721821 -0.222185 -0.549358
v -1.705132 -0.191109 -0.549358
v -1.705132 -0.232405 -0.449826
v -1.721821 -0.254393 -0.471442
v -1.705132 -0.332099 -0.408099
v -0.703167 0.481647 0.602300
v -0.708394 0.343684 0.623915
v -0.708394 0.343684 0.659613
v -0.713624 0.205720 0.602300
v -0.704072 0.456654 0.577171
v -0.712669 0.230719 0.577171
v -0.701006 0.538798 0.464063
v -0.715785 0.148574 0.464063
v -0.702314 0.503444 0.464063
v -0.714427 0.183929 0.464063
v -0.704072 0.456654 0.350954
v -0.712669 0.230719 0.350954
v -0.703167 0.481647 0.325826
v -0.713624 0.205720 0.325826
v -0.708394 0.343684 0.304210
v -0.708394 0.343684 0.269018
v -0.712669 0.230719 -0.573489
v -0.715785 0.148574 -0.460381
v -0.714427 0.183929 -0.460381
v -0.712669 0.230719 -0.347272
v -0.713624 0.205720 -0.598617
v -0.713624 0.205720 -0.322144
v -0.708394 0.343684 -0.620233
v -0.708394 0.343684 -0.300528
v -0.708394 0.343684 -0.655425
v -0.708394 0.343684 -0.265336
v -0.703167 0.481647 -0.598617
v -0.703167 0.481647 -0.322144
v -0.704072 0.456654 -0.573489
v -0.704072 0.456654 -0.347272
v -0.701006 0.538798 -0.460381
v -0.702314 0.503444 -0.460381
v -0.703167 0.481647 0.602300
v -0.654607 0.586629 0.464063
v -0.701006 0.538798 0.464063
v -0.703167 0.481647 0.325826
v -0.657323 0.514976 0.636985
v -0.657323 0.514976 0.291140
v -0.708394 0.343684 0.659613
v -0.708394 0.343684 0.269018
v -0.663856 0.342000 0.708873
v -0.713624 0.205720 0.602300
v -0.670443 0.169019 0.636985
v -0.715785 0.148574 0.464063
v -0.673156 0.097370 0.464063
v -0.670443 0.169019 0.291140
v -0.713624 0.205720 0.325826
v -0.663856 0.342000 0.219252
v -0.703167 0.481647 -0.598617
v -0.654607 0.586629 -0.460381
v -0.657323 0.514976 -0.633304
v -0.701006 0.538798 -0.460381
v -0.703167 0.481647 -0.322144
v -0.708394 0.343684 -0.655425
v -0.657323 0.514976 -0.287458
v -0.708394 0.343684 -0.265336
v -0.663856 0.342000 -0.215571
v -0.713624 0.205720 -0.322144
v -0.670443 0.169019 -0.287458
v -0.715785 0.148574 -0.460381
v -0.673156 0.097370 -0.460381
v -0.670443 0.169019 -0.633304
v -0.713624 0.205720 -0.598617
v -0.663856 0.342000 -0.705191
v -0.537178 0.181375 -0.059231
v -0.537178 0.296250 -0.247250
v -0.537178 0.128859 -0.110516
v -0.537178 0.223571 -0.304042
v -0.537178 0.128859 0.114198
v -0.537178 0.296250 0.250931
v -0.537178 0.181375 0.062913
v -0.537178 0.223571 0.307723
v -0.528584 0.377118 0.423854
v -0.530091 0.336933 0.407255
v -0.531650 0.296748 0.423854
v -0.564826 0.338250 0.464063
v -0.532252 0.280098 0.464063
v -0.527979 0.393762 0.464063
v -0.528584 0.377118 0.504286
v -0.530091 0.336933 0.520870
v -0.531650 0.296748 0.504286
v -0.528584 0.377118 -0.420172
v -0.530091 0.336933 -0.403573
v -0.531650 0.296748 -0.420172
v -0.564826 0.338250 -0.460381
v -0.532252 0.280098 -0.460381
v -0.527979 0.393762 -0.460381
v -0.528584 0.377118 -0.500605
v -0.530091 0.336933 -0.517188
v -0.531650 0.296748 -0.500605
v 0.754133 0.005247 0.921513
v 0.754133 0.033046 0.002086
v 0.770623 -0.001584 0.002086
v 0.770623 -0.029383 0.921513
v 0.754133 0.005247 -0.917831
v 0.770623 -0.029383 -0.917831
v 0.795255 0.688203 0.886827
v 0.787312 0.658590 0.973795
v 0.795255 0.688203 0.973795
v 0.787312 0.658590 0.886827
v 0.686321 0.135887 0.973795
v 0.686321 0.135887 0.886827
v 0.674608 -0.055081 0.886827
v 0.674608 -0.055081 0.973795
v 0.723419 -0.182950 0.886827
v 0.723419 -0.182950 0.973795
v 0.795254 0.688203 -0.970113
v 0.787312 0.658590 -0.883146
v 0.795254 0.688203 -0.883146
v 0.787312 0.658590 -0.970113
v 0.686321 0.135887 -0.970113
v 0.686321 0.135887 -0.883146
v 0.674608 -0.055081 -0.883146
v 0.674608 -0.055081 -0.970113
v 0.723419 -0.182950 -0.883146
v 0.723419 -0.182950 -0.970113
v -1.308207 0.003387 -1.941806
v -0.736043 -0.153080 -1.918687
v -1.400149 -0.153080 -1.918687
v -0.778320 0.003387 -1.941806
v -1.445642 -0.021466 -1.589426
v -0.873480 -0.188143 -1.566307
v -1.537584 -0.188143 -1.566307
v -0.915756 -0.021466 -1.589426
v -1.518784 -0.059364 -1.231507
v -0.946619 -0.229444 -1.208388
v -1.610726 -0.229444 -1.208388
v -0.988897 -0.059364 -1.231507
v -1.793756 0.560525 -0.063757
v -1.766862 0.321027 -0.063757
v -1.825123 0.556025 -0.076827
v -1.798481 0.317453 -0.076827
v -1.856792 0.551511 -0.063757
v -1.830049 0.313879 -0.063757
v -1.853325 0.608742 -0.064263
v -1.822208 0.600428 -0.076827
v -1.791845 0.592214 -0.063251
v -1.780385 0.615006 -0.063251
v -1.804664 0.635038 -0.076827
v -1.829546 0.655624 -0.064263
v -1.605749 -0.082664 -0.592589
v -1.033585 -0.239131 -0.569470
v -1.697692 -0.239131 -0.569470
v -1.075863 -0.082664 -0.592589
v -1.788074 0.687836 -0.064263
v -1.773698 0.658997 -0.076827
v -1.759573 0.630891 -0.063251
v -1.727852 0.639783 -0.063757
v -1.730517 0.671348 -0.076827
v -0.023026 0.534174 -0.063757
v -1.733282 0.703228 -0.063757
v -0.009806 0.596462 -0.063757
v -0.016441 0.565164 -0.076827
v 0.042675 0.574429 -0.064263
v 0.024880 0.547580 -0.076827
v 0.007386 0.521430 -0.063251
v 0.026086 0.503102 -0.063251
v 0.052628 0.519988 -0.076827
v 0.034582 0.479069 -0.063251
v 0.065748 0.483477 -0.076827
v 0.032622 0.447384 -0.063757
v -0.023680 0.213045 -0.063757
v 0.063185 0.439049 -0.076827
v 0.007286 0.205595 -0.076827
v 0.038202 0.198140 -0.063757
v 0.094050 0.430654 -0.063757
v 0.097669 0.487881 -0.064263
v 0.079824 0.537341 -0.064263
v -1.027052 -0.082568 -0.180379
v -1.004631 -0.175646 -0.179381
v -1.027052 -0.172922 -0.195965
v -1.011166 -0.069629 -0.161785
v -2.066515 -0.172922 -0.195965
v -2.101050 -0.082568 -0.180379
v -1.027052 -0.263280 -0.211045
v -1.011166 -0.281664 -0.197484
v -1.968290 -0.286761 -0.198480
v -2.084913 -0.188324 -0.181897
v -1.960449 -0.263280 -0.211045
v -2.101050 -0.088012 0.151891
v -1.027052 -0.088012 0.151891
v -2.066515 -0.178366 0.167477
v -2.084913 -0.188324 0.185579
v -1.968290 -0.286761 0.202163
v -1.960449 -0.268725 0.182557
v -1.027052 -0.178366 0.167477
v -1.004631 -0.175646 0.183569
v -1.011166 -0.069629 0.165467
v -1.027052 -0.268725 0.182557
v -1.011166 -0.281664 0.201165
v -1.605749 -0.082664 0.511313
v -1.033585 -0.239131 0.534446
v -1.697691 -0.239131 0.534446
v -1.075863 -0.082664 0.511313
v -1.518784 -0.059364 1.150737
v -0.946619 -0.229444 1.173871
v -1.610725 -0.229444 1.173871
v -0.988897 -0.059364 1.150737
v -1.445642 -0.021466 1.508656
v -0.873480 -0.188143 1.531775
v -1.537584 -0.188143 1.531775
v -0.915756 -0.021466 1.508656
v -1.308206 0.003387 1.860546
v -0.736043 -0.153080 1.883665
v -1.400149 -0.153080 1.883665
v -0.778320 0.003387 1.860546
v -1.829546 0.655624 -0.064263
v -1.840003 0.664270 -0.032093
v -1.829546 0.655624 0.000583
v -1.794058 0.699951 -0.032093
v -1.788074 0.687836 -0.064263
v -1.788074 0.687836 0.000077
v -1.734439 0.716540 -0.032093
v -1.733282 0.703228 -0.063757
v -0.009806 0.596462 -0.063757
v 0.042675 0.574429 -0.064263
v -0.006990 0.609527 -0.032093
v -0.009806 0.596462 0.000077
v -1.733282 0.703228 0.000077
v 0.042675 0.574429 0.000077
v 0.079824 0.537341 0.000583
v 0.091285 0.544635 -0.032093
v 0.079824 0.537341 -0.064263
v 0.050116 0.585710 -0.032093
v -1.793756 0.560525 -0.000414
v -1.766862 0.321027 0.000077
v -1.753741 0.322510 -0.032093
v -1.780835 0.562359 -0.032093
v -1.793756 0.560525 -0.063757
v -1.766862 0.321027 -0.063757
v -1.779530 0.588800 -0.032093
v -1.791845 0.592214 -0.063251
v -1.791845 0.592214 -0.000414
v -1.770631 0.606958 -0.032093
v -1.780385 0.615006 -0.063251
v -1.780385 0.615006 -0.000414
v 0.097669 0.487881 0.000077
v 0.079824 0.537341 0.000583
v 0.094050 0.430654 0.000077
v 0.038202 0.198140 0.000077
v 0.111092 0.489721 -0.032093
v 0.106970 0.427171 -0.032093
v 0.051019 0.195058 -0.032093
v 0.038202 0.198140 -0.063757
v 0.094050 0.430654 -0.063757
v 0.097669 0.487881 -0.064263
v 0.091285 0.544635 -0.032093
v 0.079824 0.537341 -0.064263
v -0.778320 0.003387 1.945488
v -0.736043 -0.153080 1.922370
v -0.736043 -0.153080 1.883665
v -0.778320 0.003387 1.860546
v -0.736043 -0.153080 -1.918687
v -0.778320 0.003387 -1.856864
v -0.736043 -0.153080 -1.879983
v -0.778320 0.003387 -1.941806
v -0.873480 -0.188143 1.569989
v -0.915756 -0.021466 1.508656
v -0.915756 -0.021466 1.593108
v -0.873480 -0.188143 1.531775
v -0.873480 -0.188143 -1.566307
v -0.915756 -0.021466 -1.504974
v -0.873480 -0.188143 -1.528093
v -0.915756 -0.021466 -1.589426
v -0.988897 -0.059364 1.235189
v -0.946619 -0.229444 1.212070
v -0.946619 -0.229444 1.173871
v -0.988897 -0.059364 1.150737
v -0.946619 -0.229444 -1.208388
v -0.988897 -0.059364 -1.231507
v -0.946619 -0.229444 -1.170189
v -0.988897 -0.059364 -1.147055
v -1.075863 -0.082664 0.596270
v -1.033585 -0.239131 0.573152
v -1.033585 -0.239131 0.534446
v -1.075863 -0.082664 0.511313
v -1.075863 -0.082664 -0.592589
v -1.033585 -0.239131 -0.530765
v -1.033585 -0.239131 -0.569470
v -1.075863 -0.082664 -0.507631
v -1.400149 -0.153080 1.922370
v -0.736043 -0.153080 1.922370
v -1.308206 0.003387 1.945488
v -0.778320 0.003387 1.945488
v -1.537584 -0.188143 1.569989
v -0.873480 -0.188143 1.569989
v -1.445642 -0.021466 1.593108
v -0.915756 -0.021466 1.593108
v -1.610725 -0.229444 1.212070
v -0.946619 -0.229444 1.212070
v -1.518784 -0.059364 1.235189
v -0.988897 -0.059364 1.235189
v -1.697691 -0.239131 0.573152
v -1.033585 -0.239131 0.573152
v -1.605749 -0.082664 0.596270
v -1.075863 -0.082664 0.596270
v -1.793756 0.560525 -0.000414
v -1.766862 0.321027 0.000077
v -1.825123 0.556025 0.013147
v -1.798481 0.317453 0.013147
v -1.856792 0.551511 0.000077
v -1.830049 0.313879 0.000077
v -1.853325 0.608742 0.000077
v -1.822208 0.600428 0.013147
v -1.791845 0.592214 -0.000414
v -1.780385 0.615006 -0.000414
v -1.804664 0.635038 0.013147
v -1.829546 0.655624 0.000583
v -1.788074 0.687836 0.000077
v -1.773698 0.658997 0.013147
v -1.759573 0.630891 -0.000414
v -1.727852 0.639783 -0.000414
v -0.009806 0.596462 0.000077
v -1.733282 0.703228 0.000077
v -1.730517 0.671348 0.013147
v -0.023026 0.534174 -0.000414
v -0.016441 0.565164 0.013147
v 0.042675 0.574429 0.000077
v 0.024880 0.547580 0.013147
v 0.007386 0.521430 -0.000414
v 0.026086 0.503102 -0.000414
v 0.052628 0.519988 0.013147
v 0.034582 0.479069 -0.000414
v 0.065748 0.483477 0.013147
v 0.097669 0.487881 0.000077
v 0.079824 0.537341 0.000583
v 0.032622 0.447384 -0.000414
v -0.023680 0.213045 0.000077
v 0.063185 0.439049 0.013147
v 0.007286 0.205595 0.013147
v 0.094050 0.430654 0.000077
v 0.038202 0.198140 0.000077
v -1.027052 -0.082568 0.184060
v -1.027052 -0.172922 0.199647
v -1.004631 -0.175646 0.183569
v -1.011166 -0.069629 0.165467
v -2.066515 -0.172922 0.199647
v -2.101050 -0.082568 0.184060
v -1.027052 -0.263280 0.214727
v -1.011166 -0.281664 0.201165
v -1.968290 -0.286761 0.202163
v -1.960449 -0.263280 0.214727
v -2.084913 -0.188324 0.185579
v -1.027052 -0.088012 -0.148208
v -2.101050 -0.088012 -0.148208
v -2.066515 -0.178366 -0.163289
v -2.084913 -0.188324 -0.181897
v -1.968290 -0.286761 -0.198480
v -1.960449 -0.268725 -0.178875
v -1.027052 -0.178366 -0.163289
v -1.004631 -0.175646 -0.179381
v -1.011166 -0.069629 -0.161785
v -1.027052 -0.268725 -0.178875
v -1.011166 -0.281664 -0.197484
v -1.605749 -0.082664 -0.507631
v -1.033585 -0.239131 -0.530765
v -1.075863 -0.082664 -0.507631
v -1.697692 -0.239131 -0.530765
v -1.518784 -0.059364 -1.147055
v -0.946619 -0.229444 -1.170189
v -0.988897 -0.059364 -1.147055
v -1.610726 -0.229444 -1.170189
v -1.445642 -0.021466 -1.504974
v -0.873480 -0.188143 -1.528093
v -0.915756 -0.021466 -1.504974
v -1.537584 -0.188143 -1.528093
v -1.308207 0.003387 -1.856864
v -0.736043 -0.153080 -1.879983
v -0.778320 0.003387 -1.856864
v -1.400149 -0.153080 -1.879983
v -1.770631 0.606958 -0.032093
v -1.780385 0.615006 -0.063251
v -1.780385 0.615006 -0.000414
v -1.759573 0.630891 -0.063251
v -1.759573 0.630891 -0.000414
v -1.753741 0.619505 -0.032093
v -1.727852 0.639783 -0.063757
v -1.727852 0.639783 -0.000414
v -1.726747 0.626764 -0.032093
v -0.025741 0.521390 -0.032093
v -0.023026 0.534174 -0.063757
v -0.023026 0.534174 -0.000414
v 0.000199 0.510854 -0.032093
v 0.007386 0.521430 -0.000414
v 0.007386 0.521430 -0.063251
v 0.015378 0.496321 -0.032093
v 0.026086 0.503102 -0.000414
v 0.026086 0.503102 -0.063251
v -1.968290 -0.286761 -0.198480
v -1.960449 -0.268725 -0.178875
v -1.027052 -0.268725 -0.178875
v -1.011166 -0.281664 -0.197484
v -1.968290 -0.286761 0.202163
v -1.960449 -0.268725 0.182557
v -1.027052 -0.268725 0.182557
v -1.011166 -0.281664 0.201165
v -1.856792 0.551511 0.000077
v -1.830049 0.313879 0.000077
v -1.856792 0.551511 -0.063757
v -1.830049 0.313879 -0.063757
v -1.870064 0.549646 -0.032093
v -1.843169 0.312396 -0.032093
v -1.853325 0.608742 -0.064263
v -1.853325 0.608742 0.000077
v -1.866445 0.612226 -0.032093
v -1.829546 0.655624 -0.064263
v -1.840003 0.664270 -0.032093
v -1.829546 0.655624 0.000583
v 0.015378 0.496321 -0.032093
v 0.026086 0.503102 -0.000414
v 0.026086 0.503102 -0.063251
v 0.034582 0.479069 -0.000414
v 0.022015 0.477204 -0.032093
v 0.034582 0.479069 -0.063251
v 0.020004 0.450802 -0.032093
v 0.032622 0.447384 -0.063757
v 0.032622 0.447384 -0.000414
v -0.036449 0.216131 -0.032093
v -0.023680 0.213045 -0.063757
v -0.023680 0.213045 0.000077
v -1.605749 -0.082664 0.511313
v -1.697691 -0.239131 0.573152
v -1.605749 -0.082664 0.596270
v -1.697691 -0.239131 0.534446
v -1.605749 -0.082664 -0.592589
v -1.697692 -0.239131 -0.569470
v -1.605749 -0.082664 -0.507631
v -1.697692 -0.239131 -0.530765
v -1.518784 -0.059364 1.235189
v -1.610725 -0.229444 1.173871
v -1.610725 -0.229444 1.212070
v -1.518784 -0.059364 1.150737
v -1.518784 -0.059364 -1.231507
v -1.610726 -0.229444 -1.170189
v -1.518784 -0.059364 -1.147055
v -1.610726 -0.229444 -1.208388
v -1.445642 -0.021466 1.593108
v -1.537584 -0.188143 1.531775
v -1.537584 -0.188143 1.569989
v -1.445642 -0.021466 1.508656
v -1.445642 -0.021466 -1.589426
v -1.537584 -0.188143 -1.566307
v -1.445642 -0.021466 -1.504974
v -1.537584 -0.188143 -1.528093
v -2.101050 -0.082568 0.184060
v -2.084913 -0.188324 0.185579
v -2.119549 -0.072690 0.165974
v -2.101050 -0.082568 -0.180379
v -2.084913 -0.188324 -0.181897
v -2.119549 -0.072690 -0.162291
v -1.308206 0.003387 1.860546
v -1.400149 -0.153080 1.922370
v -1.308206 0.003387 1.945488
v -1.400149 -0.153080 1.883665
v -1.308207 0.003387 -1.941806
v -1.400149 -0.153080 -1.918687
v -1.308207 0.003387 -1.856864
v -1.400149 -0.153080 -1.879983
v -2.101050 -0.088012 -0.148208
v -2.119549 -0.072690 -0.162291
v -2.084913 -0.188324 -0.181897
v -2.101050 -0.088012 0.151891
v -2.084913 -0.188324 0.185579
v -2.119549 -0.072690 0.165974
v -4.122621 -0.191798 0.035269
v -3.998307 -0.191798 0.035269
v -4.122621 -0.158621 0.048846
v -3.998307 -0.158621 0.048846
v -4.122621 -0.125443 0.035269
v -3.998307 -0.125443 0.035269
v -1.816729 -0.386133 -0.603143
v -1.571718 -0.386133 -0.603143
v -1.571718 -0.332451 -0.625265
v -1.816729 -0.332451 -0.625265
v -1.571718 -0.278768 -0.603143
v -1.816729 -0.278768 -0.603143
v -1.571718 -0.386133 0.499255
v -1.816729 -0.386133 0.499255
v -1.571718 -0.332451 0.477133
v -1.816729 -0.332451 0.477133
v -1.571718 -0.278768 0.499255
v -1.816729 -0.278768 0.499255
v -4.122621 -0.206020 -0.045670
v -3.751335 -0.206020 -0.045670
v -3.751335 -0.158621 -0.065275
v -4.122621 -0.158621 -0.065275
v -3.751335 -0.111222 -0.045670
v -4.122621 -0.111222 -0.045670
v -1.734690 -0.362512 0.583200
v -1.816729 -0.370027 0.590748
v -1.816729 -0.332451 0.606334
v -1.734690 -0.302390 0.583200
v -1.816729 -0.294875 0.590748
v -1.734690 -0.332451 0.595764
v -1.816729 -0.370027 -0.511666
v -1.734690 -0.362512 -0.519198
v -1.816729 -0.332451 -0.496079
v -1.734690 -0.332451 -0.506634
v -1.734690 -0.302390 -0.519198
v -1.816729 -0.294875 -0.511666
v -1.666574 -0.292703 1.220109
v -1.748614 -0.285188 1.227656
v -1.748614 -0.322764 1.243243
v -1.666574 -0.352830 1.220109
v -1.748614 -0.360345 1.227656
v -1.666574 -0.322764 1.232673
v -1.748614 -0.360345 -1.149065
v -1.666574 -0.352830 -1.156106
v -1.748614 -0.322764 -1.133494
v -1.666574 -0.322764 -1.144048
v -1.666574 -0.292703 -1.156106
v -1.748614 -0.285188 -1.149065
v -1.748614 -0.376446 1.136669
v -1.503602 -0.376446 1.136669
v -1.503602 -0.322764 1.114042
v -1.748614 -0.322764 1.114042
v -1.503602 -0.269081 1.136669
v -1.748614 -0.269081 1.136669
v -1.748614 -0.376446 -1.240052
v -1.503602 -0.376446 -1.240052
v -1.748614 -0.322764 -1.262174
v -1.503602 -0.322764 -1.262174
v -1.748614 -0.269081 -1.240052
v -1.503602 -0.269081 -1.240052
v -3.998307 -0.191798 -0.031081
v -4.122621 -0.191798 -0.031081
v -4.122621 -0.205542 0.002086
v -3.998307 -0.205542 0.002086
v -4.122621 -0.191798 0.035269
v -3.998307 -0.191798 0.035269
v -1.571718 -0.278768 -0.495573
v -1.816729 -0.278768 -0.495573
v -1.571718 -0.256529 -0.549358
v -1.816729 -0.256529 -0.549358
v -1.571718 -0.278768 -0.603143
v -1.816729 -0.278768 -0.603143
v -1.571718 -0.278768 0.499255
v -1.816729 -0.278768 0.499255
v -1.571718 -0.256529 0.553040
v -1.571718 -0.278768 0.606825
v -1.816729 -0.256529 0.553040
v -1.816729 -0.278768 0.606825
v -3.751335 -0.111222 -0.045670
v -4.122621 -0.111222 -0.045670
v -3.751335 -0.091587 0.002086
v -4.122621 -0.111222 0.049352
v -4.122621 -0.091587 0.002086
v -3.751335 -0.111222 0.049352
v -1.734690 -0.362512 0.522880
v -1.816729 -0.370027 0.515347
v -1.816729 -0.385595 0.553040
v -1.734690 -0.374963 0.553040
v -1.734690 -0.362512 0.583200
v -1.816729 -0.370027 0.590748
v -1.816729 -0.370027 -0.511666
v -1.734690 -0.362512 -0.519198
v -1.816729 -0.385595 -0.549358
v -1.734690 -0.374963 -0.549358
v -1.734690 -0.362512 -0.579518
v -1.816729 -0.370027 -0.587066
v -1.666574 -0.352830 1.160295
v -1.748614 -0.360345 1.152747
v -1.748614 -0.375908 1.189948
v -1.666574 -0.365281 1.189948
v -1.666574 -0.352830 1.220109
v -1.748614 -0.360345 1.227656
v -1.748614 -0.360345 -1.149065
v -1.666574 -0.352830 -1.156106
v -1.748614 -0.375908 -1.186267
v -1.666574 -0.365281 -1.186267
v -1.666574 -0.352830 -1.216427
v -1.748614 -0.360345 -1.223975
v -1.503602 -0.269081 1.136669
v -1.748614 -0.269081 1.136669
v -1.503602 -0.246847 1.189948
v -1.748614 -0.269081 1.243734
v -1.748614 -0.246847 1.189948
v -1.503602 -0.269081 1.243734
v -1.503602 -0.269081 -1.132481
v -1.748614 -0.269081 -1.132481
v -1.503602 -0.246847 -1.186267
v -1.748614 -0.246847 -1.186267
v -1.748614 -0.269081 -1.240052
v -1.503602 -0.269081 -1.240052
v -3.998307 -0.191798 -0.031081
v -4.122621 -0.191798 -0.031081
v -3.998307 -0.158621 -0.045164
v -4.122621 -0.158621 -0.045164
v -3.998307 -0.125443 -0.031081
v -4.122621 -0.125443 -0.031081
v -1.571718 -0.386133 -0.495573
v -1.816729 -0.386133 -0.495573
v -1.571718 -0.332451 -0.473451
v -1.816729 -0.332451 -0.473451
v -1.571718 -0.278768 -0.495573
v -1.816729 -0.278768 -0.495573
v -1.816729 -0.386133 0.606825
v -1.571718 -0.386133 0.606825
v -1.571718 -0.332451 0.628947
v -1.816729 -0.332451 0.628947
v -1.571718 -0.278768 0.606825
v -1.816729 -0.278768 0.606825
v -4.122621 -0.206020 0.049352
v -3.751335 -0.206020 0.049352
v -4.122621 -0.158621 0.068958
v -3.751335 -0.158621 0.068958
v -4.122621 -0.111222 0.049352
v -3.751335 -0.111222 0.049352
v -1.734690 -0.362512 0.522880
v -1.816729 -0.370027 0.515347
v -1.816729 -0.332451 0.499761
v -1.734690 -0.332451 0.510315
v -1.734690 -0.302390 0.522880
v -1.816729 -0.294875 0.515347
v -1.734690 -0.362512 -0.579518
v -1.816729 -0.370027 -0.587066
v -1.816729 -0.332451 -0.602653
v -1.734690 -0.302390 -0.579518
v -1.816729 -0.294875 -0.587066
v -1.734690 -0.332451 -0.591591
v -1.666574 -0.352830 1.160295
v -1.748614 -0.360345 1.152747
v -1.748614 -0.322764 1.137176
v -1.666574 -0.322764 1.147730
v -1.666574 -0.292703 1.160295
v -1.748614 -0.285188 1.152747
v -1.666574 -0.352830 -1.216427
v -1.748614 -0.360345 -1.223975
v -1.748614 -0.322764 -1.239561
v -1.666574 -0.292703 -1.216427
v -1.666574 -0.322764 -1.228991
v -1.748614 -0.285188 -1.223975
v -1.748614 -0.376446 1.243734
v -1.503602 -0.376446 1.243734
v -1.748614 -0.322764 1.265855
v -1.503602 -0.322764 1.265855
v -1.748614 -0.269081 1.243734
v -1.503602 -0.269081 1.243734
v -1.503602 -0.376446 -1.132481
v -1.748614 -0.376446 -1.132481
v -1.503602 -0.322764 -1.110360
v -1.748614 -0.322764 -1.110360
v -1.503602 -0.269081 -1.132481
v -1.748614 -0.269081 -1.132481
v -3.998307 -0.125443 -0.031081
v -4.122621 -0.125443 -0.031081
v -4.122621 -0.125443 0.035269
v -3.998307 -0.111700 0.002086
v -4.122621 -0.111700 0.002086
v -3.998307 -0.125443 0.035269
v -1.571718 -0.386133 -0.495573
v -1.816729 -0.386133 -0.495573
v -1.816729 -0.408367 -0.549358
v -1.571718 -0.408367 -0.549358
v -1.816729 -0.386133 -0.603143
v -1.571718 -0.386133 -0.603143
v -1.571718 -0.386133 0.499255
v -1.816729 -0.408367 0.553040
v -1.816729 -0.386133 0.499255
v -1.571718 -0.408367 0.553040
v -1.816729 -0.386133 0.606825
v -1.571718 -0.386133 0.606825
v -4.122621 -0.206020 -0.045670
v -3.751335 -0.206020 -0.045670
v -4.122621 -0.225655 0.002086
v -3.751335 -0.225655 0.002086
v -4.122621 -0.206020 0.049352
v -3.751335 -0.206020 0.049352
v -1.734690 -0.302390 0.522880
v -1.816729 -0.294875 0.515347
v -1.816729 -0.279306 0.553040
v -1.734690 -0.289938 0.553040
v -1.734690 -0.302390 0.583200
v -1.816729 -0.294875 0.590748
v -1.734690 -0.302390 -0.519198
v -1.816729 -0.294875 -0.511666
v -1.816729 -0.279306 -0.549358
v -1.734690 -0.289938 -0.549358
v -1.734690 -0.302390 -0.579518
v -1.816729 -0.294875 -0.587066
v -1.666574 -0.292703 1.160295
v -1.748614 -0.285188 1.152747
v -1.748614 -0.269624 1.189948
v -1.666574 -0.292703 1.220109
v -1.666574 -0.280251 1.189948
v -1.748614 -0.285188 1.227656
v -1.666574 -0.292703 -1.216427
v -1.748614 -0.285188 -1.223975
v -1.748614 -0.269624 -1.186267
v -1.666574 -0.292703 -1.156106
v -1.748614 -0.285188 -1.149065
v -1.666574 -0.280251 -1.186267
v -1.748614 -0.376446 1.136669
v -1.503602 -0.376446 1.136669
v -1.748614 -0.398685 1.189948
v -1.503602 -0.398685 1.189948
v -1.748614 -0.376446 1.243734
v -1.503602 -0.376446 1.243734
v -1.503602 -0.376446 -1.132481
v -1.748614 -0.376446 -1.132481
v -1.748614 -0.398685 -1.186267
v -1.503602 -0.398685 -1.186267
v -1.748614 -0.376446 -1.240052
v -1.503602 -0.376446 -1.240052
v -4.122621 -0.111222 0.049352
v -4.122621 -0.091587 0.002086
v -4.122621 -0.125443 0.035269
v -4.122621 -0.158621 0.068958
v -4.122621 -0.111700 0.002086
v -4.122621 -0.158621 0.048846
v -4.122621 -0.111222 -0.045670
v -4.122621 -0.206020 0.049352
v -4.122621 -0.125443 -0.031081
v -4.122621 -0.191798 0.035269
v -4.122621 -0.158621 -0.065275
v -4.122621 -0.225655 0.002086
v -4.122621 -0.158621 -0.045164
v -4.122621 -0.205542 0.002086
v -4.122621 -0.206020 -0.045670
v -4.122621 -0.191798 -0.031081
v -3.998307 -0.191798 -0.031081
v -3.998307 -0.158621 -0.045164
v -3.998307 -0.205542 0.002086
v -3.998307 -0.125443 -0.031081
v -3.998307 -0.191798 0.035269
v -3.998307 -0.158621 0.048846
v -3.998307 -0.111700 0.002086
v -3.998307 -0.125443 0.035269
v -1.816729 -0.278768 0.606825
v -1.816729 -0.279306 0.553040
v -1.816729 -0.294875 0.590748
v -1.816729 -0.256529 0.553040
v -1.816729 -0.332451 0.628947
v -1.816729 -0.278768 0.499255
v -1.816729 -0.332451 0.606334
v -1.816729 -0.294875 0.515347
v -1.816729 -0.386133 0.606825
v -1.816729 -0.332451 0.477133
v -1.816729 -0.370027 0.590748
v -1.816729 -0.332451 0.499761
v -1.816729 -0.385595 0.553040
v -1.816729 -0.386133 0.499255
v -1.816729 -0.408367 0.553040
v -1.816729 -0.370027 0.515347
v -1.816729 -0.278768 -0.603143
v -1.816729 -0.279306 -0.549358
v -1.816729 -0.256529 -0.549358
v -1.816729 -0.278768 -0.495573
v -1.816729 -0.294875 -0.587066
v -1.816729 -0.294875 -0.511666
v -1.816729 -0.332451 -0.625265
v -1.816729 -0.332451 -0.473451
v -1.816729 -0.332451 -0.602653
v -1.816729 -0.332451 -0.496079
v -1.816729 -0.386133 -0.603143
v -1.816729 -0.386133 -0.495573
v -1.816729 -0.370027 -0.587066
v -1.816729 -0.370027 -0.511666
v -1.816729 -0.385595 -0.549358
v -1.816729 -0.408367 -0.549358
v -1.734690 -0.362512 0.522880
v -1.734690 -0.374963 0.553040
v -1.734690 -0.362512 0.583200
v -1.734690 -0.332451 0.510315
v -1.734690 -0.302390 0.522880
v -1.734690 -0.289938 0.553040
v -1.734690 -0.302390 0.583200
v -1.734690 -0.332451 0.595764
v -1.734690 -0.362512 -0.519198
v -1.734690 -0.374963 -0.549358
v -1.734690 -0.362512 -0.579518
v -1.734690 -0.332451 -0.506634
v -1.734690 -0.302390 -0.519198
v -1.734690 -0.289938 -0.549358
v -1.734690 -0.302390 -0.579518
v -1.734690 -0.332451 -0.591591
v -1.748614 -0.269081 1.243734
v -1.748614 -0.269624 1.189948
v -1.748614 -0.285188 1.227656
v -1.748614 -0.322764 1.243243
v -1.748614 -0.246847 1.189948
v -1.748614 -0.322764 1.265855
v -1.748614 -0.285188 1.152747
v -1.748614 -0.360345 1.227656
v -1.748614 -0.269081 1.136669
v -1.748614 -0.376446 1.243734
v -1.748614 -0.322764 1.137176
v -1.748614 -0.375908 1.189948
v -1.748614 -0.322764 1.114042
v -1.748614 -0.398685 1.189948
v -1.748614 -0.360345 1.152747
v -1.748614 -0.376446 1.136669
v -1.748614 -0.269081 -1.240052
v -1.748614 -0.269624 -1.186267
v -1.748614 -0.246847 -1.186267
v -1.748614 -0.285188 -1.149065
v -1.748614 -0.285188 -1.223975
v -1.748614 -0.269081 -1.132481
v -1.748614 -0.322764 -1.239561
v -1.748614 -0.322764 -1.133494
v -1.748614 -0.322764 -1.262174
v -1.748614 -0.322764 -1.110360
v -1.748614 -0.360345 -1.223975
v -1.748614 -0.360345 -1.149065
v -1.748614 -0.376446 -1.240052
v -1.748614 -0.376446 -1.132481
v -1.748614 -0.375908 -1.186267
v -1.748614 -0.398685 -1.186267
v -1.666574 -0.352830 1.160295
v -1.666574 -0.365281 1.189948
v -1.666574 -0.322764 1.147730
v -1.666574 -0.292703 1.160295
v -1.666574 -0.292703 1.220109
v -1.666574 -0.280251 1.189948
v -1.666574 -0.352830 1.220109
v -1.666574 -0.322764 1.232673
v -1.666574 -0.352830 -1.156106
v -1.666574 -0.365281 -1.186267
v -1.666574 -0.322764 -1.144048
v -1.666574 -0.352830 -1.216427
v -1.666574 -0.292703 -1.216427
v -1.666574 -0.322764 -1.228991
v -1.666574 -0.292703 -1.156106
v -1.666574 -0.280251 -1.186267
vn 0.1885 0.0157 -0.9819
vn 0.7328 -0.4570 -0.5041
vn 0.2281 -0.6765 -0.7002
vn 0.1416 0.7077 -0.6921
vn 0.6601 0.5580 -0.5029
vn 0.6982 0.0550 -0.7138
vn 0.7328 -0.4570 -0.5042
vn 0.1415 0.7078 -0.6921
vn 0.0709 0.7092 -0.7014
vn 0.1414 0.0078 -0.9899
vn 0.1414 0.0157 -0.9898
vn 0.2131 -0.6789 -0.7026
vn 0.2132 -0.6869 -0.6948
vn 0.2131 -0.6789 -0.7027
vn -0.1659 0.3865 -0.9073
vn -0.3937 0.6300 -0.6694
vn -0.4091 0.6373 -0.6530
vn 0.1105 0.7106 -0.6949
vn -0.0394 0.3465 -0.9372
vn 0.0471 0.5968 -0.8010
vn 0.0079 0.5692 -0.8222
vn -0.0942 0.5340 -0.8402
vn 0.0395 0.9309 -0.3631
vn -0.1650 0.9114 -0.3771
vn -0.1412 0.5254 -0.8391
vn -0.2844 0.8770 -0.3872
vn -0.0710 0.3554 -0.9320
vn -0.1421 0.4894 -0.8604
vn -0.0865 0.3618 -0.9282
vn -0.2838 0.8592 -0.4258
vn -0.6506 -0.5252 -0.5485
vn -0.0000 -0.0000 -1.0000
vn -0.0236 -0.7069 -0.7069
vn -0.6284 0.0236 -0.7775
vn -0.6058 0.5743 -0.5506
vn 0.0268 0.7068 -0.7069
vn -0.6058 0.5743 -0.5507
vn 0.1261 0.9920 -0.0000
vn 0.1416 0.7079 0.6920
vn 0.6601 0.5579 0.5030
vn 0.6456 0.7637 -0.0000
vn 0.6602 0.5579 -0.5029
vn 0.1416 0.7079 -0.6919
vn 0.1263 0.9920 -0.0000
vn 0.1416 0.7079 -0.6920
vn 0.0709 0.7093 -0.7013
vn 0.0395 0.9992 -0.0000
vn 0.0394 0.9992 -0.0000
vn 0.0709 0.7094 0.7012
vn 0.0709 0.7093 0.7013
vn -0.5516 0.7722 0.3152
vn -0.5745 0.8185 -0.0000
vn -0.5834 0.8122 -0.0000
vn -0.5516 0.7723 -0.3152
vn -0.5437 0.7643 0.3467
vn -0.4663 0.6638 0.5848
vn -0.5598 0.7964 0.2287
vn -0.5599 0.7964 -0.2287
vn -0.5437 0.7643 -0.3467
vn -0.4663 0.6638 -0.5848
vn -0.3939 0.6300 -0.6693
vn -0.4646 0.6930 -0.5512
vn -0.4646 0.6930 0.5513
vn -0.3938 0.6300 0.6694
vn -0.4091 0.6373 0.6530
vn -0.4646 0.6930 0.5512
vn 0.0395 0.9310 0.3628
vn 0.2052 0.9787 -0.0000
vn 0.0395 0.9310 -0.3629
vn 0.2129 0.9460 0.2444
vn 0.2277 0.9737 -0.0000
vn 0.2129 0.9460 -0.2444
vn 0.1815 0.9230 0.3392
vn 0.1106 0.7107 0.6947
vn 0.0471 0.5970 0.8009
vn 0.0079 0.5693 0.8221
vn 0.1814 0.9231 -0.3392
vn 0.1106 0.7107 -0.6948
vn 0.0471 0.5969 -0.8009
vn 0.0079 0.5693 -0.8221
vn -0.2844 0.8771 -0.3870
vn -0.1650 0.9114 0.3771
vn -0.2838 0.8592 -0.4256
vn -0.2844 0.8771 0.3871
vn -0.2838 0.8592 0.4257
vn -0.5975 0.8019 -0.0000
vn 0.0236 0.7069 -0.7069
vn -0.6058 0.5742 -0.5507
vn 0.0393 0.9992 -0.0000
vn 0.0268 0.7068 0.7069
vn -0.6058 0.5742 0.5507
vn -0.6058 0.5743 0.5507
vn 0.7327 -0.4570 0.5043
vn 0.6601 0.5580 0.5029
vn 0.6981 0.0549 0.7139
vn 0.7491 -0.6625 -0.0000
vn 0.7327 -0.4571 -0.5042
vn 0.6600 0.5580 -0.5030
vn 0.6981 0.0548 -0.7139
vn 0.6601 0.5579 -0.5030
vn 0.6455 0.7638 -0.0000
vn 0.7491 -0.6625 0.0001
vn 0.7327 -0.4570 0.5044
vn 0.6601 0.5581 0.5029
vn 0.6982 0.0549 0.7138
vn 0.1885 0.0157 0.9819
vn 0.7328 -0.4570 0.5042
vn 0.2281 -0.6765 0.7002
vn 0.1416 0.7078 0.6921
vn 0.7328 -0.4570 0.5041
vn 0.6602 0.5579 0.5029
vn 0.1414 0.0079 0.9899
vn 0.0709 0.7092 0.7014
vn 0.0709 0.7092 0.7015
vn 0.1413 0.0161 0.9898
vn 0.2131 -0.6789 0.7026
vn 0.2132 -0.6869 0.6948
vn 0.1414 0.0078 0.9899
vn 0.1414 0.0158 0.9898
vn -0.3937 0.6300 0.6694
vn -0.1657 0.3866 0.9072
vn -0.4091 0.6373 0.6531
vn 0.0471 0.5968 0.8010
vn -0.0394 0.3465 0.9372
vn 0.1104 0.7106 0.6949
vn 0.0079 0.5691 0.8222
vn -0.0942 0.5340 0.8402
vn 0.0395 0.9310 0.3629
vn -0.1650 0.9113 0.3771
vn -0.2845 0.8770 0.3872
vn -0.1412 0.5254 0.8391
vn -0.1575 0.4883 0.8584
vn -0.0472 0.3464 0.9369
vn -0.0000 -0.0000 1.0000
vn -0.6506 -0.5251 0.5486
vn -0.0267 -0.7068 0.7069
vn -0.6285 0.0235 0.7774
vn -0.6058 0.5743 0.5506
vn 0.0236 0.7069 0.7069
vn 0.0235 0.7069 0.7069
vn 0.2444 -0.9697 -0.0000
vn 0.2281 -0.6767 0.7001
vn 0.7492 -0.6624 -0.0000
vn 0.7327 -0.4570 -0.5043
vn 0.2282 -0.6766 -0.7001
vn 0.7327 -0.4569 -0.5043
vn 0.7328 -0.4569 0.5043
vn 0.2281 -0.6766 0.7001
vn 0.2369 -0.9715 -0.0000
vn 0.2132 -0.6789 0.7026
vn 0.2370 -0.9715 -0.0000
vn 0.2132 -0.6789 -0.7026
vn -0.0236 -0.7069 0.7069
vn -0.6506 -0.5249 0.5487
vn -0.0394 -0.9992 -0.0000
vn -0.6586 -0.7525 -0.0000
vn -0.6506 -0.5251 -0.5486
vn -0.0267 -0.7068 -0.7069
vn -0.0393 -0.9992 -0.0000
vn -0.6505 -0.5253 0.5486
vn -0.6283 0.0235 0.7776
vn -0.9992 0.0393 -0.0000
vn -0.6057 0.5743 0.5508
vn -0.6585 -0.7526 -0.0000
vn -0.6505 -0.5251 -0.5488
vn -0.9992 0.0395 -0.0000
vn -0.6283 0.0236 -0.7776
vn -0.6057 0.5743 -0.5507
vn -0.9992 0.0394 -0.0000
vn -0.5974 0.8019 -0.0000
vn -0.9992 0.0392 -0.0000
vn -0.0000 -0.7071 -0.7071
vn -0.0000 0.7071 -0.7071
vn 0.0866 0.7084 -0.7005
vn 0.2590 0.6985 -0.6671
vn 0.1414 0.0079 -0.9899
vn 0.2996 0.0313 -0.9535
vn 0.4646 0.6378 -0.6143
vn 0.4722 0.0158 -0.8814
vn 0.4815 -0.6078 -0.6315
vn 0.3367 -0.6499 -0.6814
vn 0.1970 -0.6853 -0.7011
vn 0.2995 0.0314 -0.9536
vn 0.4722 0.0157 -0.8814
vn 0.4815 -0.6077 -0.6315
vn 0.3367 -0.6500 -0.6813
vn 0.1969 -0.6853 -0.7011
vn 0.1499 -0.0710 -0.9861
vn 0.1334 -0.0628 -0.9891
vn 0.2756 -0.1260 -0.9530
vn 0.1413 0.1334 -0.9809
vn 0.1499 0.1420 -0.9785
vn 0.2761 0.2682 -0.9229
vn 0.0629 0.0079 -0.9980
vn 0.0785 -0.0000 -0.9969
vn 0.0472 0.0079 -0.9989
vn 0.5062 0.5773 -0.6407
vn 0.6296 0.4958 -0.5981
vn 0.6223 0.5042 -0.5987
vn 0.5120 0.5751 -0.6381
vn 0.4412 0.6146 -0.6539
vn 0.4412 0.6145 -0.6540
vn 0.3157 0.6709 -0.6710
vn 0.4178 0.6463 -0.6385
vn 0.2925 -0.0000 -0.9563
vn 0.4156 0.0078 -0.9095
vn 0.4178 -0.6384 -0.6464
vn 0.2765 -0.6795 -0.6796
vn 0.1026 -0.0079 -0.9947
vn 0.0631 -0.7096 -0.7018
vn -0.0237 -0.7029 -0.7109
vn 0.0237 0.0078 -0.9997
vn 0.1423 0.6959 -0.7039
vn 0.1424 0.6959 -0.7039
vn 0.0236 0.0079 -0.9997
vn 0.1027 -0.0079 -0.9947
vn 0.4178 0.6463 -0.6386
vn -0.1334 0.4866 -0.8634
vn -0.0785 0.3688 -0.9262
vn -0.0785 0.3689 -0.9262
vn -0.1651 0.5740 -0.8020
vn -0.2838 0.8591 -0.4258
vn -0.2921 0.8999 -0.3237
vn 0.2838 -0.6780 -0.6781
vn -0.2838 -0.6780 -0.6781
vn -0.2829 -0.0000 -0.9592
vn -0.5773 -0.5772 -0.5775
vn -0.5747 -0.0000 -0.8183
vn -0.5773 0.5773 -0.5775
vn -0.2838 0.6780 -0.6781
vn 0.2826 -0.0000 -0.9592
vn 0.2839 0.6780 -0.6780
vn 0.5773 -0.5773 -0.5774
vn 0.5742 -0.0000 -0.8187
vn 0.5773 0.5773 -0.5774
vn 0.2831 -0.0000 -0.9591
vn 0.5773 -0.5772 -0.5775
vn 0.5745 -0.0000 -0.8185
vn 0.5773 0.5773 -0.5775
vn -0.2832 -0.0000 -0.9591
vn 0.2839 0.6779 -0.6781
vn -0.5773 -0.5773 -0.5775
vn -0.5745 -0.0000 -0.8185
vn -0.5774 0.5772 -0.5774
vn 0.0315 0.3698 -0.9286
vn 0.0238 0.3794 -0.9249
vn -0.0000 -0.2591 -0.9659
vn 0.0706 0.8793 -0.4710
vn 0.0707 0.8874 -0.4555
vn 0.0711 0.8775 -0.4743
vn 0.0472 0.9042 -0.4246
vn -0.0000 -0.9052 -0.4250
vn -0.0000 -0.2275 -0.9738
vn -0.0000 -0.9051 -0.4251
vn -0.0000 -0.9051 -0.4252
vn -0.0000 -0.2277 -0.9737
vn -0.0000 -0.9052 -0.4251
vn -0.0079 -0.2444 -0.9696
vn -0.0077 -0.2591 -0.9658
vn -0.0079 0.3303 -0.9438
vn -0.0237 0.2369 -0.9712
vn -0.0079 0.2369 -0.9715
vn -0.0158 0.2369 -0.9714
vn -0.0471 0.2827 -0.9581
vn -0.0237 0.2610 -0.9650
vn -0.0395 0.5059 -0.8617
vn -0.0157 0.2518 -0.9677
vn -0.0314 0.2829 -0.9586
vn 0.0237 0.6148 -0.7883
vn 0.0237 0.7491 -0.6621
vn -0.0157 0.2591 -0.9657
vn -0.0315 0.2995 -0.9536
vn -0.0158 0.2684 -0.9632
vn -0.0315 0.3066 -0.9513
vn -0.0000 -0.2278 -0.9737
vn -0.0157 0.2757 -0.9611
vn -0.0628 0.3922 -0.9177
vn -0.0315 0.3231 -0.9458
vn -0.1574 0.5747 -0.8031
vn -0.0000 -0.2203 -0.9754
vn -0.0079 -0.9021 -0.4315
vn -0.1493 0.4009 -0.9039
vn -0.1500 -0.8843 -0.4422
vn -0.1420 -0.1972 -0.9700
vn -0.3791 -0.8213 -0.4264
vn -0.5925 -0.7189 -0.3634
vn -0.3838 -0.2036 -0.9007
vn -0.3624 0.3624 -0.8587
vn -0.6002 -0.2291 -0.7663
vn -0.5752 0.2915 -0.7643
vn -0.5456 0.7511 -0.3716
vn -0.3710 0.8368 -0.4026
vn -0.2914 0.8821 -0.3702
vn -0.2906 0.7540 -0.5891
vn -0.2452 0.6406 -0.7277
vn 0.3298 -0.6675 -0.6676
vn 0.3304 -0.0000 -0.9438
vn 0.6733 -0.5228 -0.5228
vn 0.6708 -0.0000 -0.7416
vn -0.2838 -0.6780 -0.6780
vn 0.6733 0.5228 -0.5229
vn -0.5773 -0.5773 -0.5774
vn -0.2829 -0.0000 -0.9591
vn -0.5773 0.5773 -0.5774
vn 0.3298 0.6675 -0.6676
vn -0.0000 0.6151 -0.7884
vn -0.0000 0.6150 -0.7885
vn -0.0000 0.6152 -0.7884
vn -0.2830 -0.0000 -0.9591
vn 0.3299 0.6674 -0.6676
vn 0.6733 -0.5227 -0.5229
vn 0.8817 -0.2047 -0.4251
vn 0.5263 0.3613 -0.7697
vn 0.8802 0.2122 -0.4244
vn 0.5262 0.3614 -0.7697
vn 0.1889 0.9128 -0.3620
vn 0.4869 0.8088 -0.3298
vn 0.5441 -0.3075 -0.7807
vn 0.1973 -0.9075 -0.3709
vn 0.5441 -0.3076 -0.7806
vn 0.4972 -0.8050 -0.3236
vn 0.2197 0.4394 -0.8710
vn 0.2278 -0.2984 -0.9269
vn 0.0474 0.4499 -0.8918
vn 0.0632 0.9165 -0.3951
vn 0.0552 -0.2680 -0.9618
vn 0.0627 -0.9177 -0.3922
vn 0.0316 0.4183 -0.9077
vn 0.0395 -0.2368 -0.9708
vn 0.0709 -0.9059 -0.4175
vn 0.0156 -0.2517 -0.9677
vn 0.0316 -0.9077 -0.4184
vn 0.2996 0.6464 -0.7017
vn -0.1262 0.5914 -0.7964
vn 0.1261 0.7014 -0.7016
vn 0.0395 0.7026 -0.7105
vn -0.1882 0.8861 -0.4235
vn -0.4095 0.8267 -0.3858
vn -0.3234 -0.7570 -0.5678
vn -0.1021 -0.3613 -0.9268
vn 0.0079 -0.6668 -0.7452
vn -0.5805 -0.4785 -0.6589
vn 0.1654 -0.6691 -0.7245
vn 0.3233 -0.3785 -0.8673
vn 0.4254 -0.7719 -0.4725
vn 0.6981 -0.5255 -0.4863
vn 0.0549 -0.0000 -0.9985
vn 0.0947 -0.3313 -0.9388
vn 0.0631 -0.3788 -0.9233
vn 0.0707 -0.0000 -0.9975
vn 0.0393 -0.0000 -0.9992
vn 0.1102 -0.6454 -0.7558
vn 0.0236 -0.3699 -0.9288
vn 0.0552 -0.6779 -0.7331
vn -0.0000 -0.7071 -0.7072
vn 0.0158 0.7491 -0.6623
vn 0.1027 0.1185 -0.9876
vn -0.0000 0.1182 -0.9930
vn 0.0867 0.7647 -0.6385
vn 0.2283 0.1024 -0.9682
vn -0.0949 0.6798 -0.7272
vn -0.0629 0.1180 -0.9910
vn 0.1892 0.7176 -0.6703
vn 0.3154 0.0710 -0.9463
vn 0.2051 0.7415 -0.6388
vn -0.2607 0.5767 -0.7742
vn -0.2038 0.1176 -0.9719
vn -0.4250 0.5431 -0.7242
vn -0.3450 0.1019 -0.9331
vn -0.7103 0.4262 -0.5602
vn -0.5526 0.0868 -0.8289
vn 0.1892 0.7176 -0.6702
vn 0.2051 0.7416 -0.6388
vn 0.2283 0.1023 -0.9682
vn 0.0867 0.7648 -0.6384
vn -0.2037 0.1177 -0.9719
vn -0.4250 0.5431 -0.7241
vn -0.7103 0.4262 -0.5603
vn -0.4660 -0.0000 -0.8848
vn 0.3919 -0.6506 -0.6505
vn -0.4624 -0.6270 -0.6269
vn 0.3928 -0.0000 -0.9196
vn -0.4624 0.6270 -0.6269
vn 0.3920 0.6505 -0.6505
vn -0.4661 -0.0000 -0.8848
vn -0.4624 -0.6270 -0.6270
vn 0.3929 -0.0000 -0.9196
vn 0.3919 0.6505 -0.6506
vn -0.0000 -0.6990 -0.7151
vn -0.0000 -0.6992 -0.7150
vn -0.0000 -0.6987 -0.7154
vn 0.3700 -0.0000 -0.9290
vn 0.3717 -0.6564 -0.6565
vn 0.3717 0.6564 -0.6565
vn 0.3701 -0.0000 -0.9290
vn 0.3699 -0.0000 -0.9291
vn -0.2684 0.0079 -0.9633
vn -0.4792 0.6284 -0.6128
vn -0.2443 0.6935 -0.6778
vn -0.2998 -0.6706 -0.6785
vn -0.5207 -0.5917 -0.6154
vn -0.4968 0.0158 -0.8677
vn -0.2686 0.0079 -0.9632
vn -0.2443 0.6934 -0.6778
vn -0.2998 -0.6705 -0.6786
vn 0.3698 -0.0000 -0.9291
vn -0.5746 0.5904 -0.5668
vn -0.3373 0.0157 -0.9413
vn -0.5921 0.0237 -0.8055
vn -0.3140 0.6752 -0.6675
vn -0.6161 -0.5450 -0.5687
vn -0.3611 -0.6515 -0.6672
vn -0.3141 0.6751 -0.6675
vn 0.0629 0.0078 -0.9980
vn 0.0785 0.0001 -0.9969
vn 0.0472 0.0078 -0.9989
vn -0.0000 0.7071 0.7071
vn -0.0000 1.0000 -0.0000
vn 0.0629 0.9980 -0.0000
vn 0.0865 0.7084 -0.7005
vn 0.2444 0.9697 -0.0000
vn 0.4646 0.6379 -0.6142
vn 0.4565 0.8897 -0.0000
vn 0.4646 0.6379 0.6142
vn 0.2590 0.6985 0.6671
vn 0.0866 0.7084 0.7005
vn 0.0628 0.9980 -0.0000
vn 0.0866 0.7085 0.7004
vn 0.4568 0.8896 -0.0000
vn 0.5212 0.8529 0.0316
vn 0.5214 0.8533 -0.0000
vn 0.5212 0.8529 -0.0316
vn -0.4733 0.6863 -0.5522
vn -0.4733 0.6863 0.5522
vn 0.1424 0.6960 0.7038
vn 0.0946 0.9955 -0.0000
vn 0.1657 0.9862 -0.0000
vn 0.3157 0.6710 0.6709
vn 0.4177 0.6464 0.6385
vn 0.3234 0.9463 -0.0000
vn 0.4185 0.9082 -0.0000
vn 0.4178 0.6464 -0.6385
vn 0.3157 0.6710 -0.6709
vn 0.1424 0.6960 -0.7038
vn 0.0948 0.9955 -0.0000
vn 0.1423 0.6960 -0.7038
vn 0.3233 0.9463 -0.0000
vn 0.4178 0.6464 -0.6384
vn 0.4186 0.9082 -0.0000
vn 0.4178 0.6464 0.6385
vn 0.3158 0.6709 0.6709
vn -0.2838 0.8592 -0.4257
vn -0.2921 0.9000 0.3236
vn -0.2921 0.9000 -0.3236
vn -0.2832 0.9591 0.0001
vn -0.2838 0.6780 -0.6780
vn -0.5773 0.5774 -0.5773
vn -0.5773 0.5774 0.5773
vn 0.2838 0.6781 -0.6780
vn 0.2829 0.9591 0.0001
vn 0.5773 0.5775 -0.5772
vn 0.5745 0.8185 -0.0000
vn 0.5773 0.5775 0.5773
vn -0.2838 0.6782 0.6779
vn 0.2839 0.6780 0.6780
vn 0.2838 0.6782 -0.6779
vn 0.2830 0.9591 -0.0001
vn 0.5774 0.5775 -0.5772
vn 0.5774 0.5774 0.5773
vn -0.2830 0.9591 -0.0000
vn 0.2838 0.6780 0.6780
vn -0.2838 0.6781 0.6780
vn 0.0707 0.8793 0.4710
vn 0.0707 0.8874 0.4555
vn 0.0707 0.8793 -0.4710
vn 0.0712 0.8775 0.4743
vn 0.0870 0.9962 -0.0000
vn 0.0472 0.9042 0.4245
vn 0.0078 0.9737 0.2277
vn 0.0472 0.9042 -0.4244
vn 0.0236 0.7491 0.6621
vn 0.0079 0.8730 0.4876
vn 0.0237 0.6150 0.7882
vn -0.0396 0.5059 0.8617
vn 0.0079 0.9737 -0.2277
vn 0.0079 0.8730 -0.4876
vn 0.0237 0.6150 -0.7882
vn 0.0236 0.7491 -0.6621
vn -0.3074 0.8431 0.4412
vn -0.2452 0.6407 0.7276
vn -0.1575 0.5747 0.8031
vn -0.2906 0.7541 0.5890
vn -0.2595 0.9438 0.2045
vn -0.2914 0.8821 0.3701
vn -0.2758 0.9612 -0.0000
vn -0.3710 0.8368 0.4026
vn -0.5456 0.7512 -0.3715
vn -0.8172 0.5186 0.2514
vn -0.5456 0.7512 0.3716
vn -0.8172 0.5186 -0.2514
vn -0.2914 0.8821 -0.3701
vn -0.2595 0.9438 -0.2045
vn -0.2906 0.7541 -0.5890
vn -0.3073 0.8431 -0.4412
vn -0.2452 0.6407 -0.7276
vn -0.1575 0.5746 -0.8031
vn 0.3298 0.6676 -0.6675
vn 0.3303 0.9439 -0.0000
vn 0.6733 0.5229 -0.5228
vn -0.2838 0.6781 -0.6780
vn 0.6707 0.7417 -0.0000
vn 0.6733 0.5229 0.5227
vn -0.5774 0.5774 0.5773
vn 0.3299 0.6676 0.6674
vn 0.0632 0.9165 0.3950
vn 0.2197 0.4394 0.8710
vn 0.1889 0.9129 0.3620
vn 0.5262 0.3614 0.7697
vn 0.4869 0.8088 0.3298
vn -0.2838 0.6781 -0.6779
vn -0.5773 0.5775 -0.5773
vn -0.5773 0.5775 0.5773
vn 0.3304 0.9438 -0.0000
vn 0.6733 0.5229 -0.5227
vn 0.6733 0.5229 0.5228
vn 0.3298 0.6676 0.6675
vn 0.8739 0.4409 -0.2047
vn 0.8739 0.4409 0.2047
vn 0.5263 0.3614 -0.7697
vn 0.2197 0.4395 -0.8710
vn 0.0632 0.9165 -0.3950
vn -0.0000 0.8533 -0.5214
vn -0.0000 0.8533 0.5214
vn -0.0000 0.8532 0.5216
vn 0.0001 0.8536 0.5209
vn -0.0000 0.8534 0.5213
vn 0.2435 0.9660 0.0864
vn 0.4336 0.8673 0.2444
vn 0.4730 0.8751 0.1025
vn 0.2591 0.9657 -0.0156
vn 0.4720 0.8810 -0.0315
vn 0.2515 0.9039 0.3459
vn 0.2996 0.6465 0.7016
vn 0.1261 0.7015 0.7014
vn 0.0395 0.7026 0.7105
vn -0.1882 0.8862 0.4234
vn -0.4095 0.8267 0.3858
vn -0.2450 0.9565 0.1581
vn -0.4872 0.8409 0.2358
vn -0.2752 0.9593 0.0629
vn -0.5067 0.8550 0.1108
vn 0.2206 0.9691 -0.1103
vn 0.4410 0.8897 -0.1181
vn -0.2442 0.9689 -0.0394
vn -0.4565 0.8894 0.0236
vn 0.2050 0.9780 -0.0394
vn 0.4248 0.9047 -0.0315
vn -0.1976 0.9802 0.0158
vn -0.3851 0.9195 0.0786
vn -0.1891 0.9692 0.1576
vn -0.3852 0.8962 0.2201
vn 0.2127 0.9690 0.1260
vn 0.4247 0.8887 0.1730
vn -0.2049 0.9457 0.2522
vn -0.3948 0.8684 0.3000
vn 0.2830 0.9276 0.2437
vn 0.4246 0.8650 0.2674
vn 0.2435 0.9660 -0.0864
vn 0.4337 0.8673 -0.2444
vn 0.2515 0.9039 -0.3459
vn 0.2996 0.6465 -0.7016
vn 0.4730 0.8751 -0.1025
vn 0.1261 0.7015 -0.7014
vn -0.1882 0.8862 -0.4234
vn -0.2450 0.9565 -0.1581
vn -0.4872 0.8409 -0.2357
vn -0.2752 0.9593 -0.0629
vn -0.5067 0.8550 -0.1108
vn 0.2591 0.9657 0.0156
vn 0.4720 0.8810 0.0315
vn 0.2207 0.9691 0.1103
vn 0.4410 0.8897 0.1181
vn -0.2442 0.9689 0.0394
vn -0.4565 0.8894 -0.0236
vn 0.2050 0.9780 0.0394
vn 0.4248 0.9047 0.0315
vn -0.1976 0.9802 -0.0158
vn -0.3851 0.9195 -0.0786
vn -0.1891 0.9692 -0.1576
vn -0.3852 0.8962 -0.2201
vn 0.2127 0.9690 -0.1260
vn 0.4247 0.8887 -0.1730
vn -0.2049 0.9457 -0.2522
vn -0.3947 0.8684 -0.3000
vn 0.2830 0.9276 -0.2437
vn 0.4246 0.8650 -0.2673
vn -0.0000 1.0000 0.0001
vn -0.0393 0.9992 -0.0000
vn -0.0236 0.9997 -0.0000
vn -0.0237 0.9997 -0.0000
vn -0.0076 1.0000 -0.0000
vn 0.0157 0.9999 -0.0000
vn 0.0866 0.7645 -0.6387
vn 0.0157 0.7490 -0.6624
vn -0.0948 0.6798 -0.7273
vn 0.1893 0.7174 -0.6704
vn 0.0236 0.9997 -0.0000
vn 0.2051 0.7414 -0.6389
vn 0.2051 0.7414 0.6389
vn 0.1893 0.7175 0.6704
vn 0.0868 0.7646 0.6386
vn 0.0157 0.7490 0.6624
vn -0.0948 0.6798 0.7272
vn -0.0948 0.9955 -0.0000
vn -0.2607 0.5767 0.7742
vn -0.2684 0.9633 -0.0000
vn -0.4250 0.5432 0.7241
vn -0.4250 0.5432 -0.7241
vn -0.4250 0.9052 -0.0000
vn -0.7103 0.4261 0.5603
vn -0.7952 0.6064 -0.0000
vn -0.7103 0.4261 -0.5603
vn 0.0867 0.7646 0.6386
vn 0.0158 0.7490 0.6624
vn -0.0949 0.6798 0.7272
vn 0.1893 0.7175 0.6703
vn 0.0158 0.9999 -0.0000
vn 0.1892 0.7174 -0.6704
vn 0.0867 0.7646 -0.6387
vn -0.2685 0.9633 -0.0000
vn -0.4250 0.5431 0.7241
vn -0.7104 0.4261 0.5602
vn 0.3929 0.9196 -0.0000
vn -0.4624 0.6269 0.6270
vn 0.3919 0.6505 0.6505
vn -0.4660 0.8848 -0.0000
vn -0.4624 0.6270 -0.6270
vn 0.3919 0.6506 0.6505
vn -0.4624 0.6268 0.6271
vn -0.1026 0.9947 -0.0000
vn -0.1026 0.9942 -0.0316
vn -0.1026 0.9942 -0.0315
vn -0.1027 0.9947 -0.0000
vn -0.1104 0.9934 -0.0315
vn -0.1026 0.9942 0.0316
vn -0.1104 0.9939 -0.0000
vn -0.1104 0.9934 0.0315
vn 0.3930 0.9196 -0.0000
vn 0.3920 0.6505 0.6505
vn -0.4661 0.8847 -0.0000
vn -0.4624 0.6269 -0.6270
vn 0.3717 0.6565 0.6564
vn 0.3700 0.9290 0.0002
vn 0.3700 0.9290 0.0001
vn 0.3717 0.6565 -0.6564
vn 0.3700 0.9290 -0.0002
vn 0.3700 0.9290 -0.0001
vn -0.4792 0.6284 0.6127
vn -0.2370 0.9715 -0.0000
vn -0.4792 0.6285 -0.6127
vn -0.2443 0.6936 0.6777
vn -0.2443 0.6936 -0.6777
vn -0.2369 0.9715 -0.0000
vn 0.3702 0.9289 -0.0000
vn 0.3703 0.9289 -0.0000
vn 0.3700 0.9290 -0.0000
vn -0.3232 0.9458 0.0315
vn -0.3233 0.9463 -0.0000
vn -0.3232 0.9458 0.0316
vn -0.3231 0.9458 -0.0315
vn -0.2997 0.9540 -0.0000
vn -0.3141 0.6754 -0.6673
vn -0.5655 0.8248 -0.0000
vn -0.5746 0.5904 0.5668
vn -0.3140 0.6754 0.6673
vn -0.3140 0.6753 0.6674
vn -0.5746 0.5904 -0.5667
vn -0.3141 0.6753 -0.6673
vn -0.8283 0.5603 -0.0000
vn -0.3538 0.9353 -0.0000
vn -0.3537 0.9354 -0.0000
vn 0.2445 0.9696 -0.0000
vn 0.2439 0.9698 -0.0000
vn 0.8184 0.5747 -0.0000
vn -0.3539 0.9353 -0.0000
vn 0.2442 0.9697 -0.0000
vn 0.8184 0.5746 -0.0000
vn 0.7265 -0.6871 -0.0000
vn 0.7264 -0.6869 -0.0237
vn 0.7264 -0.6869 0.0235
vn 0.7264 -0.6869 0.0236
vn 0.9969 0.0786 -0.0000
vn 0.9969 0.0784 -0.0000
vn 0.9969 0.0785 -0.0000
vn 0.9969 0.0789 -0.0000
vn 0.9969 0.0787 -0.0000
vn 0.6756 0.4634 0.5734
vn 0.6296 0.4958 0.5981
vn 0.6224 0.5042 0.5987
vn 0.6756 0.4635 0.5734
vn 0.6756 0.4634 -0.5734
vn 0.6755 0.4634 -0.5735
vn 0.6224 0.5042 -0.5987
vn 1.0000 -0.0000 -0.0000
vn 0.4972 -0.8050 0.3236
vn 0.8817 -0.2047 0.4251
vn 0.5441 -0.3076 0.7806
vn 0.8739 -0.4409 0.2047
vn 0.8803 0.2122 0.4244
vn 0.5263 0.3613 0.7697
vn 0.8740 0.4408 0.2047
vn 0.8739 -0.4409 -0.2047
vn 0.8803 0.2122 -0.4244
vn 0.4972 -0.8050 -0.3237
vn 0.8817 -0.2047 -0.4250
vn 0.4253 -0.7719 0.4725
vn 0.8165 -0.5339 0.2198
vn 0.6982 -0.5255 0.4862
vn 0.4713 -0.8561 0.2121
vn 0.8424 -0.5275 0.1102
vn 0.5110 -0.8491 0.1337
vn 0.8345 -0.5510 -0.0000
vn 0.4715 -0.8801 0.0550
vn 0.8117 -0.5832 0.0315
vn 0.4406 -0.8969 0.0393
vn 0.4154 -0.9093 0.0235
vn 0.8021 -0.5820 0.1337
vn 0.5581 -0.8253 0.0865
vn 0.7946 -0.5743 0.1967
vn 0.8165 -0.5339 -0.2198
vn 0.4253 -0.7719 -0.4726
vn 0.6981 -0.5256 -0.4862
vn 0.4713 -0.8561 -0.2121
vn 0.8424 -0.5274 -0.1102
vn 0.5110 -0.8491 -0.1336
vn 0.4715 -0.8801 -0.0550
vn 0.8117 -0.5832 -0.0315
vn 0.4406 -0.8968 -0.0394
vn 0.4154 -0.9093 -0.0235
vn 0.8021 -0.5820 -0.1337
vn 0.5581 -0.8252 -0.0865
vn 0.7946 -0.5743 -0.1967
vn 0.3930 -0.0000 0.9195
vn 0.3919 -0.6505 0.6506
vn 0.7755 -0.4464 0.4464
vn 0.7778 -0.0000 0.6285
vn 0.7754 0.4465 0.4465
vn 0.3930 -0.9195 -0.0000
vn 0.7778 -0.6285 -0.0001
vn 0.7754 -0.4465 -0.4465
vn 0.7778 -0.0000 -0.6285
vn 0.3930 0.9195 -0.0000
vn 0.7778 0.6285 0.0001
vn 0.7755 0.4465 -0.4465
vn 0.3930 -0.0000 -0.9195
vn 0.3919 0.6505 -0.6505
vn 0.7754 -0.4465 0.4465
vn 0.7778 -0.6285 -0.0000
vn 0.7755 -0.4464 -0.4464
vn 0.7755 0.4465 0.4465
vn 0.7779 -0.0000 -0.6284
vn 0.7754 0.4465 -0.4465
vn 0.3919 0.6506 -0.6505
vn 0.7778 0.6285 -0.0001
vn 0.7778 0.6286 -0.0000
vn 0.7777 -0.6287 -0.0000
vn 0.3919 -0.6506 0.6505
vn 0.7778 0.6285 -0.0000
vn 0.9787 0.2052 -0.0000
vn 0.8185 0.5745 -0.0000
vn 0.9787 0.2051 -0.0000
vn 0.9835 0.1810 -0.0000
vn -0.0000 -0.7071 0.7071
vn 0.0865 0.7084 0.7005
vn 0.2996 0.0315 0.9535
vn 0.4646 0.6378 0.6143
vn 0.4722 0.0157 0.8814
vn 0.4815 -0.6078 0.6315
vn 0.3367 -0.6498 0.6814
vn 0.1970 -0.6853 0.7011
vn 0.3368 -0.6499 0.6813
vn 0.4815 -0.6077 0.6315
vn 0.2997 0.0314 0.9535
vn 0.1499 -0.0710 0.9861
vn 0.2756 -0.1261 0.9530
vn 0.2756 -0.1260 0.9530
vn 0.1335 -0.0628 0.9891
vn 0.1413 0.1334 0.9809
vn 0.1499 0.1420 0.9785
vn 0.2761 0.2682 0.9229
vn 0.0629 0.0079 0.9980
vn 0.0785 -0.0000 0.9969
vn 0.0629 0.0078 0.9980
vn 0.0472 0.0079 0.9989
vn 0.5062 0.5774 0.6406
vn 0.6223 0.5042 0.5987
vn 0.5122 0.5753 0.6377
vn 0.4412 0.6146 0.6539
vn 0.0236 0.0079 0.9997
vn 0.1424 0.6959 0.7039
vn 0.1026 -0.0079 0.9947
vn -0.0237 -0.7029 0.7109
vn 0.0631 -0.7096 0.7018
vn 0.2766 -0.6794 0.6796
vn 0.3157 0.6709 0.6710
vn 0.2924 -0.0000 0.9563
vn 0.4156 0.0079 0.9095
vn 0.4178 -0.6384 0.6464
vn 0.1423 0.6959 0.7039
vn 0.1027 -0.0079 0.9947
vn 0.4178 0.6462 0.6386
vn 0.4156 0.0078 0.9095
vn 0.4177 -0.6385 0.6464
vn 0.2766 -0.6795 0.6796
vn -0.2838 0.8592 0.4258
vn -0.1651 0.5740 0.8020
vn -0.2921 0.8999 0.3237
vn -0.1335 0.4866 0.8634
vn -0.0785 0.3689 0.9262
vn -0.2831 -0.0000 0.9591
vn -0.2839 0.6780 0.6780
vn -0.5773 0.5773 0.5775
vn 0.2838 0.6780 0.6781
vn -0.5745 -0.0000 0.8185
vn -0.5774 -0.5772 0.5774
vn 0.2830 -0.0000 0.9591
vn 0.5774 0.5772 0.5774
vn 0.5745 -0.0000 0.8185
vn 0.5774 -0.5773 0.5774
vn -0.2838 -0.6779 0.6781
vn 0.2838 -0.6780 0.6781
vn 0.5774 0.5773 0.5774
vn -0.2838 0.6780 0.6780
vn 0.5743 -0.0000 0.8187
vn 0.5773 -0.5773 0.5775
vn -0.5773 0.5774 0.5774
vn -0.2830 -0.0000 0.9591
vn -0.5747 -0.0000 0.8183
vn 0.2838 -0.6780 0.6780
vn 0.0239 0.3794 0.9249
vn 0.0316 0.4183 0.9078
vn 0.0157 -0.2518 0.9676
vn 0.0706 0.8793 0.4711
vn -0.0000 -0.2591 0.9658
vn 0.0316 -0.9077 0.4183
vn 0.0315 0.3699 0.9285
vn -0.0000 -0.9052 0.4250
vn -0.0079 -0.2591 0.9658
vn 0.0711 0.8775 0.4743
vn 0.0472 0.9042 0.4246
vn -0.0078 0.3303 0.9438
vn 0.0237 0.7490 0.6621
vn 0.0237 0.6148 0.7883
vn -0.0395 0.5059 0.8617
vn -0.0471 0.2827 0.9581
vn -0.0237 0.2369 0.9712
vn -0.0158 0.2369 0.9714
vn -0.0079 -0.2444 0.9696
vn -0.0079 0.2369 0.9715
vn -0.0237 0.2610 0.9650
vn -0.0157 0.2518 0.9677
vn -0.0314 0.2829 0.9586
vn -0.0002 -0.2275 0.9738
vn -0.0000 -0.9051 0.4251
vn -0.0157 0.2591 0.9657
vn -0.0315 0.2995 0.9536
vn -0.0000 -0.2277 0.9737
vn -0.0000 -0.9052 0.4251
vn -0.0158 0.2684 0.9632
vn -0.0314 0.3066 0.9513
vn -0.0158 0.2757 0.9611
vn -0.0627 0.3922 0.9177
vn -0.0000 -0.9051 0.4252
vn -0.0315 0.3231 0.9458
vn -0.1574 0.5747 0.8031
vn -0.0000 -0.2202 0.9755
vn -0.0078 -0.9021 0.4315
vn -0.0000 -0.2203 0.9754
vn -0.1500 -0.8843 0.4422
vn -0.1420 -0.1971 0.9700
vn -0.1493 0.4009 0.9039
vn -0.2452 0.6406 0.7276
vn -0.2906 0.7540 0.5891
vn -0.2914 0.8821 0.3702
vn -0.3710 0.8368 0.4027
vn -0.3624 0.3624 0.8587
vn -0.3790 -0.8213 0.4264
vn -0.3838 -0.2036 0.9007
vn -0.5925 -0.7189 0.3634
vn -0.6002 -0.2291 0.7663
vn -0.5752 0.2915 0.7643
vn -0.5456 0.7511 0.3717
vn -0.2838 -0.6780 0.6781
vn 0.3298 -0.6675 0.6676
vn -0.2833 -0.0000 0.9590
vn 0.3304 -0.0000 0.9438
vn 0.6733 -0.5228 0.5229
vn 0.6707 -0.0000 0.7417
vn 0.6733 0.5228 0.5228
vn 0.3298 0.6675 0.6676
vn -0.2838 0.6779 0.6781
vn -0.0000 0.6150 0.7885
vn -0.0000 0.6152 0.7884
vn 0.0628 -0.9177 0.3922
vn 0.0395 -0.2368 0.9708
vn 0.0709 -0.9059 0.4175
vn 0.0552 -0.2681 0.9618
vn 0.2278 -0.2985 0.9268
vn 0.0473 0.4499 0.8918
vn 0.0632 0.9165 0.3951
vn 0.5441 -0.3075 0.7806
vn 0.1889 0.9128 0.3620
vn 0.5263 0.3614 0.7697
vn 0.4868 0.8088 0.3298
vn 0.8817 -0.2046 0.4251
vn 0.1973 -0.9075 0.3709
vn 0.8802 0.2122 0.4245
vn -0.2828 -0.0000 0.9592
vn -0.2838 0.6780 0.6781
vn -0.5773 0.5773 0.5774
vn -0.5773 -0.5773 0.5774
vn 0.6733 0.5228 0.5229
vn 0.6708 -0.0000 0.7416
vn 0.3299 -0.6675 0.6675
vn -0.1262 0.5914 0.7964
vn 0.2996 0.6464 0.7017
vn 0.1261 0.7014 0.7015
vn 0.0394 0.7026 0.7105
vn -0.1882 0.8861 0.4235
vn -0.4093 0.8268 0.3858
vn -0.1021 -0.3613 0.9268
vn -0.3233 -0.7570 0.5678
vn 0.0078 -0.6667 0.7453
vn -0.5804 -0.4785 0.6589
vn 0.1654 -0.6692 0.7244
vn 0.3233 -0.3785 0.8673
vn 0.4253 -0.7719 0.4726
vn 0.6981 -0.5255 0.4863
vn 0.0631 -0.3788 0.9233
vn 0.0947 -0.3313 0.9388
vn 0.0551 -0.0000 0.9985
vn 0.0708 -0.0000 0.9975
vn 0.1102 -0.6455 0.7558
vn 0.0552 -0.6779 0.7331
vn 0.0236 -0.3699 0.9288
vn 0.0394 -0.0000 0.9992
vn 0.1893 0.7176 0.6702
vn 0.3154 0.0709 0.9463
vn 0.2050 0.7416 0.6388
vn 0.2283 0.1023 0.9682
vn 0.0867 0.7647 0.6385
vn 0.1027 0.1185 0.9876
vn 0.0158 0.7491 0.6623
vn -0.0001 0.1182 0.9930
vn -0.0629 0.1180 0.9910
vn -0.2038 0.1176 0.9719
vn -0.4250 0.5431 0.7242
vn -0.3451 0.1019 0.9330
vn -0.7103 0.4262 0.5603
vn -0.5526 0.0868 0.8289
vn 0.0158 0.7492 0.6622
vn 0.0001 0.1183 0.9930
vn -0.0630 0.1180 0.9910
vn 0.3154 0.0710 0.9463
vn -0.3450 0.1019 0.9331
vn -0.7103 0.4262 0.5602
vn -0.5526 0.0869 0.8289
vn -0.4661 -0.0000 0.8848
vn 0.3928 -0.0000 0.9196
vn -0.4624 -0.6270 0.6269
vn -0.4624 0.6270 0.6270
vn -0.4660 -0.0000 0.8848
vn 0.3929 -0.0000 0.9196
vn -0.0000 -0.6992 0.7150
vn -0.0000 -0.6987 0.7154
vn -0.0000 -0.6990 0.7151
vn -0.4661 -0.0000 0.8847
vn 0.3699 -0.0000 0.9291
vn 0.3700 -0.0000 0.9290
vn 0.3717 -0.6564 0.6565
vn 0.3717 0.6564 0.6565
vn -0.4792 0.6284 0.6128
vn -0.2685 0.0079 0.9632
vn -0.2443 0.6935 0.6778
vn -0.4968 0.0158 0.8677
vn -0.5207 -0.5917 0.6154
vn -0.2998 -0.6705 0.6787
vn -0.2998 -0.6706 0.6785
vn 0.3701 -0.0000 0.9290
vn -0.3373 0.0157 0.9413
vn -0.3140 0.6751 0.6675
vn -0.5747 0.5903 0.5668
vn -0.5921 0.0237 0.8055
vn -0.6161 -0.5450 0.5687
vn -0.3611 -0.6515 0.6672
vn -0.3373 0.0156 0.9413
vn -0.3141 0.6752 0.6674
vn 0.0471 0.0079 0.9989
vn -0.0000 -1.0000 -0.0000
vn 0.2277 -0.9737 -0.0000
vn 0.3367 -0.6500 0.6813
vn 0.1969 -0.6854 0.7010
vn 0.3537 -0.9354 -0.0000
vn 0.4815 -0.6079 0.6314
vn 0.4873 -0.8733 -0.0001
vn 0.4815 -0.6078 -0.6314
vn 0.3367 -0.6500 -0.6812
vn 0.1970 -0.6854 -0.7010
vn 0.4875 -0.8731 0.0005
vn 0.4815 -0.6078 0.6314
vn -0.0237 -0.7030 0.7108
vn 0.0473 -0.9989 -0.0000
vn 0.0631 -0.7097 0.7017
vn 0.2765 -0.6796 0.6795
vn -0.0237 -0.7030 -0.7108
vn 0.2758 -0.9612 -0.0000
vn 0.4177 -0.6386 0.6463
vn 0.4156 -0.9095 -0.0000
vn 0.4178 -0.6386 -0.6463
vn 0.2766 -0.6795 -0.6795
vn 0.0631 -0.7097 -0.7017
vn 0.2766 -0.6796 -0.6795
vn 0.4178 -0.6385 -0.6464
vn 0.4178 -0.6386 0.6463
vn -0.2838 -0.6782 -0.6779
vn 0.2839 -0.6780 -0.6780
vn 0.2829 -0.9591 0.0001
vn -0.2832 -0.9591 0.0001
vn -0.5774 -0.5774 -0.5773
vn -0.5745 -0.8185 -0.0000
vn -0.5773 -0.5774 0.5773
vn 0.5773 -0.5775 -0.5773
vn 0.5746 -0.8184 -0.0000
vn 0.5773 -0.5775 0.5773
vn -0.2839 -0.6781 0.6779
vn 0.2838 -0.6781 0.6780
vn 0.2830 -0.9591 -0.0001
vn 0.5745 -0.8185 -0.0000
vn 0.5774 -0.5774 0.5772
vn 0.2838 -0.6781 -0.6780
vn -0.2830 -0.9591 -0.0000
vn -0.2838 -0.6781 -0.6780
vn -0.5773 -0.5774 -0.5773
vn -0.2838 -0.6781 0.6780
vn 0.0316 -0.9078 0.4183
vn -0.0078 -0.9021 0.4314
vn -0.0078 -0.9021 -0.4314
vn -0.1501 -0.8843 0.4421
vn -0.1500 -0.8843 -0.4421
vn -0.3790 -0.8213 -0.4264
vn 0.3303 -0.9439 -0.0000
vn 0.3298 -0.6676 0.6675
vn -0.5773 -0.5775 0.5773
vn 0.6733 -0.5229 0.5228
vn 0.6707 -0.7417 -0.0000
vn 0.6733 -0.5229 -0.5228
vn 0.3298 -0.6676 -0.6675
vn 0.4972 -0.8051 0.3234
vn 0.0318 -0.9995 -0.0000
vn 0.1027 -0.9947 -0.0000
vn 0.0315 -0.9995 -0.0000
vn 0.0551 -0.9985 -0.0000
vn 0.1886 -0.9821 -0.0000
vn 0.0550 -0.9985 -0.0000
vn 0.1886 -0.9820 -0.0000
vn -0.0713 -0.9975 -0.0000
vn 0.1885 -0.9821 -0.0000
vn -0.0710 -0.9975 -0.0000
vn -0.0862 -0.9963 -0.0000
vn -0.1961 -0.9806 -0.0000
vn 0.3402 -0.9403 -0.0000
vn 0.4091 -0.9125 -0.0000
vn -0.2052 -0.9787 -0.0000
vn -0.4876 -0.8731 -0.0000
vn -0.6540 -0.7565 -0.0000
vn 0.3400 -0.9404 -0.0000
vn -0.0708 -0.9975 -0.0000
vn -0.0707 -0.9975 -0.0000
vn -0.2838 -0.6781 -0.6779
vn -0.2830 -0.9591 0.0001
vn -0.5774 -0.5774 -0.5772
vn -0.5774 -0.5774 0.5772
vn 0.6733 -0.5228 0.5228
vn 0.2278 -0.2985 -0.9268
vn 0.5441 -0.3075 -0.7806
vn 0.0316 -0.9078 -0.4183
vn 0.0629 -0.9980 -0.0000
vn 0.0628 -0.9975 0.0314
vn 0.0472 -0.9984 0.0314
vn 0.0785 -0.9964 0.0313
vn 0.0472 -0.9989 -0.0000
vn 0.0472 -0.9984 -0.0314
vn 0.0786 -0.9969 -0.0000
vn 0.0629 -0.9975 -0.0315
vn 0.0784 -0.9964 -0.0314
vn 0.4254 -0.7719 0.4725
vn -0.4252 -0.8425 0.3307
vn 0.0079 -0.6668 0.7452
vn 0.1653 -0.6693 0.7244
vn 0.4712 -0.8561 0.2121
vn -0.4713 -0.8405 0.2671
vn -0.4416 -0.8753 0.1971
vn 0.4405 -0.8969 0.0393
vn -0.4098 -0.8985 0.1576
vn -0.4332 -0.8979 0.0788
vn -0.5172 -0.8541 0.0549
vn 0.5582 -0.8252 0.0865
vn -0.4252 -0.8425 -0.3307
vn -0.3233 -0.7570 -0.5678
vn 0.1653 -0.6693 -0.7244
vn 0.4712 -0.8561 -0.2121
vn -0.4713 -0.8405 -0.2671
vn 0.4714 -0.8802 -0.0550
vn -0.4416 -0.8753 -0.1971
vn 0.4405 -0.8969 -0.0394
vn -0.4098 -0.8985 -0.1576
vn -0.4332 -0.8979 -0.0788
vn -0.5172 -0.8541 -0.0549
vn 0.5582 -0.8252 -0.0865
vn -0.0000 -0.8976 0.4408
vn -0.0000 -0.8976 0.4409
vn -0.0000 -0.8978 0.4405
vn -0.0000 -0.8976 -0.4408
vn -0.0000 -0.8976 -0.4409
vn -0.0000 -0.8975 -0.4409
vn -0.0000 -0.8978 -0.4405
vn -0.4624 -0.6270 0.6270
vn 0.3928 -0.9196 -0.0000
vn -0.4628 -0.8865 -0.0000
vn 0.3921 -0.6505 -0.6505
vn -0.4624 -0.6269 -0.6270
vn -0.4624 -0.6269 -0.6271
vn 0.3920 -0.6505 -0.6505
vn 0.3929 -0.9196 -0.0000
vn 0.3700 -0.9290 0.0002
vn 0.3717 -0.6565 0.6564
vn 0.3717 -0.6565 -0.6564
vn 0.3700 -0.9290 -0.0002
vn 0.3700 -0.9290 -0.0000
vn -0.5207 -0.5918 0.6153
vn -0.3067 -0.9518 -0.0000
vn -0.2998 -0.6707 0.6785
vn -0.5362 -0.8441 -0.0000
vn -0.2998 -0.6707 -0.6785
vn -0.3068 -0.9518 -0.0000
vn 0.3702 -0.9290 -0.0000
vn 0.3701 -0.9290 -0.0000
vn 0.3706 -0.9288 -0.0000
vn -0.3700 -0.9290 -0.0000
vn -0.6236 -0.7817 -0.0000
vn -0.6161 -0.5450 0.5686
vn -0.3701 -0.9290 -0.0000
vn -0.6160 -0.5451 -0.5687
vn -0.6238 -0.7816 -0.0000
vn 0.0630 -0.9980 -0.0000
vn -0.6237 -0.7817 -0.0000
vn 0.2757 -0.9612 -0.0000
vn -0.6237 -0.7817 0.0003
vn -1.0000 -0.0000 -0.0000
vn -0.5926 -0.7188 0.3634
vn -0.8526 -0.4658 -0.2368
vn -0.5926 -0.7189 -0.3634
vn -0.6004 -0.2291 -0.7662
vn -0.8526 -0.4658 0.2368
vn -0.6004 -0.2291 0.7662
vn -0.8551 -0.1569 -0.4942
vn -0.8551 -0.1569 0.4942
vn -0.5753 0.2915 0.7643
vn -0.8401 0.2042 0.5025
vn -0.5456 0.7511 0.3718
vn -0.8172 0.5186 0.2515
vn -0.8172 0.5186 -0.2515
vn -0.8414 0.1968 -0.5033
vn -0.5753 0.2915 -0.7642
vn -0.4875 -0.8731 -0.0000
vn -0.9290 -0.3700 -0.0000
vn -0.4875 -0.8731 -0.0003
vn -0.9290 -0.3701 -0.0000
vn -0.6541 -0.7564 -0.0000
vn -0.5805 -0.4785 0.6588
vn -0.7683 -0.4832 0.4198
vn -0.8040 -0.4886 0.3389
vn -0.7954 -0.5512 0.2520
vn -0.7564 -0.6067 0.2443
vn -0.4098 -0.8984 0.1578
vn -0.7802 -0.5910 0.2049
vn -0.4332 -0.8978 0.0788
vn -0.8097 -0.5581 0.1814
vn -0.5805 -0.4785 -0.6588
vn -0.7683 -0.4832 -0.4198
vn -0.8039 -0.4887 -0.3389
vn -0.7954 -0.5513 -0.2520
vn -0.7564 -0.6067 -0.2443
vn -0.4099 -0.8984 -0.1576
vn -0.7802 -0.5911 -0.2049
vn -0.4333 -0.8978 -0.0788
vn -0.8098 -0.5582 -0.1808
vn -0.9947 0.1026 -0.0000
vn -0.7953 0.6063 -0.0000
vn -0.7102 0.4262 -0.5603
vn -0.5526 0.0870 -0.8289
vn -0.7102 0.4262 0.5603
vn -0.9947 0.1027 -0.0000
vn -0.7953 0.6062 -0.0000
vn -0.4661 -0.0001 0.8847
vn -0.4623 0.6270 0.6270
vn -0.8788 0.3374 0.3374
vn -0.8816 -0.0002 0.4720
vn -0.4624 -0.6271 0.6269
vn -0.8815 0.4723 -0.0000
vn -0.8788 -0.3374 0.3374
vn -0.4628 -0.8865 -0.0001
vn -0.8815 -0.4722 -0.0000
vn -0.8788 -0.3374 -0.3374
vn -0.8816 -0.0002 -0.4720
vn -0.8788 0.3374 -0.3374
vn -0.4624 0.6271 -0.6268
vn -0.8814 0.4724 0.0001
vn -0.4660 0.8848 0.0001
vn -0.4624 0.6269 0.6271
vn -0.8789 0.3373 0.3373
vn -0.8815 -0.0003 0.4722
vn -0.8814 0.4723 -0.0000
vn -0.8789 0.3373 -0.3374
vn -0.8815 -0.0000 -0.4722
vn -0.4623 -0.6270 -0.6270
vn -0.8788 -0.3373 -0.3374
vn -0.8788 0.3373 -0.3374
vn -0.8814 -0.4723 -0.0000
vn -0.8788 -0.3373 0.3374
vn -0.8815 0.4722 -0.0000
vn -0.4661 0.8847 0.0001
vn -0.7237 0.5034 0.4720
vn -0.4662 0.8847 -0.0000
vn -0.7188 0.6952 -0.0000
vn -0.7237 0.5034 -0.4720
vn -0.4793 0.6284 0.6127
vn -0.4793 0.6284 -0.6127
vn -0.7414 0.0316 0.6704
vn -0.7414 0.0315 -0.6703
vn -0.4971 0.0158 0.8675
vn -0.7634 -0.4407 0.4722
vn -0.5208 -0.5917 0.6154
vn -0.7708 -0.6371 -0.0000
vn -0.5364 -0.8440 -0.0000
vn -0.5208 -0.5917 -0.6154
vn -0.7634 -0.4407 -0.4722
vn -0.4970 0.0158 -0.8676
vn -0.7237 0.5035 0.4720
vn -0.7414 0.0315 0.6703
vn -0.4971 0.0158 0.8676
vn -0.5209 -0.5916 -0.6154
vn -0.7634 -0.4408 -0.4722
vn -0.5923 0.0237 -0.8053
vn -0.9992 0.0391 -0.0000
vn -0.5747 0.5904 -0.5667
vn -0.5656 0.8247 -0.0000
vn -0.5923 0.0237 0.8054
vn -0.5923 0.0237 0.8053
vn -0.5923 0.0237 -0.8054
vn -0.9020 -0.4314 -0.0157
vn -0.9022 -0.4314 -0.0000
vn -0.9021 -0.4315 -0.0000
vn -0.9020 -0.4314 0.0157
vn -0.8285 0.5601 -0.0000
vn -0.9754 0.2204 -0.0000
vn -0.8284 0.5601 -0.0000
vn -0.9754 0.2203 -0.0000
vn -0.9921 0.1257 -0.0000
vn -0.9888 -0.1491 -0.0000
vn -0.6237 -0.7816 -0.0002
vn -0.6237 -0.7816 -0.0000
vn -0.0000 -0.1414 -0.9900
vn -0.0000 -0.1414 -0.9899
vn -0.0000 -0.1337 -0.9910
vn -0.0000 -0.1340 -0.9910
vn -0.0000 -0.1338 -0.9910
vn -0.0000 -0.1339 -0.9910
vn 0.7009 0.0788 -0.7089
vn -0.0157 -0.0000 -0.9999
vn 0.6990 0.0157 -0.7149
vn -0.0002 -0.0001 -1.0000
vn -0.7148 -0.0157 -0.6992
vn -0.7009 -0.0788 -0.7089
vn -0.6983 0.1883 -0.6906
vn -0.0315 0.0079 -0.9995
vn 0.6684 -0.1730 -0.7234
vn 0.5282 -0.4415 -0.7253
vn -0.0314 0.0236 -0.9992
vn -0.5597 0.4651 -0.6859
vn -0.3226 0.6453 -0.6925
vn -0.0157 0.0315 -0.9994
vn 0.3062 -0.6201 -0.7223
vn 0.0709 -0.6853 -0.7248
vn -0.0079 0.0315 -0.9995
vn -0.1577 -0.6701 -0.7253
vn -0.0787 0.7166 -0.6930
vn 0.1655 0.7013 -0.6934
vn 0.0079 0.0315 -0.9995
vn 0.4017 0.5986 -0.6931
vn 0.0157 0.0236 -0.9996
vn -0.3783 -0.5754 -0.7251
vn -0.5771 -0.3715 -0.7273
vn 0.0315 0.0236 -0.9992
vn 0.0315 0.0078 -0.9995
vn -0.6840 -0.0943 -0.7234
vn -0.6909 0.1099 -0.7145
vn 0.0157 -0.0000 -0.9999
vn -0.6854 0.1655 -0.7091
vn 0.0005 -0.0002 -1.0000
vn 0.7067 -0.1099 -0.6989
vn 0.6854 -0.1653 -0.7092
vn 0.7151 0.1022 -0.6915
vn 0.6156 0.3867 -0.6867
vn 0.3933 0.1652 -0.9045
vn 0.6443 0.1257 -0.7543
vn 0.3450 0.1568 -0.9254
vn 0.6461 0.1497 -0.7484
vn -0.3230 -0.0473 -0.9452
vn -0.4503 -0.0000 -0.8929
vn 0.2684 -0.1263 -0.9550
vn 0.3711 -0.2290 -0.8999
vn -0.2054 -0.4345 -0.8769
vn -0.5256 -0.2119 -0.8239
vn -0.1262 -0.2052 -0.9706
vn -0.4496 -0.2918 -0.8442
vn 0.3947 -0.1421 -0.9078
vn -0.3238 -0.3555 -0.8768
vn -0.5266 -0.4716 -0.7073
vn -0.2045 -0.7000 -0.6843
vn -0.1259 -0.5115 -0.8500
vn 0.3451 -0.1568 -0.9254
vn 0.6443 -0.1257 -0.7544
vn 0.6456 -0.1102 -0.7557
vn 0.2683 -0.4339 -0.8601
vn 0.3711 -0.5132 -0.7739
vn -0.5597 0.4652 -0.6858
vn -0.7708 0.6371 -0.0000
vn -0.4502 0.8929 -0.0000
vn -0.5597 0.4652 0.6858
vn -0.3227 0.6453 0.6924
vn -0.0787 0.7167 -0.6930
vn 0.4017 0.5986 -0.6930
vn 0.1655 0.7013 0.6934
vn -0.0788 0.7166 0.6930
vn 0.4017 0.5986 0.6930
vn 0.5564 0.8309 -0.0000
vn 0.6156 0.3868 0.6866
vn 0.8440 0.5364 -0.0000
vn 0.6156 0.3868 -0.6866
vn 0.6992 0.0157 0.7148
vn 0.7010 0.0788 0.7088
vn 0.9939 0.1104 -0.0000
vn 0.9997 0.0236 -0.0000
vn 0.6992 0.0157 -0.7148
vn 0.7010 0.0788 -0.7088
vn 0.9678 -0.2518 -0.0000
vn 0.6684 -0.1730 0.7234
vn 0.7709 -0.6370 -0.0000
vn 0.5282 -0.4415 0.7253
vn 0.7069 -0.1099 0.6987
vn 0.9900 0.1414 -0.0000
vn 0.7151 0.1022 0.6915
vn 0.6855 -0.1654 0.7090
vn 0.9888 -0.1491 -0.0000
vn 0.9715 -0.2369 -0.0000
vn 0.6855 -0.1654 -0.7091
vn 0.6157 0.3867 0.6866
vn 0.7068 -0.1100 -0.6988
vn 0.7151 0.1021 -0.6915
vn 0.8440 0.5363 -0.0000
vn 0.6156 0.3867 -0.6866
vn 0.9658 0.2592 -0.0000
vn 0.9658 0.2591 -0.0000
vn 0.9697 0.2444 -0.0000
vn 0.9697 0.2445 -0.0000
vn 0.9696 0.2446 -0.0000
vn 0.9696 0.2445 -0.0000
vn 0.9697 0.2443 -0.0000
vn -0.0000 -0.1414 0.9899
vn -0.0000 -0.1414 0.9900
vn -0.0000 -0.1337 0.9910
vn -0.0000 -0.1338 0.9910
vn -0.0000 -0.1341 0.9910
vn -0.0000 -0.1340 0.9910
vn -0.0157 -0.0000 0.9999
vn 0.7009 0.0788 0.7089
vn 0.6990 0.0157 0.7149
vn -0.0002 -0.0001 1.0000
vn -0.7147 -0.0157 0.6992
vn -0.7010 -0.0788 0.7088
vn -0.6984 0.1883 0.6905
vn -0.0315 0.0079 0.9995
vn 0.6683 -0.1730 0.7235
vn -0.0313 0.0236 0.9992
vn -0.5597 0.4651 0.6859
vn -0.3226 0.6453 0.6925
vn -0.0161 0.0315 0.9994
vn 0.3061 -0.6201 0.7223
vn 0.0709 -0.6853 0.7248
vn -0.0078 0.0315 0.9995
vn 0.1654 0.7013 0.6934
vn -0.1577 -0.6700 0.7254
vn 0.0079 0.0315 0.9995
vn 0.4017 0.5986 0.6931
vn 0.0158 0.0236 0.9996
vn -0.3783 -0.5753 0.7252
vn -0.5771 -0.3715 0.7273
vn 0.0315 0.0236 0.9992
vn 0.0315 0.0079 0.9995
vn -0.6840 -0.0943 0.7234
vn 0.6156 0.3867 0.6867
vn -0.6909 0.1099 0.7145
vn -0.6853 0.1654 0.7092
vn 0.0158 -0.0000 0.9999
vn 0.7067 -0.1099 0.6989
vn 0.6854 -0.1654 0.7092
vn 0.3932 0.1652 0.9045
vn 0.3450 0.1570 0.9254
vn 0.6443 0.1257 0.7544
vn 0.6461 0.1497 0.7485
vn -0.3229 -0.0473 0.9452
vn -0.4503 -0.0000 0.8929
vn 0.2684 -0.1263 0.9550
vn 0.3710 -0.2289 0.9000
vn -0.2054 -0.4345 0.8769
vn -0.1263 -0.2052 0.9705
vn -0.5256 -0.2119 0.8239
vn 0.3947 -0.1421 0.9078
vn -0.4496 -0.2919 0.8442
vn -0.3238 -0.3555 0.8768
vn -0.5266 -0.4716 0.7073
vn -0.2045 -0.7000 0.6843
vn -0.1259 -0.5115 0.8500
vn 0.3450 -0.1568 0.9254
vn 0.6443 -0.1257 0.7544
vn 0.6456 -0.1102 0.7557
vn 0.2683 -0.4338 0.8601
vn 0.3711 -0.5132 0.7739
vn -0.0000 -0.1336 0.9910
vn 0.7708 -0.6371 -0.0000
vn 0.5283 -0.4415 -0.7253
vn 0.3062 -0.6202 -0.7222
vn 0.3062 -0.6202 0.7222
vn 0.4409 -0.8976 -0.0000
vn 0.0709 -0.6854 -0.7247
vn 0.0709 -0.6854 0.7247
vn 0.1024 -0.9947 -0.0000
vn -0.2277 -0.9737 -0.0000
vn -0.1577 -0.6701 0.7253
vn -0.5455 -0.8381 -0.0000
vn -0.3784 -0.5754 0.7251
vn -0.8439 -0.5365 -0.0000
vn -0.5771 -0.3716 -0.7273
vn -0.2043 -0.7001 0.6842
vn 0.2683 -0.4340 0.8600
vn -0.1259 -0.5116 0.8499
vn 0.3712 -0.5133 0.7738
vn -0.1259 -0.5116 -0.8499
vn -0.2044 -0.7000 -0.6843
vn -0.9995 -0.0315 -0.0000
vn -0.7149 -0.0157 0.6990
vn -0.7010 -0.0788 -0.7088
vn -0.7148 -0.0157 -0.6991
vn -0.9939 -0.1104 -0.0000
vn -0.6984 0.1883 -0.6905
vn -0.9658 0.2593 -0.0001
vn -0.5598 0.4651 -0.6858
vn -0.5598 0.4651 0.6858
vn -0.8440 -0.5363 -0.0000
vn -0.6841 -0.0943 0.7233
vn -0.9910 -0.1337 -0.0000
vn -0.6840 -0.0944 -0.7233
vn -0.9888 0.1492 -0.0000
vn -0.6910 0.1099 -0.7144
vn -0.6910 0.1099 0.7145
vn -0.9715 0.2370 -0.0000
vn -0.6856 0.1654 -0.7089
vn -0.6855 0.1654 0.7090
vn -0.8625 0.5060 -0.0000
vn -0.8622 0.5066 -0.0000
vn -0.8624 0.5062 -0.0000
vn -0.8764 0.4816 -0.0000
vn -0.8764 0.4815 -0.0000
vn -0.5258 -0.2118 0.8238
vn -0.4505 -0.0000 0.8928
vn -0.6471 -0.0868 0.7575
vn -0.4504 -0.0000 -0.8928
vn -0.5257 -0.2118 -0.8239
vn -0.6470 -0.0868 -0.7575
vn -0.6471 -0.3315 0.6866
vn -0.5267 -0.4715 0.7073
vn -0.4498 -0.2919 0.8441
vn -0.5267 -0.4715 -0.7073
vn -0.6472 -0.3314 -0.6865
vn -0.4498 -0.2919 -0.8441
vn -0.6286 0.5500 -0.5498
vn -0.6287 -0.0000 -0.7777
vn -0.6286 -0.5500 -0.5498
vn 0.0002 -0.7071 -0.7071
vn -0.6777 0.5200 -0.5200
vn -0.1261 0.7014 -0.7015
vn -0.1260 -0.0000 -0.9920
vn -0.6776 -0.5201 -0.5199
vn -0.1261 -0.7014 -0.7015
vn -0.6790 -0.0000 -0.7341
vn -0.1261 -0.0000 -0.9920
vn -0.6776 0.5200 -0.5200
vn -0.6789 -0.0000 -0.7342
vn -0.6776 -0.5200 -0.5200
vn -0.6777 0.5200 -0.5199
vn -0.1259 -0.0000 -0.9920
vn -0.6790 -0.0000 -0.7342
vn -0.6286 0.5499 0.5500
vn -0.6285 0.7778 -0.0000
vn -0.6286 0.5498 -0.5501
vn 0.0001 0.7071 -0.7071
vn 0.0002 0.7071 -0.7071
vn -0.0001 0.7071 0.7071
vn -0.6776 0.5200 0.5200
vn -0.1261 0.7015 0.7014
vn -0.1260 0.9920 -0.0000
vn -0.6790 0.7341 -0.0000
vn -0.1261 0.7016 -0.7014
vn -0.1261 0.7015 -0.7014
vn -0.6777 0.5200 0.5200
vn -0.6777 0.5199 0.5200
vn -0.6789 0.7342 -0.0000
vn -0.6776 0.5199 -0.5201
vn -0.1261 0.7016 -0.7013
vn -0.6286 0.5500 0.5499
vn -0.6285 -0.0000 0.7778
vn -0.6286 -0.5500 0.5499
vn -0.6776 0.5201 0.5199
vn -0.1259 -0.0000 0.9920
vn -0.1261 0.7014 0.7015
vn -0.6789 -0.0000 0.7342
vn -0.6776 -0.5200 0.5200
vn -0.1261 -0.7014 0.7015
vn -0.1260 -0.0000 0.9920
vn -0.6777 -0.5200 0.5199
vn -0.6790 -0.0000 0.7341
vn 0.0002 0.7071 0.7071
vn -0.6286 -0.5499 0.5500
vn -0.6285 -0.7778 -0.0000
vn -0.0000 -1.0000 0.0001
vn -0.6286 -0.5499 -0.5500
vn 0.0001 -0.7071 0.7071
vn -0.6777 -0.5199 0.5201
vn -0.1260 -0.9920 -0.0000
vn -0.1261 -0.7015 0.7014
vn -0.6790 -0.7341 -0.0000
vn -0.6777 -0.5199 -0.5200
vn -0.1261 -0.7015 -0.7014
vn -0.6776 -0.5199 0.5201
vn -0.6789 -0.7342 -0.0000
vn -0.6285 0.5500 0.5500
vn -0.6285 -0.5500 0.5500
vn -0.6285 0.5500 -0.5500
vn -0.6285 0.7778 0.0001
vn -0.6285 -0.5500 -0.5500
vn -0.6285 -0.0000 -0.7778
vn -0.6776 0.5201 -0.5200
vn -0.6776 0.5200 0.5201
vn -0.6776 -0.5201 0.5200
vn -0.6776 -0.5200 -0.5201
vn -0.6789 0.7342 0.0001
vn -0.6789 -0.7342 -0.0003
vt 17.508600 -37.011600
vt 17.553101 -37.008598
vt 17.509501 -37.000000
vt 17.507700 -37.023102
vt 17.552200 -37.019901
vt 17.552601 -37.014198
vt 17.571899 -37.036800
vt 17.523300 -37.011200
vt 17.521299 -37.036701
vt 17.573601 -37.016399
vt 17.575199 -36.995998
vt 17.525299 -36.985802
vt 18.414301 -37.034100
vt 18.459400 -37.030602
vt 18.403299 -36.986198
vt 18.222601 -36.985298
vt 18.286900 -37.017601
vt 18.260500 -36.975498
vt 18.305599 -36.967499
vt 18.350599 -37.025799
vt 18.354500 -36.970798
vt 18.312201 -36.952801
vt 18.355400 -36.955002
vt 18.391100 -36.982399
vt 18.381100 -37.029800
vt 18.387800 -36.965698
vt 18.396900 -37.031799
vt 18.394800 -36.983501
vt 18.400000 -37.032200
vt 18.391001 -36.966801
vt 17.736401 -36.971802
vt 17.798700 -36.997601
vt 17.797701 -36.969501
vt 17.737400 -36.999901
vt 17.738501 -37.028000
vt 17.799801 -37.025700
vt 18.114901 -36.507301
vt 18.103300 -36.507702
vt 18.109301 -36.552200
vt 18.114901 -36.551998
vt 18.120600 -36.552200
vt 18.126499 -36.507702
vt 17.885099 -36.507301
vt 17.890699 -36.552200
vt 17.896700 -36.507702
vt 17.885099 -36.551998
vt 17.879400 -36.552200
vt 17.873501 -36.507702
vt 18.135401 -36.571899
vt 18.114901 -36.520401
vt 18.114901 -36.571301
vt 18.094500 -36.571899
vt 18.140499 -36.521301
vt 18.089399 -36.521301
vt 17.885099 -36.520401
vt 17.864599 -36.571899
vt 17.885099 -36.571301
vt 17.905500 -36.571899
vt 17.859501 -36.521301
vt 17.910601 -36.521301
vt 18.013300 -37.484901
vt 18.000000 -37.446499
vt 18.000000 -37.492699
vt 17.986700 -37.484901
vt 18.011000 -37.446499
vt 18.023500 -37.472198
vt 18.017599 -37.400902
vt 18.010201 -37.398602
vt 17.989799 -37.398602
vt 17.989000 -37.446499
vt 17.976500 -37.472198
vt 17.982401 -37.400902
vt 17.966200 -37.459400
vt 17.977100 -37.402599
vt 17.974899 -37.403301
vt 17.969299 -37.463200
vt 18.022900 -37.402599
vt 18.033800 -37.459400
vt 18.025101 -37.403301
vt 18.030701 -37.463200
vt 18.010201 -37.312199
vt 18.000000 -37.253399
vt 17.989799 -37.312199
vt 18.013201 -37.200199
vt 18.000000 -37.191299
vt 17.986799 -37.200199
vt 18.011101 -37.253399
vt 18.033899 -37.222599
vt 18.027599 -37.260502
vt 18.025101 -37.305599
vt 17.988899 -37.253399
vt 17.966101 -37.222599
vt 17.972401 -37.260502
vt 17.974899 -37.305599
vt 17.989799 -37.355400
vt 17.989799 -37.387798
vt 18.010201 -37.355400
vt 17.989799 -37.390999
vt 18.010201 -37.387798
vt 18.010201 -37.390999
vt 18.114901 -36.738899
vt 18.143101 -36.799801
vt 18.143101 -36.738499
vt 18.114901 -36.800201
vt 18.086800 -36.799801
vt 18.086800 -36.738499
vt 17.856899 -36.799801
vt 17.885099 -36.738899
vt 17.856899 -36.738499
vt 17.885099 -36.800201
vt 17.913200 -36.799801
vt 17.913200 -36.738499
vt 17.890699 -37.008598
vt 17.890699 -37.019901
vt 17.893101 -37.014198
vt 17.885099 -37.022202
vt 17.885099 -37.006199
vt 17.879400 -37.008598
vt 17.879400 -37.019901
vt 17.877001 -37.014198
vt 18.109301 -37.019901
vt 18.109301 -37.008598
vt 18.106899 -37.014198
vt 18.114901 -37.022202
vt 18.114901 -37.006199
vt 18.120600 -37.008598
vt 18.120600 -37.019901
vt 18.122999 -37.014198
vt 18.447399 -37.014198
vt 18.491400 -37.011600
vt 18.446899 -37.008598
vt 18.490499 -37.000000
vt 18.447800 -37.019901
vt 18.492300 -37.023102
vt 18.476700 -37.011200
vt 18.428101 -37.036800
vt 18.478701 -37.036701
vt 18.426399 -37.016399
vt 18.424801 -36.995998
vt 18.474701 -36.985802
vt 17.540600 -37.030602
vt 17.585699 -37.034100
vt 17.596701 -36.986198
vt 17.739500 -36.975498
vt 17.713100 -37.017601
vt 17.777399 -36.985298
vt 17.694401 -36.967499
vt 17.649401 -37.025799
vt 17.645500 -36.970798
vt 17.687799 -36.952801
vt 17.644600 -36.955002
vt 17.612200 -36.965698
vt 17.608900 -36.982399
vt 17.608999 -36.966801
vt 17.618900 -37.029800
vt 17.605200 -36.983501
vt 17.603100 -37.031799
vt 17.600000 -37.032200
vt 18.201300 -36.997601
vt 18.263599 -36.971802
vt 18.202299 -36.969501
vt 18.262600 -36.999901
vt 18.261499 -37.028000
vt 18.200199 -37.025700
vt 17.885099 -36.509899
vt 17.890699 -36.553101
vt 17.896700 -36.509499
vt 17.885099 -36.553299
vt 17.879400 -36.553101
vt 17.873501 -36.509499
vt 18.109301 -36.553101
vt 18.114901 -36.509899
vt 18.103300 -36.509499
vt 18.114901 -36.553299
vt 18.120600 -36.553101
vt 18.126499 -36.509499
vt 17.885099 -36.526199
vt 17.859501 -36.525299
vt 17.864599 -36.575199
vt 17.905500 -36.575199
vt 17.910601 -36.525299
vt 17.885099 -36.575901
vt 18.114901 -36.526199
vt 18.135401 -36.575199
vt 18.140499 -36.525299
vt 18.094500 -36.575199
vt 18.089399 -36.525299
vt 18.114901 -36.575901
vt 17.913200 -36.797699
vt 17.913200 -36.736401
vt 17.885099 -36.797199
vt 17.885099 -36.735901
vt 17.856899 -36.736401
vt 17.856899 -36.797699
vt 18.086800 -36.736401
vt 18.086800 -36.797699
vt 18.114901 -36.797199
vt 18.114901 -36.735901
vt 18.143101 -36.736401
vt 18.143101 -36.797699
vt 18.086800 -36.971802
vt 18.075199 -36.999901
vt 18.094700 -36.999901
vt 18.086800 -37.028000
vt 18.100599 -36.985600
vt 18.100599 -37.014198
vt 18.114901 -36.960201
vt 18.114901 -36.979698
vt 18.129200 -36.985600
vt 18.143101 -36.971802
vt 18.135201 -36.999901
vt 18.154699 -36.999901
vt 18.143101 -37.028000
vt 18.129200 -37.014198
vt 18.114901 -37.039600
vt 18.114901 -37.020100
vt 17.913200 -36.971802
vt 17.905300 -36.999901
vt 17.924801 -36.999901
vt 17.913200 -37.028000
vt 17.899401 -36.985600
vt 17.899401 -37.014198
vt 17.885099 -36.960201
vt 17.885099 -36.979698
vt 17.870800 -36.985600
vt 17.856899 -36.971802
vt 17.864799 -36.999901
vt 17.845301 -36.999901
vt 17.856899 -37.028000
vt 17.870800 -37.014198
vt 17.885099 -37.039600
vt 17.885099 -37.020100
vt 50.654999 -15.075800
vt 50.680901 -15.064200
vt 50.654999 -15.064200
vt 50.680901 -15.087500
vt 50.654999 -15.087500
vt 50.680901 -15.075800
vt 49.640598 -14.949400
vt 49.583199 -14.950400
vt 49.639000 -14.969800
vt 49.582100 -14.965000
vt 49.574902 -14.953400
vt 49.574001 -14.965000
vt 49.573101 -14.976600
vt 49.580898 -14.979600
vt 49.637402 -14.990200
vt 49.500500 -15.035200
vt 49.401199 -15.027900
vt 49.496399 -15.043800
vt 49.401402 -15.036200
vt 49.351200 -15.033700
vt 49.344299 -15.026400
vt 49.482399 -15.029100
vt 49.401299 -15.020300
vt 49.361401 -15.016000
vt 49.492199 -14.872700
vt 49.470001 -14.849900
vt 49.372898 -14.864200
vt 49.490200 -14.865300
vt 49.395599 -14.845900
vt 49.373901 -14.859700
vt 49.517300 -15.002700
vt 49.338600 -15.047400
vt 49.474400 -15.086800
vt 49.520199 -15.050200
vt 49.508099 -15.082000
vt 49.594002 -14.981800
vt 49.619099 -14.988700
vt 49.619099 -14.972300
vt 49.594002 -14.996600
vt 49.558300 -14.991400
vt 49.558300 -15.004400
vt 49.618801 -14.926200
vt 49.591099 -14.934900
vt 49.618000 -14.965400
vt 49.588699 -14.964700
vt 49.586300 -14.994500
vt 49.617100 -15.004700
vt 49.653702 -14.964200
vt 49.655201 -15.008300
vt 49.833199 -14.999600
vt 49.831402 -14.952200
vt 49.652199 -14.920200
vt 49.829601 -14.904900
vt 50.468700 -14.939700
vt 50.465401 -14.985700
vt 50.479698 -14.987500
vt 50.460201 -14.937000
vt 50.464001 -14.922700
vt 50.456402 -14.920200
vt 49.855099 -15.097200
vt 50.054699 -15.097200
vt 50.054699 -15.086200
vt 50.064499 -15.092300
vt 50.064499 -15.086200
vt 50.064499 -15.080000
vt 50.054699 -15.075100
vt 49.855099 -15.086200
vt 49.855099 -15.075100
vt 49.845299 -15.092300
vt 49.845299 -15.086200
vt 49.845299 -15.080000
vt 50.163300 -14.975500
vt 50.020401 -14.985200
vt 50.163300 -15.051300
vt 50.020401 -14.949100
vt 49.941502 -14.956200
vt 50.163300 -14.939400
vt 50.251999 -14.931600
vt 50.446499 -15.087000
vt 50.425598 -15.051300
vt 50.425598 -15.087000
vt 50.462299 -15.087000
vt 50.446499 -15.051300
vt 50.416000 -15.051300
vt 50.416000 -15.087000
vt 50.352299 -15.051300
vt 50.352299 -15.087000
vt 50.265598 -15.087000
vt 50.265598 -15.051300
vt 50.163300 -15.087000
vt 50.265598 -14.966500
vt 50.352299 -14.998700
vt 50.416000 -15.007000
vt 50.416000 -14.979300
vt 50.352299 -14.971000
vt 50.425598 -14.980500
vt 50.287998 -14.938800
vt 50.425598 -15.008200
vt 50.446499 -14.983200
vt 50.265598 -14.942500
vt 50.262901 -14.940300
vt 50.446499 -15.010900
vt 50.462299 -14.985300
vt 50.462299 -15.013000
vt 50.462299 -15.051300
vt 50.465401 -15.013400
vt 50.479698 -15.015200
vt 50.524799 -14.984000
vt 50.465401 -15.051300
vt 50.465401 -15.087000
vt 50.479698 -15.087000
vt 50.479698 -15.051300
vt 50.550301 -15.022800
vt 50.550301 -15.087000
vt 50.550301 -15.046800
vt 50.588299 -15.076900
vt 50.627701 -15.059900
vt 50.588299 -15.042600
vt 50.588299 -15.031500
vt 50.627701 -15.040200
vt 50.627701 -15.033800
vt 50.627701 -15.013900
vt 50.588299 -14.996800
vt 50.563499 -14.990200
vt 50.553001 -14.996400
vt 50.550301 -14.997900
vt 49.899200 -15.104200
vt 49.899200 -15.093200
vt 49.891602 -15.099300
vt 49.891602 -15.093200
vt 50.076500 -15.104200
vt 49.891602 -15.087000
vt 50.086300 -15.099300
vt 50.076500 -15.093200
vt 50.086300 -15.093200
vt 50.086300 -15.087000
vt 49.899200 -15.082100
vt 50.076500 -15.082100
vt 49.821602 -14.962800
vt 49.638401 -14.980900
vt 49.821602 -14.980900
vt 49.638401 -14.962800
vt 49.319099 -15.019400
vt 49.332401 -15.016800
vt 49.319099 -15.018100
vt 49.367599 -14.989500
vt 49.332401 -15.001200
vt 49.332401 -15.020700
vt 49.367599 -15.047900
vt 49.332401 -15.036300
vt 49.367599 -15.015500
vt 49.367599 -15.022100
vt 49.562000 -15.014200
vt 49.562099 -14.978000
vt 49.562099 -15.023400
vt 49.562099 -15.059400
vt 49.941502 -14.992300
vt 49.941502 -15.045300
vt 49.941502 -15.081200
vt 50.020401 -15.051200
vt 50.020401 -15.087000
vt 49.865898 -14.998700
vt 49.957298 -14.998800
vt 49.879601 -14.992200
vt 49.946499 -14.992200
vt 49.975201 -14.986700
vt 49.995499 -14.998600
vt 49.987801 -15.011700
vt 49.953602 -15.006200
vt 49.870899 -15.006200
vt 49.840599 -15.011700
vt 49.831200 -14.998500
vt 50.476299 -15.093900
vt 50.680901 -15.093900
vt 50.476299 -15.075800
vt 50.680901 -15.057800
vt 50.476299 -15.057800
vt 50.473499 -15.052900
vt 50.272499 -15.076500
vt 50.473499 -15.096100
vt 50.272499 -15.051400
vt 50.602798 -15.057700
vt 50.272499 -15.086200
vt 50.602798 -15.091300
vt 50.473499 -15.107400
vt 50.602798 -15.102600
vt 50.013199 -15.040100
vt 49.941200 -15.093700
vt 50.013199 -15.101900
vt 49.941200 -15.040900
vt 49.887901 -15.078700
vt 50.085800 -15.044000
vt 50.085800 -15.101900
vt 49.887901 -15.044300
vt 49.854500 -15.063700
vt 49.854500 -15.044800
vt 50.145302 -15.056400
vt 50.145302 -15.101900
vt 50.166199 -15.062200
vt 50.166199 -15.098300
vt 50.186001 -15.070100
vt 50.186001 -15.093500
vt 50.095100 -15.116600
vt 49.917900 -15.141400
vt 50.095100 -15.141400
vt 49.917900 -15.116600
vt 50.095100 -15.091800
vt 49.917900 -15.091800
vt 49.821602 -14.991400
vt 49.821602 -15.004400
vt 49.934898 -15.119000
vt 50.112000 -15.094300
vt 49.934898 -15.094300
vt 50.112000 -15.119000
vt 49.934898 -15.143800
vt 50.112000 -15.143800
vt 50.073700 -15.116700
vt 50.099201 -15.103900
vt 50.073700 -15.096700
vt 50.099201 -15.129400
vt 50.073700 -15.136600
vt 50.099201 -15.116700
vt 49.851501 -14.908400
vt 49.854698 -14.994400
vt 49.853100 -14.951400
vt 50.090599 -15.119100
vt 50.116199 -15.106300
vt 50.090599 -15.099100
vt 50.116199 -15.131800
vt 50.090599 -15.139000
vt 50.116199 -15.119100
vt 49.819401 -14.942700
vt 49.802799 -14.953300
vt 49.819801 -14.952700
vt 49.802299 -14.939000
vt 49.820202 -14.962700
vt 49.803398 -14.967600
vt 49.988400 -15.680900
vt 50.000000 -15.655100
vt 49.988400 -15.655100
vt 50.000000 -15.680900
vt 50.011600 -15.655100
vt 50.011600 -15.680900
vt 50.114899 -14.641300
vt 50.100300 -14.583200
vt 50.094501 -14.640600
vt 50.114899 -14.583700
vt 50.103298 -14.574900
vt 50.114899 -14.575300
vt 50.126499 -14.574900
vt 50.129601 -14.583200
vt 50.135399 -14.640600
vt 49.885101 -14.641300
vt 49.899700 -14.583200
vt 49.885101 -14.583700
vt 49.905499 -14.640600
vt 49.870399 -14.583200
vt 49.864601 -14.640600
vt 49.873501 -14.574900
vt 49.885101 -14.575300
vt 49.896702 -14.574900
vt 50.213299 -14.361400
vt 50.000000 -14.344300
vt 50.000000 -14.361400
vt 50.213299 -14.344300
vt 49.786701 -14.361400
vt 49.786701 -14.344300
vt 49.976501 -15.537600
vt 49.982399 -15.466400
vt 49.969299 -15.528700
vt 49.977100 -15.468000
vt 50.030701 -15.528700
vt 50.017601 -15.466400
vt 50.023499 -15.537600
vt 50.022900 -15.468000
vt 50.159000 -14.652200
vt 50.114899 -14.828900
vt 50.162300 -14.829600
vt 50.114899 -14.651600
vt 50.154202 -14.618800
vt 50.144798 -14.591100
vt 50.114899 -14.619100
vt 50.114899 -14.592100
vt 50.085098 -14.591100
vt 50.075699 -14.618800
vt 50.070900 -14.652200
vt 50.067600 -14.829600
vt 49.885101 -14.828900
vt 49.841000 -14.652200
vt 49.837700 -14.829600
vt 49.885101 -14.651600
vt 49.845798 -14.618800
vt 49.885101 -14.619100
vt 49.855202 -14.591100
vt 49.885101 -14.592100
vt 49.914902 -14.591100
vt 49.924301 -14.618800
vt 49.929100 -14.652200
vt 49.932400 -14.829600
vt 49.989799 -15.464000
vt 50.010201 -15.456400
vt 49.989799 -15.456400
vt 50.010201 -15.464000
vt 50.472301 -15.054700
vt 50.461201 -15.054700
vt 50.466099 -15.064500
vt 50.472301 -15.064500
vt 50.478401 -15.064500
vt 50.461201 -14.855100
vt 50.472301 -14.855100
vt 50.466099 -14.845300
vt 50.472301 -14.845300
vt 50.478401 -14.845300
vt 50.483299 -15.054700
vt 50.483299 -14.855100
vt 49.516701 -14.855100
vt 49.527699 -14.855100
vt 49.521599 -14.845300
vt 49.527699 -14.845300
vt 49.533901 -14.845300
vt 49.516701 -15.054700
vt 49.521599 -15.064500
vt 49.527699 -15.054700
vt 49.527699 -15.064500
vt 49.533901 -15.064500
vt 49.538799 -14.855100
vt 49.538799 -15.054700
vt 49.974899 -14.941500
vt 50.025200 -15.020400
vt 50.025101 -14.941500
vt 49.974800 -15.020400
vt 49.974800 -15.163300
vt 50.025200 -15.163300
vt 50.000000 -15.256800
vt 50.022800 -15.252000
vt 50.013199 -15.265600
vt 49.977200 -15.252000
vt 50.034401 -15.262900
vt 50.029800 -15.283500
vt 50.037300 -15.265600
vt 50.033901 -15.288000
vt 49.986801 -15.265600
vt 49.970200 -15.283500
vt 49.962700 -15.265600
vt 49.966099 -15.288000
vt 49.965599 -15.262900
vt 50.029701 -15.529900
vt 50.037998 -15.550300
vt 50.033798 -15.524800
vt 50.034801 -15.553000
vt 50.013302 -15.550300
vt 50.021999 -15.563500
vt 50.000000 -15.558000
vt 50.020699 -15.588300
vt 49.987202 -15.627700
vt 50.004002 -15.647000
vt 50.012798 -15.627700
vt 49.995998 -15.647000
vt 49.979301 -15.588300
vt 49.978001 -15.563500
vt 49.986698 -15.550300
vt 49.965199 -15.553000
vt 49.970299 -15.529900
vt 49.962002 -15.550300
vt 49.966202 -15.524800
vt 49.603802 -14.899200
vt 49.614899 -14.899200
vt 49.608700 -14.891600
vt 49.603802 -15.076500
vt 49.614899 -14.891600
vt 49.620998 -14.891600
vt 49.608700 -15.086300
vt 49.614899 -15.076500
vt 49.614899 -15.086300
vt 49.620998 -15.086300
vt 49.625900 -14.899200
vt 49.625900 -15.076500
vt 50.010300 -14.562100
vt 50.035599 -14.367600
vt 50.007401 -14.367600
vt 50.019798 -14.332400
vt 49.992599 -14.367600
vt 50.004398 -14.332400
vt 50.385101 -15.076500
vt 50.374100 -15.076500
vt 50.379002 -15.086300
vt 50.385101 -15.086300
vt 50.391300 -15.086300
vt 50.374100 -14.899200
vt 50.385101 -14.899200
vt 50.379002 -14.891600
vt 50.385101 -14.891600
vt 50.391300 -14.891600
vt 50.396198 -15.076500
vt 50.396198 -14.899200
vt 49.998501 -14.319100
vt 50.001499 -14.319100
vt 49.995602 -14.332400
vt 49.980202 -14.332400
vt 49.964401 -14.367600
vt 49.989700 -14.562100
vt 50.061901 -14.821600
vt 50.061901 -14.638400
vt 50.015202 -14.821600
vt 50.046299 -14.619100
vt 50.030800 -14.594000
vt 50.015202 -14.558300
vt 49.984798 -14.821600
vt 49.938099 -14.638400
vt 49.938099 -14.821600
vt 49.953701 -14.619100
vt 49.969200 -14.594000
vt 49.984798 -14.558300
vt 50.673599 -14.853400
vt 50.691299 -14.831200
vt 50.671398 -14.826700
vt 50.654400 -14.850700
vt 50.651501 -14.822100
vt 50.692699 -14.856100
vt 50.710400 -14.865900
vt 50.709499 -14.879600
vt 50.717499 -14.946500
vt 50.707001 -14.975200
vt 50.711102 -14.995500
vt 50.689098 -14.982300
vt 50.692902 -15.004600
vt 50.671101 -14.989400
vt 50.674599 -15.013800
vt 50.450401 -14.867900
vt 50.446701 -14.836700
vt 50.470001 -15.031200
vt 50.473900 -15.061500
vt 50.199600 -14.885900
vt 50.195702 -14.850600
vt 50.223999 -15.088500
vt 50.229000 -15.128400
vt 50.120201 -15.121500
vt 50.124901 -15.161300
vt 50.090698 -14.877100
vt 50.087502 -14.841900
vt 50.016300 -15.154500
vt 50.021000 -15.194100
vt 49.978199 -14.838200
vt 49.975300 -14.803200
vt 49.326401 -14.853400
vt 49.308701 -14.831200
vt 49.307301 -14.856100
vt 49.289600 -14.865900
vt 49.328602 -14.826700
vt 49.290501 -14.879600
vt 49.282501 -14.946500
vt 49.292999 -14.975200
vt 49.288898 -14.995500
vt 49.310902 -14.982300
vt 49.307098 -15.004600
vt 49.328899 -14.989400
vt 49.325401 -15.013800
vt 49.345600 -14.850700
vt 49.348499 -14.822100
vt 49.549599 -14.867900
vt 49.553299 -14.836700
vt 49.529999 -15.031200
vt 49.526100 -15.061500
vt 49.800400 -14.885900
vt 49.804298 -14.850600
vt 49.776001 -15.088500
vt 49.771000 -15.128400
vt 49.879799 -15.121500
vt 49.875099 -15.161300
vt 49.909302 -14.877100
vt 49.912498 -14.841900
vt 49.983700 -15.154500
vt 49.979000 -15.194100
vt 50.021801 -14.838200
vt 50.024700 -14.803200
vt 50.018101 -15.680900
vt 50.018101 -15.476300
vt 50.000000 -15.476300
vt 49.981899 -15.476300
vt 49.981899 -15.680900
vt 50.026100 -15.602800
vt 50.021301 -15.473500
vt 49.973900 -15.602800
vt 49.978699 -15.473500
vt 49.993198 -15.272500
vt 50.006802 -15.272500
vt 50.209000 -15.013200
vt 50.185101 -14.941200
vt 50.181702 -15.013200
vt 50.183899 -15.085800
vt 50.209000 -14.941200
vt 50.194302 -14.887900
vt 50.209000 -14.887900
vt 50.203899 -14.854500
vt 50.209000 -14.854500
vt 50.214199 -14.854500
vt 50.223701 -14.887900
vt 50.233002 -14.941200
vt 50.236401 -15.013200
vt 50.234100 -15.085800
vt 50.209000 -15.085800
vt 50.229801 -15.145300
vt 50.209000 -15.145300
vt 50.223598 -15.166200
vt 50.188301 -15.145300
vt 50.194500 -15.166200
vt 50.209000 -15.166200
vt 50.216702 -15.186000
vt 50.209000 -15.186000
vt 50.201302 -15.186000
vt 49.814899 -14.941200
vt 49.791000 -15.013200
vt 49.818298 -15.013200
vt 49.816101 -15.085800
vt 49.805698 -14.887900
vt 49.791000 -14.941200
vt 49.796101 -14.854500
vt 49.791000 -14.887900
vt 49.791000 -14.854500
vt 49.785801 -14.854500
vt 49.776299 -14.887900
vt 49.766998 -14.941200
vt 49.763599 -15.013200
vt 49.765900 -15.085800
vt 49.791000 -15.085800
vt 49.770199 -15.145300
vt 49.811699 -15.145300
vt 49.791000 -15.145300
vt 49.805500 -15.166200
vt 49.776402 -15.166200
vt 49.791000 -15.166200
vt 49.798698 -15.186000
vt 49.791000 -15.186000
vt 49.783298 -15.186000
vt 50.295502 -14.917900
vt 50.320301 -15.095100
vt 50.320301 -14.917900
vt 50.295502 -15.095100
vt 50.270699 -14.917900
vt 50.270699 -15.095100
vt 49.679699 -15.095100
vt 49.704498 -14.917900
vt 49.679699 -14.917900
vt 49.704498 -15.095100
vt 49.729301 -14.917900
vt 49.729301 -15.095100
vt 50.000000 -14.401300
vt 49.771301 -14.401300
vt 49.771301 -14.482400
vt 50.000000 -14.482400
vt 50.228699 -14.401300
vt 50.228699 -14.482400
vt 50.137100 -14.934900
vt 50.161900 -15.112000
vt 50.161900 -14.934900
vt 50.137100 -15.112000
vt 50.112301 -14.934900
vt 50.112301 -15.112000
vt 49.838100 -15.112000
vt 49.862900 -14.934900
vt 49.838100 -14.934900
vt 49.862900 -15.112000
vt 49.887699 -14.934900
vt 49.887699 -15.112000
vt 50.282700 -15.099200
vt 50.295502 -15.073700
vt 50.275501 -15.073700
vt 50.295502 -15.099200
vt 50.308300 -15.099200
vt 50.315498 -15.073700
vt 49.717300 -15.099200
vt 49.724499 -15.073700
vt 49.704498 -15.073700
vt 49.704498 -15.099200
vt 49.691700 -15.099200
vt 49.684502 -15.073700
vt 50.158001 -14.851500
vt 50.114899 -14.850800
vt 50.071899 -14.851500
vt 49.841999 -14.851500
vt 49.885101 -14.850800
vt 49.928101 -14.851500
vt 50.124298 -15.116200
vt 50.137100 -15.090600
vt 50.117100 -15.090600
vt 50.137100 -15.116200
vt 50.149799 -15.116200
vt 50.157001 -15.090600
vt 49.875702 -15.116200
vt 49.882900 -15.090600
vt 49.862900 -15.090600
vt 49.862900 -15.116200
vt 49.850201 -15.116200
vt 49.842999 -15.090600
vt 50.000000 -14.500500
vt 50.228699 -14.500500
vt 49.771301 -14.500500
vt 50.114899 -14.802100
vt 50.100601 -14.802300
vt 50.104900 -14.819400
vt 50.114899 -14.819300
vt 50.124901 -14.819400
vt 50.129200 -14.802300
vt 49.885101 -14.802100
vt 49.895100 -14.819400
vt 49.899399 -14.802300
vt 49.885101 -14.819300
vt 49.875099 -14.819400
vt 49.870800 -14.802300
vt 50.241699 -14.490300
vt 50.241699 -14.470000
vt 50.220100 -14.490300
vt 50.220100 -14.470000
vt 50.228100 -14.395600
vt 50.233700 -14.395600
vt 50.233700 -14.373900
vt 50.228100 -14.373900
vt 49.779900 -14.470000
vt 49.758301 -14.490300
vt 49.779900 -14.490300
vt 49.758301 -14.470000
vt 49.771900 -14.395600
vt 49.766300 -14.395600
vt 49.766300 -14.373900
vt 49.771900 -14.373900
vt 50.000000 -15.026800
vt 49.786701 -15.026400
vt 49.786701 -15.033700
vt 50.000000 -15.019500
vt 50.213299 -15.026400
vt 50.213299 -15.033700
vt 49.910599 -14.939200
vt 49.885101 -14.922600
vt 49.885101 -14.928700
vt 49.859501 -14.939200
vt 49.914902 -14.934900
vt 49.855202 -14.934900
vt 49.921200 -14.964700
vt 49.848999 -14.964700
vt 49.927299 -14.964700
vt 49.842800 -14.964700
vt 49.914902 -14.994500
vt 49.855202 -14.994500
vt 49.910599 -14.990100
vt 49.859501 -14.990100
vt 49.885101 -15.006800
vt 49.885101 -15.000700
vt 50.144798 -14.994500
vt 50.151001 -14.964700
vt 50.140499 -14.990100
vt 50.157200 -14.964700
vt 50.114899 -15.006800
vt 50.144798 -14.934900
vt 50.114899 -15.000700
vt 50.140499 -14.939200
vt 50.089401 -14.990100
vt 50.114899 -14.922600
vt 50.085098 -14.994500
vt 50.114899 -14.928700
vt 50.078800 -14.964700
vt 50.089401 -14.939200
vt 50.072701 -14.964700
vt 50.085098 -14.934900
vt 49.938099 -14.962800
vt 49.939999 -14.988700
vt 49.953701 -14.972300
vt 49.924000 -14.980900
vt 50.061901 -14.962800
vt 50.060001 -14.988700
vt 50.076000 -14.980900
vt 50.046299 -14.972300
vt 49.521599 -15.080000
vt 49.533901 -15.080000
vt 49.527699 -15.077500
vt 49.536400 -15.086200
vt 49.527699 -15.094900
vt 49.533901 -15.092300
vt 49.521599 -15.092300
vt 49.519001 -15.086200
vt 50.478401 -15.080000
vt 50.472301 -15.094900
vt 50.478401 -15.092300
vt 50.480999 -15.086200
vt 50.463600 -15.086200
vt 50.466099 -15.092300
vt 50.466099 -15.080000
vt 50.472301 -15.077500
vt 49.614899 -15.084500
vt 49.614899 -15.101900
vt 49.623600 -15.093200
vt 49.620998 -15.087000
vt 49.620998 -15.099300
vt 49.608700 -15.087000
vt 49.606201 -15.093200
vt 49.608700 -15.099300
vt 50.393799 -15.093200
vt 50.385101 -15.101900
vt 50.391300 -15.099300
vt 50.385101 -15.084500
vt 50.391300 -15.087000
vt 50.376400 -15.093200
vt 50.379002 -15.099300
vt 50.379002 -15.087000
vt 49.723400 -15.135500
vt 49.677799 -15.116600
vt 49.685600 -15.135500
vt 49.704498 -15.143400
vt 49.731201 -15.116600
vt 49.704498 -15.089900
vt 49.723400 -15.097700
vt 49.685600 -15.097700
vt 50.268799 -15.116600
vt 50.322201 -15.116600
vt 50.295502 -15.089900
vt 50.276600 -15.097700
vt 50.314400 -15.097700
vt 50.276600 -15.135500
vt 50.314400 -15.135500
vt 50.295502 -15.143400
vt 49.995499 -15.036300
vt 49.993401 -15.019400
vt 49.980202 -15.020700
vt 49.998501 -15.024600
vt 49.993401 -15.018100
vt 49.995602 -15.001200
vt 49.980202 -15.016800
vt 49.998501 -15.012800
vt 50.001499 -15.024600
vt 50.001499 -15.012800
vt 50.006599 -15.018100
vt 50.004398 -15.001200
vt 50.004501 -15.036300
vt 50.006599 -15.019400
vt 50.019798 -15.016800
vt 50.019798 -15.020700
vt 49.844002 -15.137900
vt 49.844002 -15.100100
vt 49.836201 -15.119000
vt 49.881802 -15.137900
vt 49.862900 -15.145800
vt 49.881802 -15.100100
vt 49.862900 -15.092300
vt 49.889702 -15.119000
vt 50.118198 -15.137900
vt 50.118198 -15.100100
vt 50.110298 -15.119000
vt 50.155998 -15.137900
vt 50.137100 -15.145800
vt 50.155998 -15.100100
vt 50.137100 -15.092300
vt 50.163799 -15.119000
vt 49.309200 -15.011700
vt 49.328602 -14.999300
vt 49.308701 -14.998500
vt 49.328400 -15.014700
vt 49.348499 -15.000000
vt 49.347698 -15.017600
vt 49.553299 -15.022600
vt 49.551998 -15.040200
vt 49.804298 -15.043200
vt 49.803101 -15.060800
vt 49.911900 -15.060800
vt 49.912498 -15.043200
vt 50.024399 -15.044800
vt 50.024700 -15.027300
vt 50.671398 -14.999300
vt 50.690800 -15.011700
vt 50.691299 -14.998500
vt 50.671600 -15.014700
vt 50.651501 -15.000000
vt 50.652302 -15.017600
vt 50.446701 -15.022600
vt 50.448002 -15.040200
vt 50.195702 -15.043200
vt 50.196899 -15.060800
vt 50.088100 -15.060800
vt 50.087502 -15.043200
vt 49.975601 -15.044800
vt 49.975300 -15.027300
vt 49.669498 -15.116600
vt 49.679699 -15.141400
vt 49.704498 -15.151700
vt 49.729301 -15.141400
vt 49.679699 -15.091800
vt 49.704498 -15.081600
vt 49.739601 -15.116600
vt 49.729301 -15.091800
vt 50.270699 -15.141400
vt 50.260399 -15.116600
vt 50.295502 -15.151700
vt 50.320301 -15.141400
vt 50.270699 -15.091800
vt 50.330502 -15.116600
vt 50.320301 -15.091800
vt 50.295502 -15.081600
vt 49.838100 -15.143800
vt 49.827900 -15.119000
vt 49.838100 -15.094300
vt 49.862900 -15.084000
vt 49.887699 -15.094300
vt 49.897999 -15.119000
vt 49.887699 -15.143800
vt 49.862900 -15.154100
vt 50.137100 -15.154100
vt 50.161900 -15.143800
vt 50.112301 -15.143800
vt 50.172100 -15.119000
vt 50.161900 -15.094300
vt 50.137100 -15.084000
vt 50.112301 -15.094300
vt 50.102001 -15.119000
vt 49.771900 -14.864200
vt 49.771900 -14.859700
vt 49.766300 -14.859700
vt 49.766300 -14.864200
vt 49.771900 -15.047400
vt 49.766300 -15.047400
vt 50.228100 -14.864200
vt 50.233700 -14.859700
vt 50.228100 -14.859700
vt 50.233700 -14.864200
vt 50.228100 -15.047400
vt 50.233700 -15.047400
vt 49.319099 -15.075800
vt 49.345001 -15.075800
vt 49.319099 -15.064200
vt 49.345001 -15.064200
vt 49.345001 -15.087500
vt 49.319099 -15.087500
vt 50.361000 -14.969800
vt 50.416801 -14.950400
vt 50.359402 -14.949400
vt 50.417900 -14.965000
vt 50.425098 -14.953400
vt 50.425999 -14.965000
vt 50.426899 -14.976600
vt 50.419102 -14.979600
vt 50.362598 -14.990200
vt 50.598801 -15.027900
vt 50.648800 -15.033700
vt 50.655701 -15.026400
vt 50.598598 -15.036200
vt 50.503601 -15.043800
vt 50.499500 -15.035200
vt 50.517601 -15.029100
vt 50.598701 -15.020300
vt 50.638599 -15.016000
vt 50.627102 -14.864200
vt 50.529999 -14.849900
vt 50.507801 -14.872700
vt 50.509800 -14.865300
vt 50.604401 -14.845900
vt 50.626099 -14.859700
vt 50.482700 -15.002700
vt 50.661400 -15.047400
vt 50.525600 -15.086800
vt 50.479801 -15.050200
vt 50.491901 -15.082000
vt 50.380901 -14.988700
vt 50.405998 -14.981800
vt 50.380901 -14.972300
vt 50.405998 -14.996600
vt 50.441700 -14.991400
vt 50.441700 -15.004400
vt 50.168598 -14.952200
vt 50.347801 -14.920200
vt 50.170399 -14.904900
vt 50.346298 -14.964200
vt 50.166801 -14.999600
vt 50.344799 -15.008300
vt 50.382900 -15.004700
vt 50.381199 -14.926200
vt 50.382000 -14.965400
vt 50.408901 -14.934900
vt 50.411301 -14.964700
vt 50.413700 -14.994500
vt 49.535999 -14.922700
vt 49.539799 -14.937000
vt 49.543598 -14.920200
vt 49.531300 -14.939700
vt 49.534599 -14.985700
vt 49.520302 -14.987500
vt 49.945301 -15.086200
vt 49.945301 -15.075100
vt 49.935501 -15.080000
vt 50.144901 -15.075100
vt 49.935501 -15.086200
vt 49.935501 -15.092300
vt 50.144901 -15.086200
vt 50.154701 -15.080000
vt 50.154701 -15.086200
vt 50.154701 -15.092300
vt 49.945301 -15.097200
vt 50.144901 -15.097200
vt 50.058498 -14.956200
vt 49.979599 -14.985200
vt 50.058498 -14.992300
vt 49.979599 -15.051200
vt 49.979599 -14.949100
vt 49.836700 -15.051300
vt 49.979599 -15.087000
vt 49.836700 -14.975500
vt 49.836700 -15.087000
vt 49.734402 -15.051300
vt 49.734402 -15.087000
vt 49.836700 -14.939400
vt 49.748001 -14.931600
vt 49.734402 -14.966500
vt 49.737099 -14.940300
vt 49.734402 -14.942500
vt 49.712002 -14.938800
vt 49.647701 -14.971000
vt 49.647701 -14.998700
vt 49.584000 -14.979300
vt 49.647701 -15.051300
vt 49.584000 -15.007000
vt 49.574402 -14.980500
vt 49.574402 -15.008200
vt 49.553501 -14.983200
vt 49.584000 -15.051300
vt 49.647701 -15.087000
vt 49.553501 -15.010900
vt 49.537701 -14.985300
vt 49.574402 -15.051300
vt 49.584000 -15.087000
vt 49.574402 -15.087000
vt 49.537701 -15.013000
vt 49.553501 -15.051300
vt 49.534599 -15.013400
vt 49.553501 -15.087000
vt 49.537701 -15.051300
vt 49.537701 -15.087000
vt 49.520302 -15.015200
vt 49.475201 -14.984000
vt 49.534599 -15.051300
vt 49.534599 -15.087000
vt 49.520302 -15.087000
vt 49.520302 -15.051300
vt 49.449699 -15.087000
vt 49.449699 -15.046800
vt 49.449699 -15.022800
vt 49.449699 -14.997900
vt 49.446999 -14.996400
vt 49.436501 -14.990200
vt 49.411701 -14.996800
vt 49.411701 -15.031500
vt 49.411701 -15.076900
vt 49.411701 -15.042600
vt 49.372299 -15.059900
vt 49.372299 -15.040200
vt 49.372299 -15.033800
vt 49.372299 -15.013900
vt 49.923500 -15.104200
vt 50.100800 -15.104200
vt 49.923500 -15.093200
vt 49.913700 -15.099300
vt 49.913700 -15.093200
vt 49.913700 -15.087000
vt 50.100800 -15.093200
vt 50.108398 -15.099300
vt 50.108398 -15.093200
vt 50.108398 -15.087000
vt 50.100800 -15.082100
vt 49.923500 -15.082100
vt 50.178398 -14.980900
vt 50.361599 -14.980900
vt 50.178398 -14.962800
vt 50.361599 -14.962800
vt 50.437901 -15.059400
vt 50.058498 -15.045300
vt 50.058498 -15.081200
vt 50.437901 -15.023400
vt 50.632401 -15.022100
vt 50.438000 -15.014200
vt 50.437901 -14.978000
vt 50.632401 -15.015500
vt 50.667599 -15.020700
vt 50.667599 -15.016800
vt 50.632401 -14.989500
vt 50.667599 -15.001200
vt 50.680901 -15.019400
vt 50.632401 -15.047900
vt 50.667599 -15.036300
vt 50.680901 -15.018100
vt 50.042702 -14.998800
vt 50.134102 -14.998700
vt 50.120399 -14.992200
vt 50.053501 -14.992200
vt 50.024799 -14.986700
vt 50.004501 -14.998600
vt 50.012199 -15.011700
vt 50.046398 -15.006200
vt 50.129101 -15.006200
vt 50.159401 -15.011700
vt 50.168800 -14.998500
vt 49.319099 -15.093900
vt 49.523701 -15.075800
vt 49.319099 -15.057800
vt 49.523701 -15.093900
vt 49.523701 -15.057800
vt 49.526501 -15.096100
vt 49.727501 -15.076500
vt 49.526501 -15.052900
vt 49.727501 -15.051400
vt 49.727501 -15.086200
vt 49.526501 -15.107400
vt 49.397202 -15.102600
vt 49.397202 -15.091300
vt 49.397202 -15.057700
vt 50.112099 -15.044300
vt 50.145500 -15.063700
vt 50.145500 -15.044800
vt 50.112099 -15.078700
vt 50.058800 -15.040900
vt 50.058800 -15.093700
vt 49.986801 -15.040100
vt 49.986801 -15.101900
vt 49.914200 -15.044000
vt 49.914200 -15.101900
vt 49.854698 -15.056400
vt 49.854698 -15.101900
vt 49.833801 -15.062200
vt 49.833801 -15.098300
vt 49.813999 -15.070100
vt 49.813999 -15.093500
vt 49.904900 -15.116600
vt 50.082100 -15.141400
vt 50.082100 -15.116600
vt 49.904900 -15.141400
vt 49.904900 -15.091800
vt 50.082100 -15.091800
vt 50.178398 -14.991400
vt 50.178398 -15.004400
vt 49.888000 -15.119000
vt 50.065102 -15.143800
vt 50.065102 -15.119000
vt 49.888000 -15.094300
vt 50.065102 -15.094300
vt 49.888000 -15.143800
vt 49.900799 -15.116700
vt 49.926300 -15.116700
vt 49.900799 -15.103900
vt 49.900799 -15.129400
vt 49.926300 -15.096700
vt 49.926300 -15.136600
vt 50.148499 -14.908400
vt 50.146900 -14.951400
vt 50.145302 -14.994400
vt 49.883801 -15.119100
vt 49.909401 -15.119100
vt 49.883801 -15.106300
vt 49.883801 -15.131800
vt 49.909401 -15.099100
vt 49.909401 -15.139000
vt 50.197201 -14.953300
vt 50.197701 -14.939000
vt 50.180599 -14.942700
vt 50.180199 -14.952700
vt 50.179798 -14.962700
vt 50.196602 -14.967600
vt 49.885101 -14.636700
vt 49.870399 -14.580900
vt 49.864601 -14.637400
vt 49.885101 -14.580400
vt 49.873501 -14.573100
vt 49.885101 -14.572700
vt 49.896702 -14.573100
vt 49.899700 -14.580900
vt 49.905499 -14.637400
vt 50.129601 -14.580900
vt 50.114899 -14.636700
vt 50.135399 -14.637400
vt 50.126499 -14.573100
vt 50.114899 -14.580400
vt 50.114899 -14.572700
vt 50.103298 -14.573100
vt 50.100300 -14.580900
vt 50.094501 -14.637400
vt 49.837700 -14.833200
vt 49.885101 -14.655800
vt 49.841000 -14.655200
vt 49.885101 -14.834000
vt 49.845798 -14.617100
vt 49.932400 -14.833200
vt 49.885101 -14.616800
vt 49.855202 -14.586300
vt 49.885101 -14.585400
vt 49.914902 -14.586300
vt 49.924301 -14.617100
vt 49.929100 -14.655200
vt 50.114899 -14.655800
vt 50.162300 -14.833200
vt 50.159000 -14.655200
vt 50.114899 -14.834000
vt 50.154202 -14.617100
vt 50.067600 -14.833200
vt 50.144798 -14.586300
vt 50.114899 -14.616800
vt 50.114899 -14.585400
vt 50.085098 -14.586300
vt 50.070900 -14.655200
vt 50.075699 -14.617100
vt 50.032101 -15.163300
vt 49.967999 -15.020400
vt 49.967899 -15.163300
vt 49.967800 -15.265600
vt 50.032200 -15.462300
vt 49.967800 -15.446500
vt 49.967800 -15.462300
vt 49.967800 -15.465400
vt 50.032200 -15.446500
vt 49.967800 -15.425600
vt 50.032200 -15.425600
vt 50.032200 -15.416000
vt 49.967800 -15.416000
vt 50.032200 -15.352300
vt 49.967800 -15.352300
vt 50.032200 -15.265600
vt 50.032200 -15.465400
vt 49.967800 -15.479700
vt 50.032200 -15.479700
vt 49.967800 -15.550300
vt 50.032200 -15.550300
vt 50.026100 -15.588300
vt 49.973900 -15.588300
vt 50.014500 -15.627700
vt 49.985500 -15.627700
vt 50.031898 -14.941500
vt 49.987000 -14.562100
vt 49.968102 -14.941500
vt 49.963100 -14.367600
vt 49.990601 -14.367600
vt 50.009399 -14.367600
vt 50.004501 -14.332400
vt 49.995499 -14.332400
vt 50.010101 -15.473500
vt 50.000000 -15.272500
vt 49.989899 -15.473500
vt 49.985100 -15.602800
vt 50.014900 -15.602800
vt 49.760399 -14.941200
vt 49.756199 -15.013200
vt 49.759102 -15.085800
vt 49.772400 -14.887900
vt 49.764500 -15.145300
vt 49.821602 -14.941200
vt 49.825699 -15.013200
vt 49.822800 -15.085800
vt 49.809601 -14.887900
vt 49.817501 -15.145300
vt 49.772400 -15.166200
vt 49.809601 -15.166200
vt 49.800800 -15.186000
vt 49.781101 -15.186000
vt 50.239601 -14.941200
vt 50.243801 -15.013200
vt 50.227600 -14.887900
vt 50.240898 -15.085800
vt 50.190399 -14.887900
vt 50.178398 -14.941200
vt 50.174301 -15.013200
vt 50.177200 -15.085800
vt 50.182499 -15.145300
vt 50.235500 -15.145300
vt 50.190399 -15.166200
vt 50.227600 -15.166200
vt 50.199200 -15.186000
vt 50.218899 -15.186000
vt 50.036900 -14.367600
vt 50.013000 -14.562100
vt 50.032001 -15.020400
vt 50.000000 -14.401400
vt 50.228699 -14.401400
vt 50.213299 -14.351200
vt 50.228699 -14.496400
vt 50.000000 -14.351200
vt 49.786701 -14.351200
vt 50.000000 -14.496400
vt 49.771301 -14.401400
vt 49.771301 -14.496400
vt 49.309200 -14.840600
vt 49.291500 -14.987800
vt 49.309299 -14.996100
vt 49.281601 -14.953600
vt 49.291599 -14.870900
vt 49.328400 -14.836800
vt 49.347698 -14.833000
vt 49.327099 -15.004400
vt 49.551998 -14.848300
vt 49.527699 -15.050200
vt 49.803101 -14.863500
vt 49.772900 -15.114000
vt 49.876801 -15.146900
vt 49.911900 -14.854800
vt 49.980598 -15.179900
vt 50.024399 -14.816000
vt 50.690800 -14.840600
vt 50.690701 -14.996100
vt 50.708500 -14.987800
vt 50.718399 -14.953600
vt 50.708401 -14.870900
vt 50.671600 -14.836800
vt 50.652302 -14.833000
vt 50.672901 -15.004400
vt 50.448002 -14.848300
vt 50.472301 -15.050200
vt 50.196899 -14.863500
vt 50.227100 -15.114000
vt 50.123199 -15.146900
vt 50.088100 -14.854800
vt 50.019402 -15.179900
vt 49.975601 -14.816000
vt 49.924000 -14.638400
vt 49.924000 -14.821600
vt 49.972099 -14.821600
vt 49.939999 -14.619100
vt 49.956001 -14.594000
vt 49.972099 -14.558300
vt 50.027901 -14.821600
vt 50.076000 -14.638400
vt 50.060001 -14.619100
vt 50.076000 -14.821600
vt 50.043999 -14.594000
vt 50.027901 -14.558300
vt 49.841999 -14.854700
vt 49.885101 -14.855400
vt 49.928101 -14.854700
vt 50.071899 -14.854700
vt 50.114899 -14.855400
vt 50.158001 -14.854700
vt 49.885101 -14.803600
vt 49.895100 -14.820200
vt 49.899399 -14.803400
vt 49.885101 -14.820400
vt 49.875099 -14.820200
vt 49.870800 -14.803400
vt 50.104900 -14.820200
vt 50.114899 -14.803600
vt 50.100601 -14.803400
vt 50.114899 -14.820400
vt 50.124901 -14.820200
vt 50.129200 -14.803400
vt 49.779900 -14.508100
vt 49.758301 -14.474400
vt 49.758301 -14.508100
vt 49.779900 -14.474400
vt 49.766300 -14.338600
vt 49.771900 -14.338600
vt 50.241699 -14.474400
vt 50.220100 -14.508100
vt 50.241699 -14.508100
vt 50.220100 -14.474400
vt 50.228100 -14.338600
vt 50.233700 -14.338600
vt 50.016499 -15.075800
vt 50.018101 -15.093900
vt 50.025501 -15.075800
vt 50.011600 -15.087500
vt 50.011600 -15.064200
vt 50.000000 -15.101400
vt 50.018101 -15.057800
vt 50.000000 -15.092300
vt 50.000000 -15.059400
vt 49.988400 -15.087500
vt 50.000000 -15.050300
vt 49.981899 -15.093900
vt 49.981899 -15.057800
vt 49.983501 -15.075800
vt 49.988400 -15.064200
vt 49.974499 -15.075800
vt 49.973900 -15.057700
vt 50.026100 -15.091300
vt 50.026100 -15.057700
vt 49.973900 -15.091300
vt 49.985100 -15.102600
vt 50.014900 -15.102600
vt 50.014500 -15.059900
vt 49.995998 -15.040100
vt 49.985500 -15.059900
vt 49.972198 -15.040200
vt 50.004002 -15.040100
vt 50.027802 -15.040200
vt 49.992298 -15.035600
vt 50.000000 -15.034800
vt 50.007702 -15.035600
vt 50.027599 -15.033800
vt 50.007702 -15.034100
vt 50.012798 -15.013900
vt 50.004002 -15.029600
vt 49.995998 -15.029600
vt 49.992298 -15.034100
vt 49.987202 -15.013900
vt 49.972401 -15.033800
vt 50.164398 -15.119100
vt 50.156399 -15.099700
vt 50.149799 -15.106300
vt 50.155102 -15.119100
vt 50.137100 -15.101000
vt 50.156399 -15.138400
vt 50.137100 -15.091700
vt 50.149799 -15.131800
vt 50.117699 -15.099700
vt 50.137100 -15.146400
vt 50.124298 -15.106300
vt 50.137100 -15.137100
vt 50.109699 -15.119100
vt 50.124298 -15.131800
vt 50.118999 -15.119100
vt 50.117699 -15.138400
vt 49.835602 -15.119100
vt 49.850201 -15.106300
vt 49.843601 -15.099700
vt 49.844898 -15.119100
vt 49.862900 -15.101000
vt 49.843601 -15.138400
vt 49.862900 -15.091700
vt 49.850201 -15.131800
vt 49.882301 -15.099700
vt 49.862900 -15.146400
vt 49.875702 -15.106300
vt 49.862900 -15.137100
vt 49.890301 -15.119100
vt 49.875702 -15.131800
vt 49.881001 -15.119100
vt 49.882301 -15.138400
vt 50.322800 -15.116600
vt 50.314800 -15.097300
vt 50.308300 -15.103900
vt 50.313599 -15.116700
vt 50.295502 -15.098600
vt 50.314800 -15.136000
vt 50.295502 -15.089300
vt 50.308300 -15.129400
vt 50.276199 -15.097300
vt 50.295502 -15.144000
vt 50.282700 -15.103900
vt 50.295502 -15.134700
vt 50.268101 -15.116600
vt 50.282700 -15.129400
vt 50.277401 -15.116700
vt 50.276199 -15.136000
vt 49.677200 -15.116600
vt 49.691700 -15.103900
vt 49.685200 -15.097300
vt 49.686401 -15.116700
vt 49.704498 -15.098600
vt 49.685200 -15.136000
vt 49.704498 -15.089300
vt 49.691700 -15.129400
vt 49.723801 -15.097300
vt 49.704498 -15.144000
vt 49.717300 -15.103900
vt 49.704498 -15.134700
vt 49.731899 -15.116600
vt 49.717300 -15.129400
vt 49.722599 -15.116700
vt 49.723801 -15.136000
vt 50.108799 -15.119100
vt 50.137100 -15.090800
vt 50.117100 -15.099100
vt 50.117100 -15.139000
vt 50.137100 -15.147300
vt 50.157001 -15.139000
vt 50.165298 -15.119100
vt 50.157001 -15.099100
vt 49.862900 -15.147300
vt 49.862900 -15.090800
vt 49.842999 -15.139000
vt 49.834702 -15.119100
vt 49.842999 -15.099100
vt 49.882900 -15.139000
vt 49.891201 -15.119100
vt 49.882900 -15.099100
vt 50.267200 -15.116700
vt 50.295502 -15.088400
vt 50.275501 -15.096700
vt 50.275501 -15.136600
vt 50.315498 -15.136600
vt 50.295502 -15.144900
vt 50.323700 -15.116700
vt 50.315498 -15.096700
vt 49.724499 -15.136600
vt 49.684502 -15.136600
vt 49.704498 -15.144900
vt 49.704498 -15.088400
vt 49.676300 -15.116700
vt 49.684502 -15.096700
vt 49.732800 -15.116700
vt 49.724499 -15.096700
vt 50.199200 -15.093500
vt 50.209000 -15.093500
vt 50.209000 -15.083000
vt 50.218899 -15.093500
vt 49.800800 -15.093500
vt 49.791000 -15.083000
vt 49.791000 -15.093500
vt 49.781101 -15.093500
vt 50.711102 -14.998600
vt 50.692902 -14.999300
vt 50.708500 -15.011700
vt 50.690701 -15.014700
vt 50.674599 -15.000000
vt 50.672901 -15.017600
vt 50.473900 -15.022600
vt 50.472301 -15.040200
vt 50.229000 -15.043200
vt 50.227100 -15.060800
vt 50.124901 -15.043300
vt 50.123199 -15.060800
vt 50.019402 -15.051200
vt 50.021000 -15.025900
vt 49.288898 -14.998600
vt 49.291500 -15.011700
vt 49.307098 -14.999300
vt 49.309299 -15.014700
vt 49.325401 -15.000000
vt 49.327099 -15.017600
vt 49.526100 -15.022600
vt 49.527699 -15.040200
vt 49.771000 -15.043200
vt 49.772900 -15.060800
vt 49.875099 -15.043300
vt 49.876801 -15.060800
vt 49.980598 -15.051200
vt 49.979000 -15.025900
vt 50.216702 -15.070100
vt 50.209000 -15.069600
vt 50.201302 -15.070100
vt 49.798698 -15.070100
vt 49.791000 -15.069600
vt 49.783298 -15.070100
vt 50.149300 -14.916700
vt 50.154701 -14.951000
vt 50.163502 -14.951000
vt 50.149300 -14.985300
vt 50.143101 -14.922900
vt 50.143101 -14.979100
vt 50.114899 -14.902500
vt 50.114899 -14.999500
vt 50.114899 -14.911300
vt 50.114899 -14.990700
vt 50.086800 -14.922900
vt 50.086800 -14.979100
vt 50.080601 -14.916700
vt 50.080601 -14.985300
vt 50.075199 -14.951000
vt 50.066399 -14.951000
vt 49.856899 -14.979100
vt 49.885101 -14.999500
vt 49.885101 -14.990700
vt 49.913200 -14.979100
vt 49.850700 -14.985300
vt 49.919399 -14.985300
vt 49.845299 -14.951000
vt 49.924801 -14.951000
vt 49.836498 -14.951000
vt 49.933601 -14.951000
vt 49.850700 -14.916700
vt 49.919399 -14.916700
vt 49.856899 -14.922900
vt 49.913200 -14.922900
vt 49.885101 -14.902500
vt 49.885101 -14.911300
vt 50.114899 -14.890600
vt 50.158001 -14.908400
vt 50.071899 -14.908400
vt 50.175800 -14.951400
vt 50.158001 -14.994400
vt 50.114899 -15.012300
vt 50.071899 -14.994400
vt 50.054100 -14.951400
vt 49.885101 -14.890600
vt 49.841999 -14.908400
vt 49.928101 -14.908400
vt 49.945900 -14.951400
vt 49.928101 -14.994400
vt 49.885101 -15.012300
vt 49.841999 -14.994400
vt 49.824200 -14.951400
vt 49.984798 -14.991400
vt 49.972099 -15.004400
vt 50.027901 -15.004400
vt 50.015202 -14.991400
vt 50.100800 -14.952700
vt 50.104900 -14.962700
vt 50.114899 -14.952400
vt 50.104900 -14.942700
vt 50.114899 -14.966800
vt 50.114899 -14.938600
vt 50.124901 -14.942700
vt 50.129101 -14.952700
vt 50.124901 -14.962700
vt 49.899200 -14.952700
vt 49.885101 -14.952400
vt 49.895100 -14.962700
vt 49.895100 -14.942700
vt 49.885101 -14.966800
vt 49.885101 -14.938600
vt 49.875099 -14.942700
vt 49.870899 -14.952700
vt 49.875099 -14.962700
vt 50.228699 -15.035200
vt 50.000000 -15.028200
vt 50.000000 -15.036900
vt 50.228699 -15.043800
vt 49.771301 -15.035200
vt 49.771301 -15.043800
vt 50.220100 -14.865300
vt 50.241699 -14.872700
vt 50.241699 -14.865300
vt 50.220100 -14.872700
vt 50.241699 -15.002700
vt 50.220100 -15.002700
vt 50.220100 -15.050200
vt 50.241699 -15.050200
vt 50.220100 -15.082000
vt 50.241699 -15.082000
vt 49.758301 -14.865300
vt 49.779900 -14.872700
vt 49.779900 -14.865300
vt 49.758301 -14.872700
vt 49.758301 -15.002700
vt 49.779900 -15.002700
vt 49.779900 -15.050200
vt 49.758301 -15.050200
vt 49.779900 -15.082000
vt 49.758301 -15.082000
vt 40.075600 -55.052601
vt 39.933300 -55.091499
vt 40.098400 -55.091499
vt 39.943802 -55.052601
vt 40.109798 -55.058800
vt 39.967499 -55.100201
vt 40.132599 -55.100201
vt 39.978001 -55.058800
vt 40.127998 -55.068199
vt 39.985699 -55.110500
vt 40.150799 -55.110500
vt 39.996201 -55.068199
vt 40.189602 -54.973598
vt 40.204102 -54.915199
vt 40.196301 -54.914101
vt 40.197498 -54.974499
vt 40.212002 -54.916302
vt 40.205399 -54.975399
vt 40.211102 -54.902100
vt 40.203400 -54.904099
vt 40.195801 -54.906200
vt 40.193001 -54.900501
vt 40.199001 -54.895500
vt 40.205200 -54.890400
vt 40.149601 -55.074001
vt 40.007301 -55.112900
vt 40.172401 -55.112900
vt 40.017799 -55.074001
vt 40.194901 -54.882401
vt 40.191299 -54.889599
vt 40.187801 -54.896599
vt 40.179901 -54.894299
vt 40.180599 -54.886501
vt 39.756001 -54.920601
vt 40.181301 -54.878601
vt 39.752701 -54.905102
vt 39.754398 -54.912899
vt 39.739700 -54.910599
vt 39.744099 -54.917301
vt 39.748501 -54.923801
vt 39.743801 -54.928299
vt 39.737202 -54.924099
vt 39.733898 -54.933201
vt 39.741699 -54.934299
vt 39.742199 -54.942200
vt 39.734600 -54.944302
vt 39.756199 -55.000500
vt 39.748501 -55.002300
vt 39.726898 -54.946301
vt 39.740799 -55.004200
vt 39.726002 -54.932098
vt 39.730400 -54.919800
vt 40.005699 -55.074001
vt 40.000099 -55.097099
vt 40.005699 -55.096401
vt 40.001701 -55.070702
vt 40.264099 -55.096401
vt 40.272701 -55.074001
vt 40.005699 -55.118900
vt 40.001701 -55.123501
vt 40.239700 -55.124699
vt 40.268700 -55.100300
vt 40.237801 -55.118900
vt 40.272701 -55.075298
vt 40.005699 -55.075298
vt 40.264099 -55.097801
vt 40.237801 -55.120300
vt 40.005699 -55.097801
vt 40.005699 -55.120300
vt 39.983601 -55.205200
vt 39.991600 -55.207802
vt 39.991600 -55.196400
vt 39.999599 -55.205200
vt 39.983601 -55.194901
vt 39.999599 -55.194901
vt 39.991600 -55.181599
vt 39.983700 -55.181301
vt 39.983700 -54.752701
vt 39.991600 -54.751999
vt 39.983601 -54.739700
vt 39.999599 -54.752701
vt 39.999599 -55.181301
vt 39.999599 -54.739700
vt 39.991600 -54.737801
vt 39.999599 -54.730400
vt 39.991600 -54.727600
vt 39.983601 -54.730400
vt 40.000500 -54.914101
vt 40.000500 -54.973598
vt 40.008400 -54.973202
vt 40.008400 -54.913601
vt 40.016300 -54.914101
vt 40.016300 -54.973598
vt 40.008400 -54.907001
vt 40.016201 -54.906200
vt 40.000599 -54.906200
vt 40.008400 -54.902500
vt 40.016201 -54.900501
vt 40.000599 -54.900501
vt 40.000401 -54.946301
vt 40.008400 -54.931702
vt 40.000401 -54.932098
vt 40.000500 -55.004200
vt 40.008400 -54.947201
vt 40.008400 -55.004902
vt 40.016300 -55.004200
vt 40.000401 -54.919800
vt 40.016300 -54.946301
vt 40.016399 -54.932098
vt 40.008400 -54.917999
vt 40.016399 -54.919800
vt 39.516701 -55.052601
vt 39.522499 -55.091499
vt 39.532001 -55.091499
vt 39.537800 -55.052601
vt 40.477501 -55.091499
vt 40.462200 -55.052601
vt 40.467999 -55.091499
vt 40.483299 -55.052601
vt 39.610001 -55.100201
vt 39.625301 -55.058800
vt 39.604301 -55.058800
vt 39.619598 -55.100201
vt 40.389999 -55.100201
vt 40.374699 -55.058800
vt 40.380402 -55.100201
vt 40.395699 -55.058800
vt 39.693298 -55.068199
vt 39.699001 -55.110500
vt 39.708599 -55.110500
vt 39.714401 -55.068199
vt 40.300999 -55.110500
vt 40.306702 -55.068199
vt 40.291401 -55.110500
vt 40.285599 -55.068199
vt 39.852200 -55.074001
vt 39.858002 -55.112900
vt 39.867599 -55.112900
vt 39.873299 -55.074001
vt 40.147800 -55.074001
vt 40.132401 -55.112900
vt 40.141998 -55.112900
vt 40.126701 -55.074001
vt 39.901600 -55.091499
vt 40.066700 -55.091499
vt 39.924400 -55.052601
vt 40.056198 -55.052601
vt 39.867401 -55.100201
vt 40.032501 -55.100201
vt 39.890202 -55.058800
vt 40.021999 -55.058800
vt 39.849201 -55.110500
vt 40.014301 -55.110500
vt 39.872002 -55.068199
vt 40.003799 -55.068199
vt 39.827599 -55.112900
vt 39.992699 -55.112900
vt 39.850399 -55.074001
vt 39.982201 -55.074001
vt 39.795898 -54.915199
vt 39.810398 -54.973598
vt 39.803699 -54.914101
vt 39.802502 -54.974499
vt 39.787998 -54.916302
vt 39.794601 -54.975399
vt 39.788898 -54.902100
vt 39.796600 -54.904099
vt 39.804199 -54.906200
vt 39.806999 -54.900501
vt 39.800999 -54.895500
vt 39.794800 -54.890400
vt 39.805099 -54.882401
vt 39.808701 -54.889599
vt 39.812199 -54.896599
vt 39.820099 -54.894299
vt 39.819401 -54.886501
vt 39.818699 -54.878601
vt 40.247299 -54.905102
vt 40.243999 -54.920601
vt 40.245602 -54.912899
vt 40.260300 -54.910599
vt 40.255901 -54.917301
vt 40.251499 -54.923801
vt 40.256199 -54.928299
vt 40.262798 -54.924099
vt 40.266102 -54.933201
vt 40.258301 -54.934299
vt 40.273998 -54.932098
vt 40.269600 -54.919800
vt 40.257801 -54.942200
vt 40.243801 -55.000500
vt 40.265400 -54.944302
vt 40.251499 -55.002300
vt 40.273102 -54.946301
vt 40.259201 -55.004200
vt 39.994301 -55.074001
vt 39.994301 -55.096401
vt 39.999901 -55.097099
vt 39.998299 -55.070702
vt 39.735901 -55.096401
vt 39.727299 -55.074001
vt 39.994301 -55.118900
vt 39.998299 -55.123501
vt 39.760300 -55.124699
vt 39.762199 -55.118900
vt 39.731300 -55.100300
vt 39.994301 -55.075298
vt 39.727299 -55.075298
vt 39.735901 -55.097801
vt 39.762199 -55.120300
vt 39.994301 -55.097801
vt 39.994301 -55.120300
vt 40.008400 -55.190601
vt 40.016201 -55.193001
vt 40.016201 -55.187801
vt 40.000599 -55.187801
vt 40.000599 -55.193001
vt 40.008400 -55.186401
vt 40.016300 -55.179901
vt 40.000500 -55.179901
vt 40.008400 -55.179699
vt 40.008400 -54.756699
vt 40.016300 -54.756001
vt 40.000500 -54.756001
vt 40.008400 -54.750198
vt 40.000599 -54.748501
vt 40.016201 -54.748501
vt 40.008400 -54.746498
vt 40.000599 -54.743801
vt 40.016201 -54.743801
vt 40.049801 -55.239700
vt 40.044899 -55.005699
vt 40.044899 -55.237801
vt 40.049599 -55.001701
vt 39.955101 -55.237801
vt 39.955101 -55.005699
vt 39.950199 -55.239700
vt 39.950401 -55.001701
vt 39.991600 -54.916801
vt 39.999500 -54.975399
vt 39.999599 -54.916302
vt 39.983700 -54.975399
vt 39.983700 -54.916302
vt 39.991600 -54.975800
vt 39.983601 -54.902100
vt 39.999599 -54.902100
vt 39.991600 -54.901199
vt 39.983601 -54.890400
vt 39.991600 -54.888302
vt 39.999599 -54.890400
vt 39.991600 -54.930000
vt 39.999401 -54.934299
vt 39.999401 -54.928299
vt 39.991600 -54.934799
vt 39.983799 -54.934299
vt 39.983799 -54.928299
vt 39.991600 -54.941299
vt 39.983700 -54.942200
vt 39.999500 -54.942200
vt 39.991600 -54.999699
vt 39.983700 -55.000500
vt 39.999500 -55.000500
vt 40.045700 -55.100300
vt 40.045399 -55.074001
vt 40.040798 -55.071499
vt 39.954601 -55.074001
vt 39.954300 -55.100300
vt 39.959202 -55.071499
vt 39.962700 -55.075298
vt 40.037300 -55.075298
vt 48.294701 -8.985530
vt 48.325600 -8.985530
vt 48.325600 -8.977280
vt 48.294701 -8.977280
vt 48.325600 -8.969030
vt 48.294701 -8.969030
vt 47.752201 -9.033860
vt 47.691299 -9.020510
vt 47.691299 -9.033860
vt 47.752201 -9.020510
vt 47.691299 -9.007160
vt 47.752201 -9.007160
vt 48.325600 -8.989070
vt 48.233299 -8.977280
vt 48.233299 -8.989070
vt 48.233299 -8.965500
vt 48.325600 -8.965500
vt 47.731800 -9.027980
vt 47.752201 -9.029850
vt 47.731800 -9.013030
vt 47.752201 -9.011160
vt 47.731800 -9.020510
vt 47.714901 -9.010620
vt 47.735298 -9.018100
vt 47.735298 -9.008760
vt 47.714901 -9.025570
vt 47.735298 -9.027440
vt 47.714901 -9.018100
vt 47.735298 -9.031450
vt 47.674400 -9.018100
vt 47.674400 -9.031450
vt 47.674400 -9.004750
vt 47.735298 -9.004750
vt 47.991699 -9.294710
vt 47.991699 -9.325630
vt 48.000000 -9.325630
vt 48.000000 -9.294710
vt 48.008202 -9.325630
vt 48.008202 -9.294710
vt 47.876301 -8.752240
vt 47.876301 -8.691310
vt 47.862900 -8.691310
vt 47.862900 -8.752240
vt 47.849602 -8.691310
vt 47.849602 -8.752240
vt 48.123699 -8.752240
vt 48.137100 -8.691310
vt 48.123699 -8.691310
vt 48.137100 -8.752240
vt 48.150398 -8.691310
vt 48.150398 -8.752240
vt 47.988201 -9.325630
vt 48.000000 -9.233310
vt 47.988201 -9.233310
vt 48.011799 -9.233310
vt 48.011799 -9.325630
vt 48.129601 -8.731840
vt 48.127701 -8.752240
vt 48.137100 -8.731840
vt 48.144501 -8.731840
vt 48.146400 -8.752240
vt 47.872299 -8.752240
vt 47.870399 -8.731840
vt 47.862900 -8.731840
vt 47.855499 -8.731840
vt 47.853600 -8.752240
vt 48.287998 -8.714900
vt 48.286098 -8.735300
vt 48.295502 -8.735300
vt 48.295502 -8.714900
vt 48.303001 -8.714900
vt 48.304798 -8.735300
vt 47.713902 -8.735300
vt 47.712002 -8.714900
vt 47.704498 -8.735300
vt 47.704498 -8.714900
vt 47.696999 -8.714900
vt 47.695202 -8.735300
vt 48.282101 -8.735300
vt 48.295502 -8.674370
vt 48.282101 -8.674370
vt 48.308800 -8.674370
vt 48.308800 -8.735300
vt 47.717899 -8.735300
vt 47.717899 -8.674370
vt 47.704498 -8.674370
vt 47.691200 -8.674370
vt 47.691200 -8.735300
vt 47.674400 -8.985530
vt 47.705299 -8.985530
vt 47.705299 -8.977280
vt 47.674400 -8.977280
vt 47.705299 -8.969030
vt 47.674400 -8.969030
vt 48.247799 -9.033860
vt 48.308701 -9.033860
vt 48.308701 -9.020510
vt 48.247799 -9.020510
vt 48.308701 -9.007160
vt 48.247799 -9.007160
vt 47.674400 -8.989070
vt 47.766701 -8.989070
vt 47.766701 -8.977280
vt 47.674400 -8.965500
vt 47.766701 -8.965500
vt 48.268200 -9.027980
vt 48.247799 -9.029850
vt 48.268200 -9.020510
vt 48.268200 -9.013030
vt 48.247799 -9.011160
vt 48.285099 -9.025570
vt 48.264702 -9.018100
vt 48.264702 -9.027440
vt 48.285099 -9.018100
vt 48.285099 -9.010620
vt 48.264702 -9.008760
vt 48.325600 -9.031450
vt 48.264702 -9.031450
vt 48.325600 -9.018100
vt 48.264702 -9.004750
vt 48.325600 -9.004750
vt 48.008301 -9.325630
vt 48.008301 -9.294710
vt 47.991798 -9.294710
vt 47.991798 -9.325630
vt 48.011799 -8.965500
vt 48.000000 -8.960610
vt 48.008202 -8.969030
vt 48.016701 -8.977280
vt 48.000000 -8.965610
vt 48.011700 -8.977280
vt 47.988201 -8.965500
vt 48.011799 -8.989070
vt 47.991699 -8.969030
vt 48.008202 -8.985530
vt 47.983299 -8.977280
vt 48.000000 -8.993950
vt 47.988300 -8.977280
vt 48.000000 -8.988950
vt 47.988201 -8.989070
vt 47.991699 -8.985530
vt 48.150398 -9.007160
vt 48.137100 -9.007290
vt 48.146400 -9.011160
vt 48.137100 -9.001630
vt 48.155899 -9.020510
vt 48.123699 -9.007160
vt 48.150299 -9.020510
vt 48.127701 -9.011160
vt 48.150398 -9.033860
vt 48.118198 -9.020510
vt 48.146400 -9.029850
vt 48.123798 -9.020510
vt 48.137100 -9.033720
vt 48.123699 -9.033860
vt 48.137100 -9.039390
vt 48.127701 -9.029850
vt 47.849602 -9.007160
vt 47.862900 -9.007290
vt 47.862900 -9.001630
vt 47.876301 -9.007160
vt 47.853600 -9.011160
vt 47.872299 -9.011160
vt 47.844101 -9.020510
vt 47.881802 -9.020510
vt 47.849701 -9.020510
vt 47.876202 -9.020510
vt 47.849602 -9.033860
vt 47.876301 -9.033860
vt 47.853600 -9.029850
vt 47.872299 -9.029850
vt 47.862900 -9.033720
vt 47.862900 -9.039390
vt 48.144501 -9.027980
vt 48.129601 -9.027980
vt 48.137100 -9.031080
vt 48.129601 -9.013030
vt 48.126499 -9.020510
vt 48.137100 -9.009940
vt 48.144501 -9.013030
vt 48.147598 -9.020510
vt 47.870399 -9.027980
vt 47.855499 -9.027980
vt 47.862900 -9.031080
vt 47.870399 -9.013030
vt 47.873501 -9.020510
vt 47.862900 -9.009940
vt 47.855499 -9.013030
vt 47.852402 -9.020510
vt 48.308800 -9.004750
vt 48.295502 -9.004880
vt 48.304798 -9.008760
vt 48.308701 -9.018100
vt 48.295502 -8.999220
vt 48.314400 -9.018100
vt 48.286098 -9.008760
vt 48.304798 -9.027440
vt 48.282101 -9.004750
vt 48.308800 -9.031450
vt 48.282299 -9.018100
vt 48.295502 -9.031310
vt 48.276600 -9.018100
vt 48.295502 -9.036980
vt 48.286098 -9.027440
vt 48.282101 -9.031450
vt 47.691200 -9.004750
vt 47.704498 -9.004880
vt 47.704498 -8.999220
vt 47.713902 -9.008760
vt 47.695202 -9.008760
vt 47.717899 -9.004750
vt 47.691299 -9.018100
vt 47.717701 -9.018100
vt 47.685600 -9.018100
vt 47.723400 -9.018100
vt 47.695202 -9.027440
vt 47.713902 -9.027440
vt 47.691200 -9.031450
vt 47.717899 -9.031450
vt 47.704498 -9.031310
vt 47.704498 -9.036980
vt 48.295502 -9.028670
vt 48.284901 -9.018100
vt 48.287998 -9.025570
vt 48.303001 -9.010620
vt 48.287998 -9.010620
vt 48.295502 -9.007530
vt 48.303001 -9.025570
vt 48.306099 -9.018100
vt 47.715099 -9.018100
vt 47.704498 -9.028670
vt 47.712002 -9.025570
vt 47.696999 -9.010620
vt 47.696999 -9.025570
vt 47.693901 -9.018100
vt 47.712002 -9.010620
vt 47.704498 -9.007530
s 1
usemtl Meshpart1Mtl
f 3/1/1 1/2/2 2/3/3
f 3/1/1 5/4/4 4/5/5
f 1/2/2 3/1/1 6/6/6
f 6/6/6 3/1/1 4/5/5
f 7/2/7 8/1/1 9/6/6
f 8/1/1 10/5/5 9/6/6
f 10/5/5 8/1/1 11/4/8
f 8/1/1 7/2/7 12/3/3
f 13/7/9 15/8/10 14/9/9
f 16/10/11 15/8/10 13/7/9
f 17/11/12 15/8/10 16/10/11
f 15/8/10 17/11/12 18/12/13
f 19/7/9 21/8/10 20/9/9
f 21/8/10 19/7/9 22/10/11
f 23/11/14 21/8/10 22/10/11
f 21/8/10 23/11/14 24/12/13
f 25/13/15 26/14/16 27/15/17
f 29/16/18 31/17/19 30/18/20
f 32/19/21 30/18/20 31/17/19
f 33/20/19 32/19/21 31/17/19
f 34/21/22 28/22/23 32/19/21
f 32/19/21 33/20/19 34/21/22
f 28/22/23 34/21/22 35/23/24
f 33/20/19 36/24/25 34/21/22
f 36/24/25 33/20/19 37/25/19
f 34/21/22 38/26/26 35/23/24
f 38/26/26 34/21/22 36/24/25
f 36/24/25 37/25/19 39/27/27
f 39/27/27 40/28/28 36/24/25
f 40/28/28 39/27/27 41/29/29
f 42/30/30 36/24/25 40/28/28
f 36/24/25 42/30/30 38/26/26
f 43/31/31 45/32/32 44/33/33
f 45/32/32 43/31/31 46/34/34
f 47/35/35 45/32/32 46/34/34
f 45/32/32 47/35/35 48/36/36
f 49/31/31 51/32/32 50/33/33
f 51/32/32 49/31/31 52/34/34
f 51/32/32 52/34/34 53/35/37
f 53/35/37 54/36/36 51/32/32
f 57/37/38 56/38/39 55/39/40
f 58/40/41 57/37/38 55/39/40
f 59/41/42 57/37/38 58/40/41
f 57/37/38 59/41/42 60/42/43
f 63/43/44 61/44/42 62/45/45
f 61/44/42 63/43/44 64/46/41
f 63/43/44 65/47/40 64/46/41
f 65/47/40 63/43/44 66/48/39
f 67/49/46 68/50/47 69/51/48
f 69/51/48 68/50/47 70/52/49
f 68/50/47 67/49/46 71/53/46
f 68/50/47 72/54/50 70/52/49
f 73/55/47 74/56/50 75/57/48
f 76/58/46 73/55/47 75/57/48
f 74/56/50 73/55/47 77/59/50
f 73/55/47 76/58/46 78/60/46
f 79/61/51 80/62/52 81/63/53
f 81/63/53 80/62/52 82/64/54
f 80/62/52 79/61/51 83/65/55
f 84/66/56 83/65/55 79/61/51
f 85/67/56 83/65/55 84/66/56
f 83/65/55 85/67/56 86/68/57
f 83/65/55 86/68/57 80/62/52
f 87/69/58 80/62/52 86/68/57
f 82/64/54 80/62/52 88/70/59
f 80/62/52 87/69/58 88/70/59
f 82/64/54 88/70/59 89/71/60
f 90/72/60 88/70/59 87/69/58
f 88/70/59 90/72/60 89/71/60
f 91/73/61 93/74/62 92/75/17
f 94/76/62 93/74/62 91/73/61
f 97/77/63 95/78/64 96/79/65
f 95/78/64 97/77/63 98/80/66
f 99/81/67 100/82/68 101/83/69
f 100/82/68 102/84/70 103/85/71
f 104/86/72 100/82/68 103/85/71
f 105/87/73 102/84/70 100/82/68
f 105/87/73 106/88/74 102/84/70
f 100/82/68 99/81/67 105/87/73
f 106/88/74 105/87/73 107/89/75
f 105/87/73 108/90/76 107/89/75
f 108/90/76 105/87/73 99/81/67
f 100/82/68 104/86/72 109/91/77
f 101/83/69 100/82/68 109/91/77
f 109/91/77 104/86/72 110/92/78
f 109/91/77 110/92/78 111/93/79
f 112/94/80 109/91/77 111/93/79
f 109/91/77 112/94/80 101/83/69
f 113/95/24 99/81/67 101/83/69
f 114/96/81 116/97/82 113/95/24
f 116/97/82 99/81/67 113/95/24
f 115/98/83 117/99/84 114/96/81
f 114/96/81 117/99/84 116/97/82
f 115/98/83 118/100/85 117/99/84
f 123/101/86 122/102/87 121/103/88
f 122/102/87 123/101/86 124/104/89
f 124/104/89 123/101/86 120/105/90
f 120/105/90 123/101/86 119/106/91
f 128/107/90 129/108/86 127/109/92
f 129/108/86 128/107/90 130/110/89
f 129/108/86 130/110/89 126/111/87
f 126/111/87 125/112/88 129/108/86
f 132/113/93 133/114/94 131/115/95
f 132/113/93 135/116/41 133/114/94
f 135/116/41 132/113/93 134/117/96
f 136/118/97 135/116/41 134/117/96
f 135/116/41 136/118/97 137/119/98
f 137/119/98 136/118/97 138/120/99
f 141/121/100 139/122/97 140/123/99
f 142/124/101 139/122/97 141/121/100
f 139/122/97 142/124/101 143/125/102
f 142/124/101 144/126/103 143/125/102
f 144/126/103 142/124/101 145/127/104
f 144/126/103 145/127/104 146/128/95
f 147/129/105 148/130/106 149/131/107
f 148/130/106 150/132/108 149/131/107
f 151/133/94 148/130/106 147/129/105
f 148/130/106 151/133/94 152/134/109
f 153/131/110 155/130/106 154/132/108
f 155/130/106 156/133/111 157/134/109
f 156/133/111 155/130/106 158/129/105
f 155/130/106 153/131/110 158/129/105
f 161/135/112 159/136/113 160/137/114
f 159/136/113 161/135/112 162/138/115
f 162/138/115 161/135/112 163/139/116
f 161/135/112 164/140/117 163/139/116
f 167/135/118 165/136/113 166/137/113
f 165/136/113 167/135/118 168/138/119
f 167/135/118 169/139/116 168/138/119
f 169/139/116 167/135/118 170/140/117
f 171/141/120 172/142/121 173/143/122
f 176/144/123 177/145/124 175/146/125
f 178/147/126 177/145/124 176/144/123
f 178/147/126 179/148/124 177/145/124
f 183/149/127 174/150/128 180/151/129
f 181/152/130 183/149/127 180/151/129
f 183/149/127 178/147/126 174/150/128
f 179/148/124 178/147/126 183/149/127
f 184/153/131 183/149/127 181/152/130
f 184/153/131 179/148/124 183/149/127
f 184/153/131 181/152/130 182/154/85
f 179/148/124 184/153/131 185/155/124
f 182/154/85 186/156/132 184/153/131
f 185/155/124 184/153/131 187/157/124
f 188/158/133 184/153/131 186/156/132
f 187/157/124 184/153/131 188/158/133
f 191/159/134 190/160/135 189/161/136
f 190/160/135 191/159/134 192/162/137
f 191/159/134 193/163/138 192/162/137
f 194/164/139 193/163/138 191/159/134
f 195/160/135 196/161/136 197/159/134
f 197/159/134 198/162/137 195/160/135
f 197/159/134 199/163/138 198/162/137
f 199/163/138 197/159/134 200/164/140
f 203/165/141 201/166/107 202/167/142
f 201/166/107 203/165/141 204/168/143
f 204/168/143 203/165/141 205/169/144
f 203/165/141 206/170/145 205/169/144
f 207/171/146 209/172/141 208/173/145
f 209/172/141 207/171/146 210/174/143
f 211/175/147 209/172/141 210/174/143
f 209/172/141 211/175/147 212/176/148
f 217/177/149 215/178/13 213/179/12
f 217/177/149 214/180/150 216/181/117
f 218/182/151 217/177/149 213/179/12
f 214/180/150 217/177/149 218/182/151
f 223/183/151 219/184/150 221/185/117
f 220/186/152 223/183/151 222/187/13
f 219/184/150 223/183/151 224/188/151
f 223/183/151 220/186/152 224/188/151
f 225/189/153 226/190/154 227/191/155
f 227/191/155 226/190/154 228/192/156
f 229/193/157 227/191/155 228/192/156
f 227/191/155 229/193/157 230/194/158
f 231/195/157 232/196/158 233/197/159
f 233/197/159 234/198/156 231/195/157
f 233/197/159 235/199/154 234/198/156
f 235/199/154 233/197/159 236/200/153
f 237/201/160 238/202/161 239/203/162
f 240/204/163 239/203/162 238/202/161
f 237/201/160 239/203/162 241/205/162
f 239/203/162 240/204/163 242/206/162
f 241/205/162 243/207/164 237/201/160
f 243/207/164 241/205/162 244/208/162
f 245/209/162 243/207/164 244/208/162
f 243/207/164 245/209/162 246/210/165
f 247/211/166 246/210/165 245/209/162
f 246/210/165 247/211/166 248/212/167
f 247/211/166 249/213/168 248/212/167
f 249/213/168 247/211/166 250/214/169
f 251/215/170 249/213/168 250/214/169
f 252/216/162 251/215/170 250/214/169
f 242/206/162 251/215/170 252/216/162
f 251/215/170 242/206/162 240/204/163
f 253/217/165 255/218/169 254/219/167
f 255/218/169 256/220/168 254/219/167
f 255/218/169 253/217/165 257/221/171
f 256/220/168 255/218/169 258/222/162
f 253/217/165 259/223/164 257/221/171
f 257/221/171 259/223/164 260/224/162
f 259/223/164 261/225/162 260/224/162
f 261/225/162 259/223/164 262/226/160
f 262/226/160 263/227/162 261/225/162
f 263/227/162 262/226/160 264/228/161
f 264/228/161 265/229/163 263/227/162
f 265/229/163 266/230/162 263/227/162
f 267/231/170 266/230/162 265/229/163
f 266/230/162 267/231/170 268/232/162
f 267/231/170 258/222/162 268/232/162
f 258/222/162 267/231/170 256/220/168
usemtl Meshpart2Mtl
f 272/233/32 270/234/172 269/235/172
f 273/236/173 272/233/32 271/237/173
f 270/234/172 272/233/32 274/238/32
f 272/233/32 273/236/173 274/238/32
f 276/239/174 275/240/175 277/241/176
f 277/241/176 275/240/175 278/242/177
f 275/240/175 279/243/178 278/242/177
f 278/242/177 279/243/178 280/244/179
f 281/245/180 278/242/177 280/244/179
f 278/242/177 281/245/180 282/246/181
f 277/241/176 282/246/181 283/247/182
f 282/246/181 277/241/176 278/242/177
f 284/240/175 286/241/10 285/239/174
f 287/243/178 288/242/183 284/240/175
f 286/241/10 284/240/175 288/242/183
f 288/242/183 287/243/178 289/244/184
f 288/242/183 289/244/184 290/245/185
f 286/241/10 288/242/183 291/246/186
f 291/246/186 288/242/183 290/245/185
f 291/246/186 292/247/187 286/241/10
f 293/248/32 294/249/188 295/250/32
f 295/250/32 294/249/188 296/251/189
f 294/249/188 297/252/190 296/251/189
f 297/252/190 294/249/188 298/253/190
f 299/249/191 293/248/32 300/254/32
f 299/249/191 300/254/32 301/255/192
f 302/256/193 299/249/191 301/255/192
f 299/249/191 302/256/193 303/253/193
f 304/257/194 305/258/195 306/259/194
f 305/258/195 304/257/194 307/260/195
f 308/261/195 306/259/194 305/258/195
f 306/259/194 308/261/195 309/262/195
f 306/259/194 310/263/196 304/257/194
f 310/263/196 306/259/194 311/264/196
f 312/265/196 310/263/196 311/264/196
f 310/263/196 312/265/196 313/266/196
f 313/266/196 312/265/196 314/267/196
f 317/268/197 315/269/198 316/270/199
f 315/269/198 317/268/197 318/271/200
f 319/272/201 318/271/200 317/268/197
f 318/271/200 319/272/201 320/273/202
f 324/274/203 322/275/204 325/276/205
f 325/276/205 322/275/204 326/277/206
f 323/278/207 325/276/205 326/277/206
f 325/276/205 323/278/207 327/279/208
f 328/280/209 324/274/203 325/276/205
f 327/279/208 328/280/209 325/276/205
f 328/280/209 327/279/208 329/281/210
f 321/282/211 328/280/209 329/281/210
f 328/280/209 321/282/211 330/283/212
f 324/274/203 328/280/209 331/284/213
f 330/283/212 331/284/213 328/280/209
f 331/284/213 330/283/212 332/285/9
f 333/285/9 334/284/214 335/283/215
f 334/284/214 336/280/216 335/283/215
f 335/283/215 336/280/216 337/282/211
f 337/282/211 336/280/216 338/281/210
f 339/274/203 336/280/216 334/284/214
f 338/281/210 336/280/216 340/279/208
f 336/280/216 341/276/205 340/279/208
f 336/280/216 339/274/203 341/276/205
f 340/279/208 341/276/205 342/278/207
f 341/276/205 343/277/206 342/278/207
f 341/276/205 344/275/217 343/277/206
f 344/275/217 341/276/205 339/274/203
f 345/286/218 346/287/219 347/288/220
f 346/287/219 345/286/218 348/289/221
f 345/286/218 349/290/222 348/289/221
f 350/291/223 348/289/221 349/290/222
f 351/292/224 352/293/225 353/294/226
f 353/294/226 352/293/225 354/295/227
f 355/296/228 353/294/226 354/295/227
f 356/297/229 353/294/226 355/296/228
f 353/294/226 356/297/229 357/298/230
f 353/294/226 358/299/231 351/292/224
f 358/299/231 353/294/226 357/298/230
f 357/298/230 359/300/232 358/299/231
f 358/299/231 360/301/233 351/292/224
f 360/301/233 358/299/231 361/302/234
f 358/299/231 362/303/235 361/302/234
f 362/303/235 358/299/231 359/300/232
f 364/292/224 365/299/236 363/301/237
f 365/299/236 366/302/238 363/301/237
f 365/299/236 367/303/239 366/302/238
f 368/293/225 365/299/236 364/292/224
f 369/294/240 365/299/236 368/293/225
f 367/303/239 365/299/236 370/300/241
f 369/294/240 370/300/241 365/299/236
f 370/300/241 369/294/240 371/298/230
f 372/295/242 369/294/240 368/293/225
f 369/294/240 372/295/242 373/296/243
f 374/297/244 369/294/240 373/296/243
f 369/294/240 374/297/244 371/298/230
f 375/304/245 376/305/246 377/306/247
f 379/307/248 378/308/249 376/305/246
f 375/304/245 379/307/248 376/305/246
f 380/309/250 379/307/248 375/304/245
f 375/304/245 382/310/251 380/309/250
f 384/311/252 387/312/253 385/313/254
f 383/314/255 388/315/256 384/311/252
f 387/312/253 384/311/252 388/315/256
f 385/313/254 390/316/256 386/317/257
f 390/316/256 385/313/254 387/312/253
f 386/317/257 391/318/258 389/319/252
f 391/318/258 386/317/257 390/316/256
f 391/318/258 392/320/252 389/319/252
f 393/321/259 381/322/255 392/320/252
f 392/320/252 391/318/258 393/321/259
f 381/322/255 393/321/259 377/306/247
f 393/321/259 375/304/245 377/306/247
f 393/321/259 394/323/260 375/304/245
f 382/310/251 375/304/245 394/323/260
f 395/324/261 393/321/259 391/318/258
f 393/321/259 395/324/261 394/323/260
f 391/318/258 396/325/262 395/324/261
f 396/325/262 391/318/258 390/316/256
f 397/326/263 395/324/261 396/325/262
f 395/324/261 397/326/263 398/327/264
f 394/323/260 395/324/261 398/327/264
f 396/325/262 399/328/265 397/326/263
f 400/329/266 394/323/260 398/327/264
f 390/316/256 401/330/267 396/325/262
f 399/328/265 396/325/262 401/330/267
f 401/330/267 390/316/256 387/312/253
f 401/330/267 402/331/268 399/328/265
f 394/323/260 400/329/266 403/332/269
f 404/333/270 394/323/260 403/332/269
f 382/310/251 394/323/260 404/333/270
f 402/331/268 401/330/267 405/334/271
f 387/312/253 405/334/271 401/330/267
f 405/334/271 406/335/272 402/331/268
f 405/334/271 387/312/253 388/315/256
f 406/335/272 405/334/271 407/336/273
f 388/315/256 407/336/273 405/334/271
f 407/336/273 408/287/274 406/335/272
f 407/336/273 388/315/256 409/337/275
f 408/287/274 407/336/273 410/338/276
f 409/337/275 410/338/276 407/336/273
f 410/338/276 411/288/277 408/287/274
f 383/314/255 409/337/275 388/315/256
f 411/288/277 410/338/276 412/339/278
f 412/339/278 413/340/279 411/288/277
f 410/338/276 409/337/275 414/341/280
f 414/341/280 412/339/278 410/338/276
f 415/342/252 409/337/275 383/314/255
f 409/337/275 415/342/252 414/341/280
f 416/343/281 414/341/280 415/342/252
f 412/339/278 414/341/280 417/344/280
f 414/341/280 416/343/281 417/344/280
f 417/344/280 418/345/282 412/339/278
f 413/340/279 412/339/278 418/345/282
f 419/346/283 417/344/280 416/343/281
f 417/344/280 419/346/283 420/347/284
f 418/345/282 417/344/280 420/347/284
f 420/347/284 419/346/283 421/348/285
f 422/349/286 423/350/287 421/348/285
f 421/348/285 423/350/287 420/347/284
f 424/351/288 420/347/284 423/350/287
f 423/350/287 422/349/286 425/352/289
f 424/351/288 423/350/287 425/352/289
f 420/347/284 424/351/288 418/345/282
f 427/353/290 424/351/288 425/352/289
f 426/354/291 424/351/288 427/353/290
f 424/351/288 426/354/291 428/355/292
f 428/355/292 418/345/282 424/351/288
f 429/356/293 418/345/282 428/355/292
f 430/357/294 418/345/282 429/356/293
f 418/345/282 430/357/294 431/358/295
f 413/340/279 418/345/282 431/358/295
f 434/359/296 435/360/297 433/361/298
f 435/360/297 436/362/299 433/361/298
f 437/363/300 435/360/297 434/359/296
f 435/360/297 438/364/301 436/362/299
f 432/365/302 439/366/303 437/363/300
f 439/366/303 435/360/297 437/363/300
f 439/366/303 432/365/302 440/367/243
f 441/368/304 439/366/303 440/367/243
f 439/366/303 442/369/305 435/360/297
f 438/364/301 435/360/297 442/369/305
f 439/366/303 441/368/304 443/370/230
f 443/370/230 442/369/305 439/366/303
f 444/371/306 445/372/307 446/373/308
f 445/372/307 444/371/306 447/374/307
f 452/359/296 453/363/225 454/366/309
f 454/366/309 453/363/225 455/365/242
f 456/367/243 454/366/309 455/365/242
f 457/368/244 454/366/309 456/367/243
f 454/366/309 457/368/244 458/370/230
f 454/366/309 459/360/297 452/359/296
f 459/360/297 454/366/309 458/370/230
f 458/370/230 460/369/310 459/360/297
f 459/360/297 461/361/311 452/359/296
f 461/361/311 459/360/297 462/362/299
f 459/360/297 463/364/301 462/362/299
f 463/364/301 459/360/297 460/369/310
f 466/375/312 467/376/313 465/377/314
f 467/376/315 450/378/316 464/379/317
f 467/376/313 466/375/312 468/380/318
f 449/381/319 468/380/320 451/382/321
f 468/380/318 469/383/322 467/376/313
f 469/383/322 468/380/318 471/384/323
f 471/384/323 472/385/324 469/383/322
f 470/386/325 469/383/322 472/385/324
f 472/385/324 471/384/323 474/387/326
f 474/387/326 471/384/323 473/388/327
f 474/387/326 475/389/328 472/385/324
f 475/389/328 470/386/325 472/385/324
f 476/390/329 474/387/326 473/388/327
f 473/388/327 448/391/330 476/390/329
f 475/389/328 474/387/326 476/390/329
f 448/391/330 477/392/331 476/390/329
f 477/392/331 475/389/328 476/390/329
f 477/392/331 448/391/330 478/393/332
f 376/305/246 475/389/328 477/392/331
f 470/386/325 475/389/328 378/308/249
f 376/305/246 378/308/249 475/389/328
f 478/393/332 377/306/247 477/392/331
f 377/306/247 376/305/246 477/392/331
f 377/306/247 478/393/332 381/322/255
f 479/394/333 481/395/334 480/396/335
f 480/396/335 481/395/334 482/397/336
f 483/398/337 482/397/336 481/395/334
f 484/399/338 483/398/337 481/395/334
f 486/400/339 488/395/340 487/401/341
f 488/395/340 486/400/339 489/399/342
f 488/395/340 490/402/343 487/401/341
f 490/402/343 488/395/340 491/394/344
f 491/394/344 485/403/345 490/402/343
f 491/394/344 492/404/346 485/403/345
f 497/238/32 495/405/172 493/406/172
f 498/407/32 496/408/173 494/409/173
f 495/405/172 497/238/32 498/407/32
f 496/408/173 498/407/32 497/238/32
f 499/410/347 500/411/348 501/412/349
f 500/411/348 499/410/347 502/413/350
f 501/412/349 503/414/351 499/410/347
f 504/415/352 501/412/349 500/411/348
f 503/414/351 501/412/349 505/416/353
f 501/412/349 504/415/352 506/417/354
f 505/416/353 501/412/349 507/418/355
f 507/418/355 501/412/349 506/417/354
f 508/419/356 509/420/357 510/421/358
f 509/420/357 508/419/356 511/422/359
f 511/422/359 512/423/360 509/420/357
f 510/421/358 513/424/361 508/419/356
f 513/424/361 510/421/358 514/425/362
f 512/423/360 511/422/359 515/426/363
f 515/426/363 516/427/364 512/423/360
f 516/427/364 515/426/363 517/428/365
f 514/425/362 518/429/366 513/424/361
f 518/429/366 514/425/362 519/430/367
f 519/430/367 520/431/368 518/429/366
f 520/431/368 519/430/367 521/432/369
f 521/432/369 522/433/370 520/431/368
f 522/433/370 521/432/369 523/434/371
f 525/426/372 524/428/373 526/427/364
f 527/423/374 525/426/372 526/427/364
f 528/422/375 525/426/372 527/423/374
f 529/420/357 528/422/375 527/423/374
f 529/420/357 530/419/356 528/422/375
f 530/419/356 529/420/357 531/421/358
f 531/421/358 532/424/361 530/419/356
f 532/424/361 531/421/358 533/425/362
f 533/425/362 534/429/366 532/424/361
f 534/429/366 533/425/362 535/430/376
f 535/430/376 536/431/377 534/429/366
f 536/431/377 535/430/376 537/432/369
f 537/432/369 538/433/378 536/431/377
f 538/433/378 537/432/369 539/434/371
f 542/435/379 540/436/380 541/437/381
f 540/436/380 542/435/379 543/438/382
f 544/439/383 543/438/382 542/435/379
f 543/438/382 544/439/383 545/440/384
f 546/435/385 547/436/380 548/437/386
f 547/436/380 546/435/385 550/438/387
f 549/439/383 550/438/387 546/435/385
f 550/438/387 549/439/383 551/440/388
f 552/441/389 553/272/390 554/442/391
f 554/442/391 553/272/390 555/273/389
f 558/443/387 557/444/383 556/445/388
f 557/444/383 558/443/387 559/446/385
f 560/447/380 559/446/385 558/443/387
f 559/446/385 560/447/380 561/448/386
f 562/446/379 563/447/380 564/448/381
f 563/447/380 562/446/379 566/443/387
f 565/444/383 566/443/387 562/446/379
f 566/443/387 565/444/383 567/445/384
f 572/449/392 568/450/393 570/451/393
f 569/452/394 572/449/392 571/453/394
f 568/450/393 572/449/392 573/454/395
f 573/454/395 572/449/392 569/452/394
f 574/449/396 575/454/392 576/450/393
f 574/449/396 577/452/394 575/454/392
f 576/450/393 578/451/393 574/449/396
f 577/452/394 574/449/396 579/453/394
f 582/283/397 580/455/398 581/285/399
f 582/283/397 584/282/400 583/456/401
f 583/456/401 585/457/402 582/283/397
f 580/455/398 582/283/397 585/457/402
f 588/283/403 586/455/398 587/285/404
f 589/456/401 588/283/403 590/282/405
f 588/283/403 589/456/401 591/457/402
f 586/455/398 588/283/403 591/457/402
f 596/458/395 592/459/393 594/460/393
f 593/461/394 596/458/395 595/462/394
f 592/459/393 596/458/395 597/463/406
f 597/463/406 596/458/395 593/461/394
f 598/458/395 599/463/396 600/459/393
f 598/458/395 601/461/394 599/463/396
f 600/459/393 602/460/393 598/458/395
f 601/461/394 598/458/395 603/462/394
f 604/464/407 605/465/408 606/466/409
f 605/465/408 604/464/407 607/467/410
f 606/466/409 605/465/408 608/468/411
f 605/465/408 609/469/412 608/468/411
f 612/465/408 610/464/407 611/467/413
f 610/464/407 612/465/408 613/466/409
f 612/465/408 614/468/411 613/466/409
f 614/468/411 612/465/408 615/469/412
f 616/258/195 617/257/414 618/260/195
f 617/257/414 616/258/195 619/259/194
f 619/259/194 616/258/195 620/261/415
f 619/259/194 620/261/415 621/262/195
f 619/259/194 622/263/196 617/257/414
f 623/264/416 622/263/196 619/259/194
f 624/265/196 622/263/196 623/264/416
f 624/265/196 625/266/196 622/263/196
f 625/266/196 624/265/196 626/267/196
f 628/470/417 629/471/418 627/472/417
f 629/471/418 628/470/417 630/473/418
f 630/473/418 631/474/173 629/471/418
f 632/475/173 631/474/173 630/473/418
f 633/476/419 634/477/175 635/478/420
f 634/477/175 633/476/419 636/479/421
f 636/479/421 637/480/422 634/477/175
f 637/480/422 636/479/421 638/481/423
f 636/479/421 639/482/424 638/481/423
f 633/476/419 640/483/425 636/479/421
f 639/482/424 636/479/421 640/483/425
f 640/483/425 633/476/419 641/484/426
f 642/485/427 643/486/425 644/487/421
f 643/486/425 642/485/427 645/488/428
f 642/485/427 644/487/421 646/489/175
f 646/489/175 647/490/420 642/485/427
f 646/489/175 644/487/421 648/491/422
f 644/487/421 649/492/429 648/491/422
f 644/487/421 650/493/424 649/492/429
f 650/493/424 644/487/421 643/486/425
f 651/494/430 652/495/431 653/496/431
f 652/495/431 651/494/430 654/497/430
f 655/498/432 653/496/431 652/495/431
f 655/498/432 652/495/431 656/499/432
f 657/500/433 658/501/433 659/502/433
f 659/502/433 658/501/433 660/503/433
f 661/504/434 662/505/434 663/506/434
f 662/505/434 661/504/434 664/507/434
f 665/508/435 667/509/436 666/510/50
f 667/509/436 665/508/435 668/511/437
f 665/508/435 669/512/438 668/511/437
f 670/513/439 671/514/440 669/512/438
f 668/511/437 669/512/438 671/514/440
f 671/514/440 670/513/439 672/515/441
f 673/516/442 671/514/440 672/515/441
f 671/514/440 673/516/442 674/517/443
f 674/517/443 668/511/437 671/514/440
f 668/511/437 674/517/443 675/518/444
f 675/518/444 667/509/436 668/511/437
f 667/509/436 675/518/444 676/519/46
f 679/520/445 678/521/446 677/522/46
f 678/521/446 679/520/445 680/523/437
f 678/521/446 680/523/437 681/524/443
f 681/524/443 683/525/447 682/526/448
f 683/525/447 684/527/449 682/526/448
f 680/523/437 683/525/447 681/524/443
f 683/525/447 685/528/450 684/527/449
f 680/523/437 686/529/451 683/525/447
f 685/528/450 683/525/447 686/529/451
f 686/529/451 680/523/437 687/530/435
f 679/520/445 687/530/435 680/523/437
f 688/531/50 687/530/435 679/520/445
f 689/532/452 691/533/453 690/534/454
f 691/533/453 689/532/452 692/535/85
f 695/536/455 694/537/456 693/538/457
f 696/539/52 695/536/455 693/538/457
f 697/540/458 695/536/455 696/539/52
f 698/541/459 694/537/456 695/536/455
f 700/542/460 699/543/461 698/541/459
f 695/536/455 700/542/460 698/541/459
f 699/543/461 700/542/460 701/544/462
f 700/542/460 702/545/463 701/544/462
f 700/542/460 695/536/455 703/546/464
f 695/536/455 697/540/458 703/546/464
f 702/545/463 700/542/460 704/547/465
f 703/546/464 704/547/465 700/542/460
f 706/548/466 707/549/467 705/550/468
f 707/549/467 708/551/462 705/550/468
f 707/549/467 709/552/469 708/551/462
f 710/553/456 707/549/467 706/548/466
f 711/554/457 712/555/470 710/553/456
f 712/555/470 707/549/467 710/553/456
f 712/555/470 711/554/457 713/556/52
f 714/557/458 712/555/470 713/556/52
f 712/555/470 715/558/471 707/549/467
f 709/552/469 707/549/467 715/558/471
f 712/555/470 714/557/458 716/559/472
f 716/559/472 715/558/471 712/555/470
f 719/560/249 718/561/473 717/562/474
f 718/561/473 719/560/249 720/563/475
f 721/564/250 718/561/473 720/563/475
f 718/561/473 721/564/250 722/565/476
f 723/566/477 722/565/476 721/564/250
f 722/565/476 723/566/477 724/567/478
f 723/566/477 725/568/479 724/567/478
f 723/566/477 721/564/250 726/569/480
f 724/567/478 725/568/479 727/570/481
f 725/568/479 728/571/482 727/570/481
f 727/570/481 728/571/482 729/572/483
f 730/573/484 729/572/483 728/571/482
f 726/569/480 731/574/485 723/566/477
f 735/575/486 734/576/487 733/577/266
f 734/576/487 735/575/486 736/578/488
f 731/574/485 736/578/488 735/575/486
f 736/578/488 731/574/485 726/569/480
f 739/579/489 738/580/490 732/581/491
f 738/580/490 739/579/489 740/582/492
f 741/583/493 740/582/492 739/579/489
f 740/582/492 741/583/493 742/584/494
f 743/585/495 742/584/494 741/583/493
f 743/585/495 744/586/496 742/584/494
f 748/587/497 746/588/498 745/589/499
f 746/588/498 748/587/497 747/590/500
f 744/586/496 748/587/497 745/589/499
f 744/586/496 749/591/292 748/587/497
f 744/586/496 743/585/495 749/591/292
f 743/585/495 750/592/501 749/591/292
f 750/592/501 743/585/495 751/593/502
f 751/593/502 752/594/503 750/592/501
f 752/594/503 751/593/502 753/595/504
f 752/594/503 753/595/504 754/596/505
f 737/597/506 754/596/505 753/595/504
f 759/598/507 761/599/508 757/600/509
f 760/601/510 761/599/508 759/598/507
f 761/599/508 762/602/511 757/600/509
f 761/599/508 756/603/512 762/602/511
f 758/604/457 763/605/470 760/601/510
f 763/605/470 761/599/508 760/601/510
f 763/605/470 758/604/457 764/606/52
f 755/607/513 763/605/470 764/606/52
f 756/603/512 761/599/508 765/608/514
f 763/605/470 765/608/514 761/599/508
f 763/605/470 755/607/513 766/609/472
f 765/608/514 763/605/470 766/609/472
f 767/610/515 768/611/516 770/612/517
f 768/611/516 769/613/518 770/612/517
f 771/614/316 767/610/515 770/612/517
f 770/612/517 772/615/519 771/614/316
f 776/616/470 775/617/520 774/618/521
f 777/619/52 776/616/470 774/618/521
f 778/620/522 776/616/470 777/619/52
f 779/621/507 775/617/520 776/616/470
f 781/622/523 780/623/524 779/621/507
f 776/616/470 781/622/523 779/621/507
f 780/623/524 781/622/523 782/624/511
f 781/622/523 783/625/525 782/624/511
f 781/622/523 776/616/470 784/626/472
f 776/616/470 778/620/522 784/626/472
f 783/625/525 781/622/523 785/627/526
f 784/626/472 785/627/526 781/622/523
f 786/628/527 772/615/519 773/629/528
f 772/615/519 786/628/527 787/630/317
f 771/614/316 772/615/519 787/630/317
f 771/614/316 788/631/529 789/632/530
f 789/632/530 790/633/531 771/614/316
f 767/610/515 771/614/316 790/633/531
f 717/562/474 790/633/531 719/560/249
f 790/633/531 717/562/474 767/610/515
f 791/634/532 792/635/532 793/636/532
f 793/636/532 792/635/532 794/637/532
f 795/638/532 793/636/532 794/637/532
f 796/639/532 793/636/532 795/638/532
f 797/640/533 798/641/533 799/642/533
f 798/641/533 797/640/533 800/643/534
f 800/643/534 797/640/533 801/644/535
f 797/640/533 802/645/536 801/644/535
f 803/646/537 804/647/538 805/648/539
f 805/648/539 806/649/540 803/646/537
f 806/649/540 805/648/539 807/650/541
f 804/647/538 803/646/537 808/651/542
f 808/651/542 809/652/543 804/647/538
f 809/652/543 808/651/542 810/653/544
f 808/651/542 811/654/545 810/653/544
f 808/651/542 812/655/546 811/654/545
f 803/646/537 812/655/546 808/651/542
f 813/656/547 812/655/546 814/657/548
f 812/655/546 803/646/537 814/657/548
f 813/656/547 814/657/548 815/658/549
f 803/646/537 816/659/550 814/657/548
f 815/658/549 814/657/548 816/659/550
f 816/659/550 803/646/537 806/649/540
f 815/658/549 816/659/550 817/660/551
f 818/661/552 816/659/550 806/649/540
f 807/650/541 818/661/552 806/649/540
f 818/661/552 807/650/541 819/662/553
f 816/659/550 820/663/554 817/660/551
f 816/659/550 818/661/552 820/663/554
f 817/660/551 820/663/554 821/664/555
f 819/662/553 822/665/556 818/661/552
f 822/665/556 820/663/554 818/661/552
f 822/665/556 819/662/553 823/666/557
f 820/663/554 824/667/558 821/664/555
f 820/663/554 822/665/556 824/667/558
f 821/664/555 824/667/558 825/668/559
f 824/667/558 826/669/560 825/668/559
f 822/665/556 826/669/560 824/667/558
f 827/670/561 825/668/559 826/669/560
f 823/666/557 828/671/562 822/665/556
f 826/669/560 822/665/556 828/671/562
f 828/671/562 823/666/557 829/672/563
f 826/669/560 830/673/564 827/670/561
f 828/671/562 830/673/564 826/669/560
f 831/674/565 827/670/561 830/673/564
f 830/673/564 828/671/562 832/675/566
f 829/672/563 832/675/566 828/671/562
f 832/675/566 829/672/563 833/676/567
f 834/677/568 835/678/569 836/679/570
f 837/680/571 836/679/570 835/678/569
f 835/678/569 834/677/568 838/681/572
f 836/679/570 837/680/571 839/682/573
f 840/683/336 836/679/570 839/682/573
f 841/684/574 836/679/570 840/683/336
f 841/684/574 834/677/568 836/679/570
f 842/685/338 843/686/575 841/684/574
f 843/686/575 834/677/568 841/684/574
f 843/686/575 842/685/338 844/687/576
f 844/687/576 845/688/577 843/686/575
f 845/688/577 834/677/568 843/686/575
f 845/688/577 844/687/576 846/689/578
f 847/690/579 838/681/572 834/677/568
f 834/677/568 845/688/577 847/690/579
f 838/681/572 847/690/579 848/691/580
f 849/692/581 848/691/580 847/690/579
f 845/688/577 849/692/581 847/690/579
f 848/691/580 849/692/581 850/693/582
f 846/689/578 851/694/583 845/688/577
f 845/688/577 851/694/583 849/692/581
f 846/689/578 852/695/584 851/694/583
f 853/696/585 850/693/582 849/692/581
f 851/694/583 853/696/585 849/692/581
f 850/693/582 853/696/585 854/697/586
f 852/695/584 855/698/587 851/694/583
f 851/694/583 855/698/587 853/696/585
f 852/695/584 856/699/588 855/698/587
f 856/699/588 857/700/589 855/698/587
f 853/696/585 855/698/587 857/700/589
f 856/699/588 858/701/590 857/700/589
f 859/702/591 854/697/586 853/696/585
f 857/700/589 859/702/591 853/696/585
f 854/697/586 859/702/591 860/703/592
f 858/701/590 861/704/593 857/700/589
f 859/702/591 857/700/589 861/704/593
f 858/701/590 862/705/594 861/704/593
f 861/704/593 863/706/595 859/702/591
f 863/706/595 860/703/592 859/702/591
f 860/703/592 863/706/595 864/707/596
f 865/708/417 866/709/417 867/473/418
f 867/473/418 866/709/417 868/710/597
f 869/711/173 867/473/418 868/710/597
f 867/473/418 869/711/173 870/712/173
f 871/713/598 872/714/599 873/715/598
f 873/715/598 872/714/599 874/716/600
f 872/714/599 875/717/601 874/716/600
f 875/717/601 872/714/599 876/718/601
f 880/719/602 878/720/603 877/721/604
f 879/722/605 880/719/602 877/721/604
f 883/723/602 881/724/606 878/720/603
f 878/720/603 880/719/602 883/723/602
f 884/725/607 882/726/608 881/724/606
f 881/724/606 883/723/602 884/725/607
f 882/726/608 884/725/607 885/727/607
f 884/725/607 886/728/609 885/727/607
f 887/729/610 886/728/609 884/725/607
f 883/723/602 887/729/610 884/725/607
f 887/729/610 883/723/602 888/730/611
f 880/719/602 888/730/611 883/723/602
f 889/731/612 888/730/611 880/719/602
f 880/719/602 890/732/613 889/731/612
f 890/732/613 880/719/602 891/733/614
f 891/733/614 892/734/615 890/732/613
f 891/733/614 880/719/602 879/722/605
f 892/734/615 891/733/614 894/735/616
f 894/735/616 893/736/617 892/734/615
f 895/737/366 891/733/614 879/722/605
f 894/735/616 891/733/614 895/737/366
f 894/735/616 895/737/366 896/738/618
f 893/736/617 894/735/616 897/739/619
f 896/738/618 897/739/619 894/735/616
f 897/739/619 898/740/620 893/736/617
f 898/740/620 897/739/619 899/741/621
f 897/739/619 896/738/618 900/742/622
f 899/741/621 897/739/619 900/742/622
f 902/743/623 904/744/602 901/745/624
f 904/744/602 903/746/625 901/745/624
f 905/747/626 907/748/627 902/743/623
f 904/744/602 902/743/623 907/748/627
f 906/749/609 908/750/607 905/747/626
f 907/748/627 905/747/626 908/750/607
f 908/750/607 906/749/609 909/751/607
f 908/750/607 909/751/607 910/752/608
f 910/752/608 911/753/628 908/750/607
f 907/748/627 908/750/607 911/753/628
f 911/753/628 912/754/629 907/748/627
f 912/754/629 904/744/602 907/748/627
f 904/744/602 912/754/629 913/755/604
f 914/756/361 904/744/602 913/755/604
f 904/744/602 914/756/361 915/757/614
f 903/746/625 904/744/602 915/757/614
f 916/758/366 915/757/614 914/756/361
f 915/757/614 917/759/615 903/746/625
f 917/759/615 915/757/614 918/760/630
f 915/757/614 916/758/366 918/760/630
f 918/760/630 919/761/631 917/759/615
f 920/762/377 918/760/630 916/758/366
f 919/761/631 918/760/630 921/763/619
f 918/760/630 920/762/377 921/763/619
f 921/763/619 922/764/632 919/761/631
f 922/764/632 921/763/619 923/765/621
f 924/766/622 921/763/619 920/762/377
f 921/763/619 924/766/622 923/765/621
f 927/767/633 926/768/634 925/769/635
f 930/770/636 929/771/388 928/772/637
f 929/771/388 930/770/636 927/767/633
f 926/768/634 927/767/633 930/770/636
f 931/773/637 935/774/633 934/775/388
f 936/776/636 935/774/633 931/773/637
f 936/776/636 933/777/638 935/774/633
f 932/778/639 933/777/638 936/776/636
f 937/779/640 938/498/641 939/780/642
f 938/498/641 937/779/640 940/496/643
f 941/781/644 937/779/640 939/780/642
f 937/779/640 942/494/645 940/496/643
f 941/781/644 943/782/646 937/779/640
f 942/494/645 937/779/640 944/783/645
f 943/782/646 944/783/645 937/779/640
f 944/783/645 943/782/646 945/784/647
f 948/785/648 947/786/634 946/787/649
f 947/786/634 948/785/648 949/788/650
f 950/789/388 949/788/650 948/785/648
f 949/788/650 950/789/388 951/790/651
f 952/791/383 954/792/648 953/793/388
f 955/794/650 954/792/648 952/791/383
f 955/794/650 956/795/649 954/792/648
f 957/796/634 956/795/649 955/794/650
f 958/797/652 960/798/653 959/799/652
f 961/800/654 960/798/653 958/797/652
f 962/801/655 960/798/653 961/800/654
f 960/798/653 962/801/655 963/802/655
f 964/803/655 965/804/655 966/805/656
f 966/805/656 967/806/657 964/803/655
f 966/805/656 968/807/652 967/806/657
f 968/807/652 966/805/656 969/808/652
f 971/809/658 973/509/659 970/810/636
f 972/811/660 970/810/636 973/509/659
f 973/509/659 971/809/658 974/510/661
f 972/811/660 973/509/659 975/519/662
f 979/520/663 977/812/660 976/813/636
f 978/814/658 979/520/663 976/813/636
f 977/812/660 979/520/663 980/522/662
f 979/520/663 978/814/658 981/531/661
f 982/815/652 984/816/664 983/817/652
f 985/818/665 984/816/664 982/815/652
f 986/819/655 984/816/664 985/818/665
f 984/816/664 986/819/655 987/820/655
f 988/821/655 989/822/655 990/823/666
f 990/823/666 991/824/665 988/821/655
f 990/823/666 992/825/652 991/824/665
f 992/825/652 990/823/666 993/826/652
f 994/784/667 995/827/668 996/828/669
f 995/827/668 994/784/667 997/782/668
f 998/781/670 995/827/668 997/782/668
f 995/827/668 998/781/670 999/829/670
f 1002/830/671 1001/831/672 1000/832/407
f 1003/833/673 1002/830/671 1000/832/407
f 1004/834/674 1002/830/671 1003/833/673
f 1002/830/671 1004/834/674 1005/835/675
f 1008/836/671 1006/837/674 1007/838/676
f 1006/837/674 1008/836/671 1009/839/673
f 1008/836/671 1010/840/677 1009/839/673
f 1010/840/677 1008/836/671 1011/841/678
f 1013/842/679 1014/843/680 1012/844/679
f 1012/844/679 1014/843/680 1015/845/681
f 1014/843/680 1016/846/682 1015/845/681
f 1016/846/682 1014/843/680 1017/847/683
f 1017/847/683 1018/848/684 1016/846/682
f 1016/846/682 1018/848/684 1019/849/684
f 1022/850/685 1020/851/679 1021/852/679
f 1020/851/679 1022/850/685 1023/853/680
f 1024/854/686 1023/853/680 1022/850/685
f 1023/853/680 1024/854/686 1025/855/683
f 1024/854/686 1026/856/684 1025/855/683
f 1026/856/684 1024/854/686 1027/857/687
f 1028/858/688 1029/859/689 1030/860/689
f 1029/859/689 1028/858/688 1031/861/688
f 1028/858/688 1032/862/690 1031/861/688
f 1032/862/690 1028/858/688 1033/863/691
f 1034/864/692 1035/865/693 1036/866/694
f 1037/867/692 1036/866/694 1035/865/693
f 1035/865/693 1034/864/692 1038/868/692
f 1035/865/693 1039/869/694 1037/867/692
f 1040/870/692 1038/868/692 1034/864/692
f 1039/869/694 1041/871/694 1037/867/692
f 1038/868/692 1040/870/692 1042/872/694
f 1041/871/694 1039/869/694 1043/873/694
f 1044/874/692 1042/872/694 1040/870/692
f 1045/875/692 1041/871/694 1043/873/694
f 1044/874/692 1040/870/692 1046/876/692
f 1041/871/694 1045/875/692 1047/877/692
f 1046/876/692 1048/878/695 1044/874/692
f 1048/878/695 1047/877/692 1045/875/692
f 1048/878/695 1046/876/692 1049/879/692
f 1047/877/692 1048/878/695 1049/879/692
f 1050/880/692 1051/881/694 1052/882/692
f 1051/881/694 1050/880/692 1053/883/692
f 1052/882/692 1054/884/696 1050/880/692
f 1053/883/692 1055/885/694 1051/881/694
f 1054/884/696 1052/882/692 1056/886/692
f 1057/887/692 1051/881/694 1055/885/694
f 1054/884/696 1056/886/692 1058/888/692
f 1059/889/696 1057/887/692 1055/885/694
f 1060/890/694 1054/884/696 1058/888/692
f 1057/887/692 1059/889/696 1061/891/694
f 1062/892/694 1060/890/694 1058/888/692
f 1059/889/696 1063/893/692 1061/891/694
f 1060/890/694 1062/892/694 1064/894/692
f 1063/893/692 1059/889/696 1065/895/692
f 1062/892/694 1065/895/692 1064/894/692
f 1065/895/692 1062/892/694 1063/893/692
f 1068/896/697 1066/897/698 1067/898/699
f 1068/896/697 1069/899/700 1066/897/698
f 1070/900/701 1071/901/198 1072/902/702
f 1071/901/198 1070/900/701 1073/903/703
f 1074/904/704 1075/905/704 1076/906/704
f 1074/904/704 1077/907/704 1075/905/704
f 1074/904/704 1078/908/704 1077/907/704
f 1077/907/704 1078/908/704 1079/909/704
f 1078/908/704 1074/904/704 1080/910/704
f 1080/910/704 1074/904/704 1081/911/704
f 1082/912/704 1083/913/704 1084/914/704
f 1082/912/704 1084/914/704 1085/915/704
f 1082/912/704 1086/916/704 1083/913/704
f 1083/913/704 1086/916/704 1087/917/704
f 1086/916/704 1082/912/704 1088/918/704
f 1088/918/704 1082/912/704 1089/919/704
f 1090/920/704 1091/921/704 1092/922/704
f 1090/920/704 1092/922/704 1093/923/704
f 1092/922/704 1091/921/704 1094/924/704
f 1091/921/704 1090/920/704 1095/925/704
f 1096/926/704 1091/921/704 1095/925/704
f 1091/921/704 1096/926/704 1097/927/704
f 1098/928/704 1099/929/704 1100/930/704
f 1099/929/704 1098/928/704 1101/931/704
f 1101/931/704 1098/928/704 1102/932/704
f 1101/931/704 1103/933/704 1099/929/704
f 1099/929/704 1103/933/704 1104/934/704
f 1103/933/704 1101/931/704 1105/935/704
f 1106/936/704 1107/937/704 1108/938/704
f 1106/936/704 1108/938/704 1109/939/704
f 1110/940/704 1107/937/704 1106/936/704
f 1107/937/704 1110/940/704 1111/941/704
f 1111/941/704 1110/940/704 1112/942/704
f 1107/937/704 1111/941/704 1113/943/704
f 1114/944/704 1115/945/704 1116/946/704
f 1114/944/704 1116/946/704 1117/947/704
f 1116/946/704 1115/945/704 1118/948/704
f 1115/945/704 1114/944/704 1119/949/704
f 1115/945/704 1119/949/704 1120/950/704
f 1120/950/704 1119/949/704 1121/951/704
f 1126/952/705 1125/953/706 1122/954/707
f 1125/953/706 1126/952/705 1128/955/708
f 1128/955/708 1129/956/709 1125/953/706
f 1124/957/519 1123/958/710 1129/956/709
f 1129/956/709 1128/955/708 1131/959/711
f 1124/957/519 1129/956/709 1131/959/711
f 1131/959/711 1128/955/708 1130/960/712
f 1131/959/711 1130/960/712 1132/961/527
f 1132/961/527 1130/960/712 1134/962/713
f 1134/962/713 1133/963/317 1132/961/527
f 1127/964/714 1135/965/715 1130/960/712
f 1134/962/713 1130/960/712 1135/965/715
f 1133/963/317 1134/962/713 1136/966/529
f 1127/964/714 1137/967/320 1135/965/715
f 1138/968/704 1139/969/704 1140/970/704
f 1139/969/704 1138/968/704 1141/971/704
f 1141/971/704 1138/968/704 1142/972/704
f 1141/971/704 1143/973/704 1139/969/704
f 1139/969/704 1143/973/704 1144/974/704
f 1143/973/704 1141/971/704 1145/975/704
f 1146/976/704 1147/977/704 1148/978/704
f 1147/977/704 1146/976/704 1149/979/704
f 1149/979/704 1146/976/704 1150/980/704
f 1151/981/704 1147/977/704 1149/979/704
f 1147/977/704 1151/981/704 1152/982/704
f 1151/981/704 1149/979/704 1153/983/704
f 1154/984/716 1156/985/717 1155/986/718
f 1156/985/717 1154/984/716 1157/987/719
f 1157/987/719 1158/988/720 1156/985/717
f 1158/988/720 1157/987/719 1159/989/721
f 1159/989/721 1160/990/722 1158/988/720
f 1160/990/722 1159/989/721 1161/991/723
f 1161/991/723 1162/992/724 1160/990/722
f 1162/992/724 1161/991/723 1163/993/725
f 1163/993/725 1164/994/726 1162/992/724
f 1165/995/727 1162/992/724 1164/994/726
f 1164/994/726 1166/996/728 1165/995/727
f 1167/997/729 1165/995/727 1166/996/728
f 1170/998/730 1168/999/731 1169/1000/732
f 1168/999/731 1170/998/730 1171/1001/733
f 1172/1002/734 1171/1001/733 1170/998/730
f 1171/1001/733 1172/1002/734 1173/1003/735
f 1174/1004/722 1173/1003/735 1172/1002/734
f 1173/1003/735 1174/1004/722 1175/1005/736
f 1176/1006/737 1175/1005/736 1174/1004/722
f 1175/1005/736 1176/1006/737 1177/1007/738
f 1178/1008/739 1177/1007/738 1176/1006/737
f 1178/1008/739 1176/1006/737 1179/1009/740
f 1180/1010/741 1178/1008/739 1179/1009/740
f 1180/1010/741 1179/1009/740 1181/1011/742
f 1183/1012/743 1182/1013/744 1184/938/745
f 1183/1012/743 1184/938/745 1185/937/746
f 1186/943/747 1183/1012/743 1185/937/746
f 1187/1014/748 1184/938/745 1182/1013/744
f 1184/938/745 1187/1014/748 1188/939/749
f 1187/1014/748 1189/936/750 1188/939/749
f 1189/936/750 1187/1014/748 1190/1015/380
f 1183/1012/743 1186/943/747 1191/1016/638
f 1190/1015/380 1192/940/751 1189/936/750
f 1193/1017/752 1191/1016/638 1186/943/747
f 1186/943/747 1194/941/753 1193/1017/752
f 1195/942/754 1193/1017/752 1194/941/753
f 1190/1015/380 1196/1018/755 1192/940/751
f 1197/1019/756 1192/940/751 1196/1018/755
f 1192/940/751 1197/1019/756 1195/942/754
f 1193/1017/752 1195/942/754 1197/1019/756
f 1200/1020/744 1202/944/746 1201/1021/743
f 1202/944/746 1200/1020/744 1203/949/757
f 1200/1020/744 1199/1022/748 1203/949/757
f 1199/1022/748 1204/951/758 1203/949/757
f 1199/1022/748 1205/950/759 1204/951/758
f 1205/950/759 1199/1022/748 1198/1023/380
f 1202/944/746 1206/1024/638 1201/1021/743
f 1206/1024/638 1202/944/746 1207/947/760
f 1208/1025/755 1205/950/759 1198/1023/380
f 1205/950/759 1208/1025/755 1209/945/761
f 1208/1025/755 1210/948/762 1209/945/761
f 1210/948/762 1208/1025/755 1211/1026/763
f 1212/1027/752 1210/948/762 1211/1026/763
f 1210/948/762 1212/1027/752 1213/946/764
f 1212/1027/752 1207/947/760 1213/946/764
f 1207/947/760 1212/1027/752 1206/1024/638
f 1214/1028/744 1216/970/746 1215/1029/743
f 1216/970/746 1214/1028/744 1217/968/757
f 1216/970/746 1218/1030/638 1215/1029/743
f 1218/1030/638 1216/970/746 1219/969/760
f 1220/1031/752 1218/1030/638 1219/969/760
f 1219/969/760 1221/974/765 1220/1031/752
f 1222/973/762 1220/1031/752 1221/974/765
f 1220/1031/752 1222/973/762 1223/1032/756
f 1224/975/751 1223/1032/756 1222/973/762
f 1223/1032/756 1224/975/751 1225/1033/755
f 1226/1034/380 1225/1033/755 1224/975/751
f 1226/1034/380 1224/975/751 1227/971/750
f 1228/972/766 1226/1034/380 1227/971/750
f 1226/1034/380 1228/972/766 1229/1035/748
f 1217/968/757 1229/1035/748 1228/972/766
f 1229/1035/748 1217/968/757 1214/1028/744
f 1233/979/750 1231/1036/748 1230/1037/380
f 1231/1036/748 1233/979/750 1234/980/766
f 1234/980/766 1232/1038/767 1231/1036/748
f 1230/1037/380 1235/983/751 1233/979/750
f 1232/1038/767 1234/980/766 1236/976/757
f 1237/978/746 1232/1038/767 1236/976/757
f 1235/983/751 1230/1037/380 1238/1039/755
f 1238/1039/755 1239/1040/756 1235/983/751
f 1240/981/762 1235/983/751 1239/1040/756
f 1241/1041/752 1240/981/762 1239/1040/756
f 1240/981/762 1241/1041/752 1242/982/768
f 1241/1041/752 1243/977/747 1242/982/768
f 1243/977/747 1241/1041/752 1244/1042/638
f 1244/1042/638 1237/978/746 1243/977/747
f 1237/978/746 1244/1042/638 1245/1043/743
f 1232/1038/767 1237/978/746 1245/1043/743
f 1248/1044/769 1247/1045/770 1246/1046/770
f 1249/1047/771 1248/1044/769 1246/1046/770
f 1250/1048/772 1248/1044/769 1249/1047/771
f 1249/1047/771 1251/1049/772 1250/1048/772
f 1254/1050/769 1252/1051/770 1253/1052/770
f 1255/1053/769 1252/1051/770 1254/1050/769
f 1256/1054/772 1255/1053/769 1254/1050/769
f 1257/1055/772 1255/1053/769 1256/1054/772
f 1258/1056/134 1259/1057/134 1260/1058/773
f 1260/1058/773 1259/1057/134 1261/1059/773
f 1258/1056/134 1262/1060/417 1259/1057/134
f 1263/1061/417 1262/1060/417 1258/1056/134
f 1267/1062/112 1265/1063/425 1266/1064/774
f 1268/1065/775 1264/1066/776 1265/1063/425
f 1265/1063/425 1267/1062/112 1268/1065/775
f 1264/1066/776 1268/1065/775 1269/1067/777
f 1268/1065/775 1270/1068/778 1269/1067/777
f 1267/1062/112 1271/1069/779 1268/1065/775
f 1270/1068/778 1268/1065/775 1271/1069/779
f 1271/1069/779 1267/1062/112 1272/1070/780
f 1273/1063/425 1274/1064/426 1275/1062/112
f 1278/1069/781 1275/1062/112 1279/1070/780
f 1277/1068/782 1280/1065/783 1278/1069/781
f 1275/1062/112 1278/1069/781 1280/1065/783
f 1280/1065/783 1277/1068/782 1281/1067/777
f 1275/1062/112 1280/1065/783 1273/1063/425
f 1280/1065/783 1281/1067/777 1276/1066/776
f 1273/1063/425 1280/1065/783 1276/1066/776
f 1282/1071/784 1283/1072/785 1284/1073/786
f 1283/1072/785 1282/1071/784 1285/1074/787
f 1282/1071/784 1286/1075/134 1285/1074/787
f 1286/1075/134 1282/1071/784 1287/1076/134
f 1287/1076/134 1288/1071/788 1289/1077/134
f 1290/1078/789 1289/1077/134 1288/1071/788
f 1288/1071/788 1291/1079/790 1290/1078/789
f 1291/1079/790 1288/1071/788 1292/1073/790
f 1293/1080/791 1294/1081/792 1295/1082/793
f 1295/1082/793 1294/1081/792 1296/1083/792
f 1294/1081/792 1293/1080/791 1297/1084/792
f 1297/1084/792 1293/1080/791 1298/1085/792
f 1299/1086/794 1293/1080/791 1295/1082/793
f 1293/1080/791 1299/1086/794 1300/1087/794
f 1299/1086/794 1301/1088/794 1300/1087/794
f 1301/1088/794 1299/1086/794 1302/1089/794
f 1301/1088/794 1302/1089/794 1303/1090/794
f 1304/1091/698 1305/1092/795 1306/1093/796
f 1305/1092/795 1304/1091/698 1307/1094/797
f 1307/1094/797 1308/1095/798 1305/1092/795
f 1308/1095/798 1307/1094/797 1309/1096/798
f 1310/1097/799 1311/1098/800 1312/1099/113
f 1311/1098/800 1310/1097/799 1313/1100/801
f 1314/1101/802 1313/1100/801 1310/1097/799
f 1313/1100/801 1314/1101/802 1315/1102/803
f 1315/1102/803 1316/1103/804 1313/1100/801
f 1313/1100/801 1317/1104/805 1311/1098/800
f 1317/1104/805 1313/1100/801 1318/1105/806
f 1313/1100/801 1316/1103/804 1318/1105/806
f 1318/1105/806 1319/1106/450 1317/1104/805
f 1319/1106/450 1318/1105/806 1320/1107/807
f 1318/1105/806 1321/1108/808 1320/1107/807
f 1321/1108/808 1318/1105/806 1316/1103/804
f 1328/1097/799 1326/1098/809 1327/1099/113
f 1326/1098/809 1328/1097/799 1329/1100/810
f 1326/1098/809 1329/1100/810 1325/1104/805
f 1322/1101/802 1329/1100/810 1328/1097/799
f 1325/1104/805 1330/1105/806 1324/1106/811
f 1329/1100/810 1330/1105/806 1325/1104/805
f 1330/1105/806 1331/1107/812 1324/1106/811
f 1330/1105/806 1323/1108/813 1331/1107/812
f 1329/1100/810 1322/1101/802 1332/1102/803
f 1329/1100/810 1333/1103/814 1330/1105/806
f 1323/1108/813 1330/1105/806 1333/1103/814
f 1333/1103/814 1329/1100/810 1332/1102/803
f 1335/1109/815 1336/1110/816 1334/1111/817
f 1336/1110/816 1335/1109/815 1337/1112/818
f 1337/1112/818 1338/1113/819 1336/1110/816
f 1338/1113/819 1337/1112/818 1339/1114/819
f 1346/1115/820 1344/1116/821 1341/1117/822
f 1345/1118/823 1344/1116/821 1346/1115/820
f 1347/1119/824 1346/1115/820 1341/1117/822
f 1340/1120/825 1346/1115/820 1347/1119/824
f 1348/1121/826 1343/1122/827 1345/1118/823
f 1346/1115/820 1348/1121/826 1345/1118/823
f 1343/1122/827 1348/1121/826 1349/1123/828
f 1348/1121/826 1342/1124/829 1349/1123/828
f 1346/1115/820 1340/1120/825 1350/1125/830
f 1348/1121/826 1346/1115/820 1350/1125/830
f 1351/1126/831 1342/1124/829 1348/1121/826
f 1350/1125/830 1351/1126/831 1348/1121/826
f 1356/1118/823 1358/1121/826 1353/1122/832
f 1357/1116/833 1358/1121/826 1356/1118/823
f 1358/1121/826 1359/1123/834 1353/1122/832
f 1358/1121/826 1352/1124/835 1359/1123/834
f 1355/1117/836 1360/1115/837 1357/1116/833
f 1360/1115/837 1358/1121/826 1357/1116/833
f 1360/1115/837 1355/1117/836 1361/1119/838
f 1354/1120/825 1360/1115/837 1361/1119/838
f 1352/1124/835 1358/1121/826 1362/1126/839
f 1360/1115/837 1362/1126/839 1358/1121/826
f 1360/1115/837 1354/1120/825 1363/1125/830
f 1363/1125/830 1362/1126/839 1360/1115/837
f 1364/1127/474 1365/1128/840 1366/1129/841
f 1367/1130/842 1366/1129/841 1365/1128/840
f 1365/1128/840 1364/1127/474 1368/1131/843
f 1365/1128/840 1369/1132/844 1367/1130/842
f 1369/1132/844 1370/1133/845 1367/1130/842
f 1368/1131/843 1371/1134/846 1365/1128/840
f 1369/1132/844 1365/1128/840 1371/1134/846
f 1372/1135/847 1370/1133/845 1369/1132/844
f 1373/1136/848 1372/1135/847 1369/1132/844
f 1371/1134/846 1373/1136/848 1369/1132/844
f 1374/1137/847 1372/1135/847 1373/1136/848
f 1371/1134/846 1368/1131/843 1375/1138/849
f 1376/1139/850 1371/1134/846 1375/1138/849
f 1373/1136/848 1371/1134/846 1377/1140/851
f 1376/1139/850 1377/1140/851 1371/1134/846
f 1377/1140/851 1376/1139/850 1378/1141/852
f 1377/1140/851 1378/1141/852 1379/1142/853
f 1380/1143/854 1377/1140/851 1379/1142/853
f 1377/1140/851 1380/1143/854 1381/1144/855
f 1382/1145/856 1377/1140/851 1381/1144/855
f 1382/1145/856 1373/1136/848 1377/1140/851
f 1383/1146/857 1382/1145/856 1381/1144/855
f 1373/1136/848 1382/1145/856 1384/1147/858
f 1382/1145/856 1383/1146/857 1385/1148/859
f 1385/1148/859 1384/1147/858 1382/1145/856
f 1386/1149/860 1385/1148/859 1383/1146/857
f 1384/1147/858 1374/1137/847 1373/1136/848
f 1385/1148/859 1386/1149/860 1387/1150/861
f 1388/1151/862 1387/1150/861 1386/1149/860
f 1385/1148/859 1389/1152/863 1384/1147/858
f 1387/1150/861 1389/1152/863 1385/1148/859
f 1374/1137/847 1384/1147/858 1390/1153/864
f 1388/1151/862 1391/1154/865 1387/1150/861
f 1392/1155/866 1391/1154/865 1388/1151/862
f 1387/1150/861 1393/1156/867 1389/1152/863
f 1391/1154/865 1393/1156/867 1387/1150/861
f 1384/1147/858 1389/1152/863 1394/1157/868
f 1394/1157/868 1390/1153/864 1384/1147/858
f 1393/1156/867 1395/1158/864 1389/1152/863
f 1394/1157/868 1389/1152/863 1395/1158/864
f 1392/1155/866 1396/1159/869 1391/1154/865
f 1397/1113/870 1396/1159/869 1392/1155/866
f 1391/1154/865 1398/1160/867 1393/1156/867
f 1396/1159/869 1398/1160/867 1391/1154/865
f 1397/1113/870 1399/1161/871 1396/1159/869
f 1398/1160/867 1400/1162/864 1393/1156/867
f 1400/1162/864 1395/1158/864 1393/1156/867
f 1401/1114/872 1399/1161/871 1397/1113/870
f 1398/1160/867 1396/1159/869 1402/1163/867
f 1399/1161/871 1402/1163/867 1396/1159/869
f 1400/1162/864 1398/1160/867 1403/1164/873
f 1402/1163/867 1403/1164/873 1398/1160/867
f 1401/1114/872 1404/1165/874 1399/1161/871
f 1405/1166/875 1404/1165/874 1401/1114/872
f 1402/1163/867 1399/1161/871 1406/1167/876
f 1404/1165/874 1406/1167/876 1399/1161/871
f 1403/1164/873 1402/1163/867 1407/1168/847
f 1406/1167/876 1407/1168/847 1402/1163/867
f 1407/1168/847 1406/1167/876 1408/1169/877
f 1409/1170/878 1408/1169/877 1406/1167/876
f 1406/1167/876 1404/1165/874 1409/1170/878
f 1409/1170/878 1410/1171/879 1408/1169/877
f 1410/1171/879 1409/1170/878 1411/1172/880
f 1412/1173/881 1409/1170/878 1404/1165/874
f 1409/1170/878 1412/1173/881 1411/1172/880
f 1405/1166/875 1412/1173/881 1404/1165/874
f 1412/1173/881 1405/1166/875 1413/1174/882
f 1414/1175/883 1412/1173/881 1413/1174/882
f 1415/1176/884 1412/1173/881 1414/1175/883
f 1412/1173/881 1415/1176/884 1416/1177/885
f 1411/1172/880 1412/1173/881 1417/1178/886
f 1417/1178/886 1412/1173/881 1416/1177/885
f 1411/1172/880 1418/1179/887 1410/1171/879
f 1418/1179/887 1411/1172/880 1419/1180/888
f 1419/1180/888 1411/1172/880 1417/1178/886
f 1419/1180/888 1420/1181/889 1418/1179/887
f 1417/1178/886 1421/1182/890 1419/1180/888
f 1420/1181/889 1419/1180/888 1421/1182/890
f 1421/1182/890 1417/1178/886 1422/1183/891
f 1422/1183/891 1417/1178/886 1423/1184/892
f 1417/1178/886 1416/1177/885 1423/1184/892
f 1424/1185/893 1425/1186/894 1426/1187/895
f 1426/1187/895 1427/1188/825 1424/1185/893
f 1427/1188/825 1426/1187/895 1428/1189/824
f 1426/1187/895 1429/1190/822 1428/1189/824
f 1426/1187/895 1425/1186/894 1430/1191/896
f 1431/1192/897 1430/1191/896 1425/1186/894
f 1430/1191/896 1431/1192/897 1432/1193/898
f 1430/1191/896 1432/1193/898 1433/1194/899
f 1434/1195/900 1430/1191/896 1433/1194/899
f 1435/1196/901 1430/1191/896 1434/1195/900
f 1429/1190/822 1426/1187/895 1435/1196/901
f 1426/1187/895 1430/1191/896 1435/1196/901
f 1436/1197/902 1437/1198/902 1438/1199/902
f 1438/1199/902 1437/1198/902 1439/1200/903
f 1440/1201/904 1442/1202/905 1441/1203/906
f 1367/1130/842 1441/1203/906 1442/1202/905
f 1441/1203/906 1367/1130/842 1370/1133/845
f 1366/1129/841 1367/1130/842 1442/1202/905
f 1442/1202/905 1440/1201/904 1443/1204/907
f 1442/1202/905 1443/1204/907 1366/1129/841
f 1440/1201/904 1444/1205/908 1443/1204/907
f 1366/1129/841 1443/1204/907 1445/1206/909
f 1443/1204/907 1444/1205/908 1445/1206/909
f 1446/1207/910 1366/1129/841 1445/1206/909
f 1445/1206/909 1444/1205/908 1447/1208/516
f 1445/1206/909 1447/1208/516 1446/1207/910
f 1449/1209/911 1447/1208/516 1444/1205/908
f 1447/1208/516 1449/1209/911 1450/1210/710
f 1451/1211/912 1450/1210/913 1452/1212/914
f 1453/1213/915 1450/1210/710 1449/1209/911
f 1449/1209/911 1448/1214/916 1454/1215/705
f 1450/1210/710 1453/1213/915 1455/1216/917
f 1462/1187/918 1460/1196/919 1457/1190/920
f 1461/1195/900 1460/1196/919 1462/1187/918
f 1463/1189/824 1462/1187/918 1457/1190/920
f 1456/1188/921 1462/1187/918 1463/1189/824
f 1464/1191/896 1459/1194/922 1461/1195/900
f 1462/1187/918 1464/1191/896 1461/1195/900
f 1459/1194/922 1464/1191/896 1465/1193/923
f 1464/1191/896 1458/1192/897 1465/1193/923
f 1462/1187/918 1456/1188/921 1466/1185/893
f 1464/1191/896 1462/1187/918 1466/1185/893
f 1467/1186/924 1458/1192/897 1464/1191/896
f 1466/1185/893 1467/1186/924 1464/1191/896
f 1366/1129/841 1446/1207/910 1364/1127/474
f 1470/1217/925 1468/1218/926 1469/1219/927
f 1470/1217/925 1469/1219/927 1471/1220/928
f 1471/1220/928 1472/1221/929 1470/1217/925
f 1473/1222/930 1470/1217/925 1472/1221/929
f 1477/1217/931 1475/1223/932 1476/1224/933
f 1475/1223/932 1477/1217/931 1478/1222/934
f 1479/1225/935 1477/1217/931 1476/1224/933
f 1477/1217/931 1479/1225/935 1480/1218/936
f 1479/1225/935 1474/1226/937 1480/1218/936
f 1480/1218/936 1474/1226/937 1481/1227/938
f 1482/1228/773 1483/1229/134 1484/1056/134
f 1484/1056/134 1483/1229/134 1485/1230/417
f 1483/1229/134 1482/1228/773 1486/1231/773
f 1485/1230/417 1483/1229/134 1487/1232/417
f 1488/1233/939 1489/1234/940 1490/1235/941
f 1490/1235/941 1489/1234/940 1491/1236/942
f 1488/1233/939 1492/1237/943 1489/1234/940
f 1492/1237/943 1488/1233/939 1493/1238/944
f 1488/1233/939 1494/1239/773 1493/1238/944
f 1494/1239/773 1488/1233/939 1495/1240/945
f 1490/1235/941 1495/1240/945 1488/1233/939
f 1495/1240/945 1490/1235/941 1496/1241/946
f 1498/1242/947 1499/1243/948 1497/1244/949
f 1500/1245/950 1499/1243/948 1498/1242/947
f 1501/1246/951 1500/1245/950 1498/1242/947
f 1500/1245/950 1501/1246/951 1502/1247/952
f 1503/1248/953 1502/1247/952 1501/1246/951
f 1503/1248/953 1504/1249/954 1502/1247/952
f 1505/1250/625 1504/1249/954 1503/1248/953
f 1505/1250/625 1506/1251/955 1504/1249/954
f 1506/1251/955 1505/1250/625 1507/1252/615
f 1507/1252/615 1508/1253/956 1506/1251/955
f 1508/1253/956 1507/1252/615 1509/1254/957
f 1509/1254/957 1510/1255/958 1508/1253/956
f 1510/1255/958 1509/1254/957 1511/1256/959
f 1510/1255/958 1511/1256/959 1512/1257/960
f 1513/1248/961 1514/1247/952 1515/1246/951
f 1514/1247/952 1513/1248/961 1516/1249/962
f 1517/1245/950 1515/1246/951 1514/1247/952
f 1518/1250/625 1516/1249/962 1513/1248/961
f 1516/1249/962 1518/1250/625 1519/1251/963
f 1515/1246/951 1517/1245/950 1520/1242/947
f 1521/1243/964 1520/1242/947 1517/1245/950
f 1520/1242/947 1521/1243/964 1522/1244/949
f 1523/1252/615 1519/1251/963 1518/1250/625
f 1519/1251/963 1523/1252/615 1524/1253/956
f 1525/1254/631 1524/1253/956 1523/1252/615
f 1524/1253/956 1525/1254/631 1526/1255/965
f 1527/1256/966 1526/1255/965 1525/1254/631
f 1526/1255/965 1527/1256/966 1528/1257/967
f 1529/1258/968 1530/1259/744 1531/1260/969
f 1530/1259/744 1529/1258/968 1532/1261/970
f 1531/1260/969 1534/1262/971 1529/1258/968
f 1534/1262/971 1531/1260/969 1533/1263/638
f 1535/1261/970 1536/1259/767 1537/1258/972
f 1537/1258/972 1536/1259/767 1539/1260/973
f 1537/1258/972 1539/1260/973 1538/1262/971
f 1538/1262/971 1539/1260/973 1540/1263/638
f 1541/1095/974 1542/1264/975 1543/1265/976
f 1543/1265/976 1544/1096/976 1541/1095/974
f 1545/1266/977 1546/1267/744 1547/1268/973
f 1549/1269/634 1547/1268/973 1548/1270/638
f 1547/1268/973 1549/1269/634 1545/1266/977
f 1546/1267/744 1545/1266/977 1550/1271/970
f 1554/1269/634 1555/1268/973 1553/1270/638
f 1556/1266/977 1555/1268/973 1554/1269/634
f 1556/1266/977 1552/1267/744 1555/1268/973
f 1551/1271/970 1552/1267/744 1556/1266/977
f 1557/1272/978 1558/1273/979 1559/1274/980
f 1560/1275/981 1558/1273/979 1557/1272/978
f 1559/1274/980 1558/1273/979 1561/1276/980
f 1558/1273/979 1560/1275/981 1562/1277/981
f 1563/1274/980 1567/1273/978 1565/1276/980
f 1564/1275/981 1566/1277/981 1567/1273/978
f 1567/1273/978 1563/1274/980 1568/1272/978
f 1567/1273/978 1568/1272/978 1564/1275/981
f 1569/1278/982 1571/1097/983 1570/1099/984
f 1569/1278/982 1572/1279/985 1571/1097/983
f 1573/1280/986 1571/1097/983 1572/1279/985
f 1571/1097/983 1573/1280/986 1574/1101/987
f 1575/1278/982 1577/1097/983 1576/1099/984
f 1577/1097/983 1575/1278/982 1578/1279/985
f 1579/1280/986 1577/1097/983 1578/1279/985
f 1577/1097/983 1579/1280/986 1580/1101/988
f 1581/1281/978 1582/1282/989 1583/1283/980
f 1584/1284/981 1582/1282/989 1581/1281/978
f 1583/1283/980 1582/1282/989 1585/1285/980
f 1582/1282/989 1584/1284/981 1586/1286/981
f 1587/1283/980 1591/1282/979 1589/1285/980
f 1588/1284/981 1590/1286/981 1591/1282/979
f 1591/1282/979 1587/1283/980 1592/1281/989
f 1591/1282/979 1592/1281/989 1588/1284/981
f 1595/1287/990 1594/1288/991 1593/1289/992
f 1593/1289/992 1596/1290/993 1595/1287/990
f 1597/1291/994 1595/1287/990 1596/1290/993
f 1595/1287/990 1597/1291/994 1598/1292/995
f 1599/1287/996 1600/1289/992 1601/1290/993
f 1600/1289/992 1599/1287/996 1602/1288/997
f 1603/1291/994 1599/1287/996 1601/1290/993
f 1599/1287/996 1603/1291/994 1604/1292/995
f 1605/1082/791 1606/1086/998 1607/1080/791
f 1606/1086/998 1608/1087/794 1607/1080/791
f 1608/1087/794 1606/1086/998 1609/1088/794
f 1610/1089/794 1609/1088/794 1606/1086/998
f 1609/1088/794 1610/1089/794 1611/1090/794
f 1607/1080/791 1612/1081/792 1605/1082/791
f 1605/1082/791 1612/1081/792 1613/1083/792
f 1612/1081/792 1607/1080/791 1614/1084/792
f 1614/1084/792 1607/1080/791 1615/1085/792
f 1616/475/773 1617/474/773 1618/473/999
f 1618/473/999 1617/474/773 1619/471/999
f 1620/472/172 1618/473/999 1619/471/999
f 1618/473/999 1620/472/172 1621/470/172
f 1626/1293/1000 1624/1294/1001 1625/1295/1002
f 1627/1296/1003 1623/1297/1004 1624/1294/1001
f 1624/1294/1001 1626/1293/1000 1627/1296/1003
f 1623/1297/1004 1627/1296/1003 1628/1298/1005
f 1627/1296/1003 1622/1299/1006 1628/1298/1005
f 1626/1293/1000 1629/1300/1007 1627/1296/1003
f 1629/1300/1007 1622/1299/1006 1627/1296/1003
f 1630/1301/1008 1629/1300/1007 1626/1293/1000
f 1632/1302/1007 1634/1303/1000 1633/1304/182
f 1631/1305/180 1635/1306/1003 1632/1302/1007
f 1634/1303/1000 1632/1302/1007 1635/1306/1003
f 1635/1306/1003 1631/1305/180 1636/1307/1009
f 1635/1306/1003 1636/1307/1009 1637/1308/1010
f 1634/1303/1000 1635/1306/1003 1638/1309/1001
f 1638/1309/1001 1635/1306/1003 1637/1308/1010
f 1638/1309/1001 1639/1310/1002 1634/1303/1000
f 1640/1311/1011 1642/1312/1012 1641/1313/1013
f 1642/1312/1012 1640/1311/1011 1643/1314/155
f 1642/1312/1012 1644/1315/1014 1641/1313/1013
f 1645/1316/1015 1642/1312/1012 1643/1314/155
f 1647/1317/1016 1646/1318/1017 1644/1315/1014
f 1644/1315/1014 1642/1312/1012 1647/1317/1016
f 1646/1318/1017 1647/1317/1016 1648/1319/1018
f 1647/1317/1016 1649/1320/1019 1648/1319/1018
f 1650/1321/1020 1649/1320/1019 1647/1317/1016
f 1642/1312/1012 1650/1321/1020 1647/1317/1016
f 1650/1321/1020 1642/1312/1012 1651/1322/1021
f 1642/1312/1012 1645/1316/1015 1651/1322/1021
f 1654/1323/1012 1652/1324/1015 1653/1325/1021
f 1652/1324/1015 1654/1323/1012 1655/1326/155
f 1656/1327/1022 1654/1323/1012 1653/1325/1021
f 1655/1326/155 1654/1323/1012 1657/1328/1011
f 1658/1329/1023 1659/1330/1016 1656/1327/1022
f 1654/1323/1012 1656/1327/1022 1659/1330/1016
f 1659/1330/1016 1658/1329/1023 1660/1331/1018
f 1659/1330/1016 1660/1331/1018 1661/1332/1024
f 1657/1328/1011 1654/1323/1012 1662/1333/1013
f 1662/1333/1013 1654/1323/1012 1663/1334/1014
f 1663/1334/1014 1659/1330/1016 1661/1332/1024
f 1654/1323/1012 1659/1330/1016 1663/1334/1014
f 1665/559/1025 1664/558/1026 1666/549/1027
f 1668/555/1028 1667/557/1029 1665/559/1025
f 1666/549/1027 1668/555/1028 1665/559/1025
f 1667/557/1029 1668/555/1028 1669/556/1030
f 1669/556/1030 1668/555/1028 1670/554/1031
f 1664/558/1026 1671/552/1032 1666/549/1027
f 1666/549/1027 1671/552/1032 1672/551/1033
f 1673/550/1034 1666/549/1027 1672/551/1033
f 1668/555/1028 1674/553/1035 1670/554/1031
f 1675/548/1036 1674/553/1035 1668/555/1028
f 1666/549/1027 1673/550/1034 1675/548/1036
f 1668/555/1028 1666/549/1027 1675/548/1036
f 1676/542/1037 1677/545/1032 1678/544/1038
f 1676/542/1037 1678/544/1038 1679/543/1039
f 1677/545/1032 1676/542/1037 1680/547/1040
f 1681/536/1041 1680/547/1040 1676/542/1037
f 1682/546/1042 1680/547/1040 1681/536/1041
f 1681/536/1041 1683/540/1043 1682/546/1042
f 1683/540/1043 1681/536/1041 1684/539/1030
f 1681/536/1041 1685/538/1031 1684/539/1030
f 1686/541/1036 1676/542/1037 1679/543/1039
f 1687/537/1044 1676/542/1037 1686/541/1036
f 1685/538/1031 1681/536/1041 1687/537/1044
f 1681/536/1041 1676/542/1037 1687/537/1044
f 1690/1335/252 1688/1336/1045 1689/1337/847
f 1691/1338/847 1690/1335/252 1689/1337/847
f 1698/1339/252 1695/1340/847 1696/1341/847
f 1697/1342/847 1698/1339/252 1696/1341/847
f 1699/1343/252 1694/1344/847 1695/1340/847
f 1695/1340/847 1698/1339/252 1699/1343/252
f 1694/1344/847 1699/1343/252 1700/1345/252
f 1694/1344/847 1700/1345/252 1701/1346/252
f 1694/1344/847 1701/1346/252 1693/1347/847
f 1693/1347/847 1701/1346/252 1702/1348/252
f 1693/1347/847 1702/1348/252 1692/1349/847
f 1702/1348/252 1691/1338/847 1692/1349/847
f 1691/1338/847 1702/1348/252 1703/1350/252
f 1691/1338/847 1703/1350/252 1690/1335/252
f 1697/1342/847 1704/1351/252 1698/1339/252
f 1705/1352/1046 1704/1351/252 1697/1342/847
f 1705/1352/1046 1706/1353/1047 1704/1351/252
f 1707/1354/1048 1706/1353/1047 1705/1352/1046
f 1707/1354/1048 1708/1355/1049 1706/1353/1047
f 1707/1354/1048 1709/1356/1050 1708/1355/1049
f 1709/1356/1050 1707/1354/1048 1710/1357/887
f 1710/1357/887 1711/1358/286 1709/1356/1050
f 1711/1358/286 1710/1357/887 1712/1359/889
f 1713/617/1044 1715/622/1051 1714/621/1052
f 1716/618/1053 1717/616/1041 1713/617/1044
f 1717/616/1041 1715/622/1051 1713/617/1044
f 1717/616/1041 1716/618/1053 1718/619/1030
f 1719/620/1043 1717/616/1041 1718/619/1030
f 1714/621/1052 1715/622/1051 1720/623/1054
f 1715/622/1051 1721/624/1055 1720/623/1054
f 1715/622/1051 1722/625/1056 1721/624/1055
f 1722/625/1056 1715/622/1051 1723/627/1057
f 1717/616/1041 1723/627/1057 1715/622/1051
f 1724/626/1042 1723/627/1057 1717/616/1041
f 1717/616/1041 1719/620/1043 1724/626/1042
f 1725/1360/330 1726/1361/904 1727/1362/906
f 1688/1336/1045 1725/1360/330 1727/1362/906
f 1728/1363/908 1726/1361/904 1729/1364/916
f 1729/1364/916 1730/631/911 1728/1363/908
f 1726/1361/904 1731/1365/319 1729/1364/916
f 1729/1364/916 1733/1366/321 1732/1367/1058
f 1733/1366/321 1729/1364/916 1731/1365/319
f 1732/1367/1058 1735/629/712 1734/628/708
f 1733/1366/321 1735/629/712 1732/1367/1058
f 1736/1368/1059 1737/1369/1060 1738/1370/1061
f 1739/1371/159 1736/1368/1059 1738/1370/1061
f 1736/1368/1059 1739/1371/159 1740/1372/159
f 1741/744/1062 1742/1373/1063 1743/1374/1064
f 1744/1375/999 1741/744/1062 1743/1374/1064
f 1742/1373/1063 1741/744/1062 1745/748/1065
f 1745/748/1065 1746/1376/1051 1742/1373/1063
f 1747/757/999 1741/744/1062 1744/1375/999
f 1748/1377/1066 1747/757/999 1744/1375/999
f 1741/744/1062 1749/1378/1067 1745/748/1065
f 1750/1379/1064 1749/1378/1067 1741/744/1062
f 1741/744/1062 1751/1380/999 1750/1379/1064
f 1751/1380/999 1741/744/1062 1747/757/999
f 1749/1378/1067 1752/1381/1051 1745/748/1065
f 1747/757/999 1753/1382/1068 1751/1380/999
f 1754/760/1069 1747/757/999 1748/1377/1066
f 1753/1382/1068 1747/757/999 1754/760/1069
f 1754/760/1069 1748/1377/1066 1755/1383/1070
f 1754/760/1069 1756/1384/1070 1753/1382/1068
f 1745/748/1065 1752/1381/1051 1757/750/1071
f 1746/1376/1051 1745/748/1065 1757/750/1071
f 1758/749/1072 1757/750/1071 1752/1381/1051
f 1757/750/1071 1759/752/1072 1746/1376/1051
f 1757/750/1071 1758/749/1072 1760/751/1072
f 1759/752/1072 1757/750/1071 1760/751/1072
f 1756/1384/1070 1754/760/1069 1761/763/1073
f 1755/1383/1070 1761/763/1073 1754/760/1069
f 1761/763/1073 1762/1385/1074 1756/1384/1070
f 1761/763/1073 1755/1383/1070 1763/1386/1074
f 1762/1385/1074 1761/763/1073 1764/765/1075
f 1764/765/1075 1761/763/1073 1763/1386/1074
f 1765/719/1062 1766/1387/1067 1767/723/1063
f 1766/1387/1067 1765/719/1062 1768/1388/1064
f 1769/1389/1051 1767/723/1063 1766/1387/1067
f 1765/719/1062 1770/1390/999 1768/1388/1064
f 1767/723/1063 1769/1389/1051 1771/725/1076
f 1772/728/1072 1771/725/1076 1769/1389/1051
f 1771/725/1076 1772/728/1072 1773/727/1072
f 1771/725/1076 1773/727/1072 1774/726/1072
f 1774/726/1072 1775/1391/1051 1771/725/1076
f 1767/723/1063 1771/725/1076 1775/1391/1051
f 1775/1391/1051 1776/1392/1063 1767/723/1063
f 1776/1392/1063 1765/719/1062 1767/723/1063
f 1765/719/1062 1776/1392/1063 1777/1393/1064
f 1778/1394/999 1765/719/1062 1777/1393/1064
f 1765/719/1062 1778/1394/999 1779/733/999
f 1770/1390/999 1765/719/1062 1779/733/999
f 1780/1395/1077 1779/733/999 1778/1394/999
f 1779/733/999 1781/1396/1078 1770/1390/999
f 1779/733/999 1780/1395/1077 1782/735/1069
f 1781/1396/1078 1779/733/999 1782/735/1069
f 1783/1397/1070 1782/735/1069 1780/1395/1077
f 1782/735/1069 1784/1398/1070 1781/1396/1078
f 1782/735/1069 1783/1397/1070 1785/739/1073
f 1784/1398/1070 1782/735/1069 1785/739/1073
f 1786/1399/1074 1785/739/1073 1783/1397/1070
f 1785/739/1073 1787/1400/1074 1784/1398/1070
f 1785/739/1073 1786/1399/1074 1788/741/1075
f 1787/1400/1074 1785/739/1073 1788/741/1075
f 1790/609/1079 1789/608/1057 1791/599/1051
f 1793/605/1080 1792/607/1081 1790/609/1079
f 1791/599/1051 1793/605/1080 1790/609/1079
f 1792/607/1081 1793/605/1080 1794/606/1030
f 1794/606/1030 1793/605/1080 1795/604/1082
f 1789/608/1057 1796/603/298 1791/599/1051
f 1791/599/1051 1796/603/298 1797/602/1055
f 1798/600/1083 1791/599/1051 1797/602/1055
f 1793/605/1080 1799/601/1044 1795/604/1082
f 1800/598/1052 1799/601/1044 1793/605/1080
f 1791/599/1051 1798/600/1083 1800/598/1052
f 1793/605/1080 1791/599/1051 1800/598/1052
f 1802/1401/1084 1801/613/1085 1731/1365/319
f 1803/1402/327 1802/1401/1084 1731/1365/319
f 1731/1365/319 1726/1361/904 1803/1402/327
f 1726/1361/904 1725/1360/330 1803/1402/327
f 1725/1360/330 1688/1336/1045 1804/1403/1086
f 1688/1336/1045 1690/1335/252 1804/1403/1086
f 1805/1404/1087 1806/1405/1088 1807/1406/1089
f 1805/1404/1087 1808/1407/1090 1806/1405/1088
f 1805/1404/1087 1807/1406/1089 1809/1408/1091
f 1810/1409/1092 1805/1404/1087 1809/1408/1091
f 1808/1407/1090 1805/1404/1087 1811/1410/1093
f 1805/1404/1087 1810/1409/1092 1812/1411/1094
f 1812/1411/1094 1811/1410/1093 1805/1404/1087
f 1811/1410/1093 1812/1411/1094 1813/1412/1095
f 1814/1413/1096 1815/1414/932 1816/1415/1097
f 1814/1413/1096 1817/1416/1098 1815/1414/932
f 1817/1416/1098 1814/1413/1096 1818/1417/1099
f 1816/1415/1097 1819/1418/1100 1814/1413/1096
f 1816/1415/1097 1820/1419/721 1819/1418/1100
f 1820/1419/721 1816/1415/1097 1821/1420/1101
f 1821/1420/1101 1822/1421/723 1820/1419/721
f 1822/1421/723 1821/1420/1101 1823/1422/1102
f 1823/1422/1102 1824/1423/1103 1822/1421/723
f 1824/1423/1103 1823/1422/1102 1825/1424/1104
f 1827/1425/1105 1824/1423/1103 1825/1424/1104
f 1824/1423/1103 1827/1425/1105 1826/1426/726
f 1828/1427/1106 1826/1426/726 1827/1425/1105
f 1826/1426/726 1828/1427/1106 1829/1428/1107
f 1830/1429/731 1831/1430/1108 1832/1431/1109
f 1833/1432/341 1830/1429/731 1832/1431/1109
f 1830/1429/731 1833/1432/341 1834/1433/1110
f 1831/1430/1108 1830/1429/731 1835/1434/1111
f 1836/1435/735 1831/1430/1108 1835/1434/1111
f 1831/1430/1108 1836/1435/735 1837/1436/1112
f 1838/1437/1113 1837/1436/1112 1836/1435/735
f 1837/1436/1112 1838/1437/1113 1839/1438/1114
f 1840/1439/1115 1839/1438/1114 1838/1437/1113
f 1839/1438/1114 1840/1439/1115 1841/1440/1116
f 1840/1439/1115 1843/1441/1117 1841/1440/1116
f 1843/1441/1117 1840/1439/1115 1842/1442/739
f 1842/1442/739 1844/1443/1118 1843/1441/1117
f 1844/1443/1118 1842/1442/739 1845/1444/1119
f 1848/473/999 1847/711/773 1846/712/773
f 1847/711/773 1848/473/999 1849/710/999
f 1850/708/172 1849/710/999 1848/473/999
f 1849/710/999 1850/708/172 1851/709/172
f 1852/1445/1120 1853/1446/1120 1854/1447/1121
f 1854/1447/1121 1855/1448/1120 1852/1445/1120
f 1854/1447/1121 1856/1449/1120 1855/1448/1120
f 1854/1447/1121 1857/1450/1122 1856/1449/1120
f 1858/1451/1123 1859/1452/1123 1860/1453/1124
f 1859/1452/1123 1858/1451/1123 1861/1454/1125
f 1862/1455/1126 1858/1451/1123 1860/1453/1124
f 1863/1456/1126 1858/1451/1123 1862/1455/1126
f 1866/773/1127 1865/774/1128 1864/775/744
f 1865/774/1128 1866/773/1127 1868/776/1129
f 1868/776/1129 1867/777/1130 1865/774/1128
f 1867/777/1130 1868/776/1129 1869/778/1131
f 1872/767/1128 1871/768/1132 1870/769/1133
f 1871/768/1132 1872/767/1128 1873/770/1129
f 1873/770/1129 1875/771/744 1874/772/970
f 1875/771/744 1873/770/1129 1872/767/1128
f 1878/795/380 1880/794/1129 1879/796/1131
f 1880/794/1129 1878/795/380 1881/792/1134
f 1881/792/1134 1877/791/1127 1880/794/1129
f 1877/791/1127 1881/792/1134 1876/793/744
f 1883/786/1131 1886/785/1134 1884/788/1129
f 1886/785/1134 1883/786/1131 1882/787/380
f 1887/789/744 1884/788/1129 1886/785/1134
f 1884/788/1129 1887/789/744 1885/790/970
f 1890/805/1135 1888/803/1136 1889/804/1136
f 1888/803/1136 1890/805/1135 1891/806/1135
f 1891/806/1135 1890/805/1135 1892/807/1137
f 1892/807/1137 1890/805/1135 1893/808/1137
f 1894/797/1137 1896/798/1138 1895/799/1137
f 1896/798/1138 1894/797/1137 1897/800/1139
f 1896/798/1138 1897/800/1139 1898/801/1136
f 1898/801/1136 1899/802/1136 1896/798/1138
f 1900/1457/1140 1902/1314/1141 1901/1311/1142
f 1900/1457/1140 1903/1458/1143 1902/1314/1141
f 1904/1459/401 1902/1314/1141 1903/1458/1143
f 1902/1314/1141 1904/1459/401 1905/1316/1144
f 1906/1460/986 1908/1326/1145 1907/1328/1142
f 1908/1326/1145 1906/1460/986 1909/1461/1143
f 1910/1462/401 1908/1326/1145 1909/1461/1143
f 1908/1326/1145 1910/1462/401 1911/1324/1144
f 1914/823/1146 1912/821/1136 1913/822/1136
f 1912/821/1136 1914/823/1146 1915/824/1147
f 1915/824/1147 1914/823/1146 1916/825/1137
f 1916/825/1137 1914/823/1146 1917/826/1137
f 1918/815/1137 1920/816/1148 1919/817/1137
f 1920/816/1148 1918/815/1137 1921/818/1147
f 1920/816/1148 1921/818/1147 1922/819/1136
f 1922/819/1136 1923/820/1136 1920/816/1148
f 1926/1463/1149 1924/1464/411 1925/1465/412
f 1924/1464/411 1926/1463/1149 1927/1466/1150
f 1927/1466/1150 1926/1463/1149 1928/1467/1151
f 1926/1463/1149 1929/1468/995 1928/1467/1151
f 1930/1469/994 1932/1470/1152 1931/1471/995
f 1932/1470/1152 1930/1469/994 1933/1472/1150
f 1934/1473/1153 1932/1470/1152 1933/1472/1150
f 1932/1470/1152 1934/1473/1153 1935/1474/412
f 1936/1475/1154 1938/1476/1155 1937/1477/1156
f 1938/1476/1155 1936/1475/1154 1939/1478/1087
f 1939/1478/1087 1940/1479/1016 1938/1476/1155
f 1940/1479/1016 1939/1478/1087 1941/1480/1157
f 1944/1481/1087 1942/1482/1156 1943/1483/1158
f 1942/1482/1156 1944/1481/1087 1945/1484/1087
f 1944/1481/1087 1946/1485/1016 1945/1484/1087
f 1946/1485/1016 1944/1481/1087 1947/1486/1016
f 1948/1487/1159 1949/1488/1159 1950/1489/1159
f 1949/1488/1159 1948/1487/1159 1951/1490/1159
f 1950/1489/1159 1952/1491/1159 1948/1487/1159
f 1953/1492/1159 1949/1488/1159 1951/1490/1159
f 1950/1489/1159 1954/1493/1159 1952/1491/1159
f 1951/1490/1159 1955/1494/1159 1953/1492/1159
f 1954/1493/1159 1956/1495/1159 1952/1491/1159
f 1957/1496/1159 1953/1492/1159 1955/1494/1159
f 1956/1495/1159 1954/1493/1159 1958/1497/1159
f 1953/1492/1159 1957/1496/1159 1959/1498/1159
f 1960/1499/1159 1956/1495/1159 1958/1497/1159
f 1961/1500/1159 1959/1498/1159 1957/1496/1159
f 1956/1495/1159 1960/1499/1159 1962/1501/1159
f 1959/1498/1159 1961/1500/1159 1963/1502/1159
f 1963/1502/1159 1962/1501/1159 1960/1499/1159
f 1962/1501/1159 1963/1502/1159 1961/1500/1159
f 1964/1500/1159 1965/1491/1159 1966/1501/1159
f 1966/1501/1159 1965/1491/1159 1967/1495/1159
f 1964/1500/1159 1968/1487/1159 1965/1491/1159
f 1968/1487/1159 1964/1500/1159 1969/1490/1159
f 1969/1490/1159 1964/1500/1159 1970/1494/1159
f 1970/1494/1159 1964/1500/1159 1971/1496/1159
f 1972/1503/1159 1973/1504/1159 1974/1505/1159
f 1975/1506/1159 1973/1504/1159 1972/1503/1159
f 1973/1504/1159 1975/1506/1159 1976/1507/1159
f 1973/1504/1159 1976/1507/1159 1977/1508/1159
f 1979/1509/1160 1982/1510/1161 1978/1511/1162
f 1982/1510/1161 1981/1512/1163 1978/1511/1162
f 1983/1513/1164 1979/1509/1160 1980/1514/1165
f 1982/1510/1161 1979/1509/1160 1983/1513/1164
f 1981/1512/1163 1982/1510/1161 1984/1515/1166
f 1983/1513/1164 1985/1516/1159 1982/1510/1161
f 1982/1510/1161 1985/1516/1159 1984/1515/1166
f 1980/1514/1165 1986/1517/1167 1983/1513/1164
f 1986/1517/1167 1985/1516/1159 1983/1513/1164
f 1987/1518/1168 1986/1517/1167 1980/1514/1165
f 1986/1517/1167 1987/1518/1168 1988/1519/1169
f 1986/1517/1167 1988/1519/1169 1985/1516/1159
f 1989/1520/1170 1988/1519/1169 1987/1518/1168
f 1988/1519/1169 1990/1521/1171 1985/1516/1159
f 1988/1519/1169 1989/1520/1170 1990/1521/1171
f 1991/1522/1172 1985/1516/1159 1990/1521/1171
f 1993/1523/1173 1985/1516/1159 1991/1522/1172
f 1984/1515/1166 1985/1516/1159 1993/1523/1173
f 1992/1524/291 1993/1523/1173 1991/1522/1172
f 1994/1525/1174 1984/1515/1166 1993/1523/1173
f 1992/1524/291 1994/1525/1174 1993/1523/1173
f 1984/1515/1166 1994/1525/1174 1981/1512/1163
f 1995/1526/1159 1996/1527/1159 1997/1528/1159
f 1995/1526/1159 1997/1528/1159 1998/1529/1159
f 1996/1527/1159 1999/1530/1159 1997/1528/1159
f 1998/1529/1159 2000/1531/1159 1995/1526/1159
f 1996/1527/1159 2001/1532/1159 1999/1530/1159
f 2000/1531/1159 1998/1529/1159 2002/1533/1159
f 2003/1534/1159 1999/1530/1159 2001/1532/1159
f 2004/1535/1159 2000/1531/1159 2002/1533/1159
f 1999/1530/1159 2003/1534/1159 2005/1536/1159
f 2002/1533/1159 2006/1537/1159 2004/1535/1159
f 2007/1538/1159 2005/1536/1159 2003/1534/1159
f 2008/1539/1159 2004/1535/1159 2006/1537/1159
f 2005/1536/1159 2007/1538/1159 2009/1540/1159
f 2004/1535/1159 2008/1539/1159 2010/1541/1159
f 2010/1541/1159 2009/1540/1159 2007/1538/1159
f 2009/1540/1159 2010/1541/1159 2008/1539/1159
f 2011/1542/1159 2012/1543/1159 2013/1544/1159
f 2012/1543/1159 2011/1542/1159 2014/1545/1159
f 2015/1546/1159 2013/1544/1159 2012/1543/1159
f 2011/1542/1159 2016/1547/1159 2014/1545/1159
f 2017/1548/1159 2013/1544/1159 2015/1546/1159
f 2016/1547/1159 2018/1549/1159 2014/1545/1159
f 2015/1546/1159 2019/1550/1159 2017/1548/1159
f 2020/1551/1159 2018/1549/1159 2016/1547/1159
f 2019/1550/1159 2015/1546/1159 2021/1552/1159
f 2018/1549/1159 2020/1551/1159 2022/1553/1159
f 2021/1552/1159 2023/1554/1159 2019/1550/1159
f 2020/1551/1159 2024/1555/1159 2022/1553/1159
f 2023/1554/1159 2021/1552/1159 2025/1556/1159
f 2024/1555/1159 2020/1551/1159 2026/1557/1159
f 2025/1556/1159 2026/1557/1159 2023/1554/1159
f 2026/1557/1159 2025/1556/1159 2024/1555/1159
f 2027/1558/1159 2028/1559/1159 2029/1560/1159
f 2027/1558/1159 2029/1560/1159 2030/1561/1159
f 2028/1559/1159 2031/1562/1159 2029/1560/1159
f 2030/1561/1159 2032/1563/1159 2027/1558/1159
f 2028/1559/1159 2033/1564/1159 2031/1562/1159
f 2032/1563/1159 2030/1561/1159 2034/1565/1159
f 2035/1566/1159 2031/1562/1159 2033/1564/1159
f 2036/1567/1159 2032/1563/1159 2034/1565/1159
f 2031/1562/1159 2035/1566/1159 2037/1568/1159
f 2034/1565/1159 2038/1569/1159 2036/1567/1159
f 2039/1570/1159 2037/1568/1159 2035/1566/1159
f 2040/1571/1159 2036/1567/1159 2038/1569/1159
f 2037/1568/1159 2039/1570/1159 2041/1572/1159
f 2036/1567/1159 2040/1571/1159 2042/1573/1159
f 2042/1573/1159 2041/1572/1159 2039/1570/1159
f 2041/1572/1159 2042/1573/1159 2040/1571/1159
f 2043/1574/1159 2044/1575/1159 2045/1576/1159
f 2044/1575/1159 2043/1574/1159 2046/1577/1159
f 2047/1578/1159 2045/1576/1159 2044/1575/1159
f 2043/1574/1159 2048/1579/1159 2046/1577/1159
f 2049/1580/1159 2045/1576/1159 2047/1578/1159
f 2048/1579/1159 2050/1581/1159 2046/1577/1159
f 2047/1578/1159 2051/1582/1159 2049/1580/1159
f 2052/1583/1159 2050/1581/1159 2048/1579/1159
f 2051/1582/1159 2047/1578/1159 2053/1584/1159
f 2050/1581/1159 2052/1583/1159 2054/1585/1159
f 2053/1584/1159 2055/1586/1159 2051/1582/1159
f 2052/1583/1159 2056/1587/1159 2054/1585/1159
f 2055/1586/1159 2053/1584/1159 2057/1588/1159
f 2056/1587/1159 2052/1583/1159 2058/1589/1159
f 2057/1588/1159 2058/1589/1159 2055/1586/1159
f 2058/1589/1159 2057/1588/1159 2056/1587/1159
f 2059/1590/1159 2060/1591/1159 2061/1592/1159
f 2062/1593/1159 2060/1591/1159 2059/1590/1159
f 2060/1591/1159 2062/1593/1159 2063/1594/1159
f 2064/1595/1159 2060/1591/1159 2063/1594/1159
f 2065/1596/1159 2060/1591/1159 2064/1595/1159
f 2060/1591/1159 2065/1596/1159 2066/1597/1159
f 2067/1598/1159 2068/1599/1159 2069/1600/1159
f 2068/1599/1159 2070/1601/1159 2069/1600/1159
f 2070/1601/1159 2068/1599/1159 2071/1602/1159
f 2068/1599/1159 2067/1598/1159 2072/1603/1159
f 2073/1604/1159 2068/1599/1159 2072/1603/1159
f 2068/1599/1159 2073/1604/1159 2074/1605/1159
f 2075/928/1159 2076/933/1159 2077/929/1159
f 2077/929/1159 2076/933/1159 2078/934/1159
f 2075/928/1159 2077/929/1159 2079/930/1159
f 2075/928/1159 2080/931/1159 2076/933/1159
f 2076/933/1159 2080/931/1159 2081/935/1159
f 2080/931/1159 2075/928/1159 2082/932/1159
f 2083/920/1159 2084/921/1159 2085/923/1159
f 2085/923/1159 2084/921/1159 2086/922/1159
f 2086/922/1159 2084/921/1159 2087/924/1159
f 2084/921/1159 2083/920/1159 2088/925/1159
f 2089/926/1159 2084/921/1159 2088/925/1159
f 2084/921/1159 2089/926/1159 2090/927/1159
f 2091/1606/1159 2092/1607/1159 2093/1608/1159
f 2094/1609/1159 2092/1607/1159 2091/1606/1159
f 2094/1609/1159 2095/1610/1159 2092/1607/1159
f 2095/1610/1159 2094/1609/1159 2096/1611/1159
f 2097/1612/1159 2092/1607/1159 2095/1610/1159
f 2092/1607/1159 2097/1612/1159 2098/1613/1159
f 2099/1614/1159 2100/1615/1159 2101/1616/1159
f 2099/1614/1159 2102/1617/1159 2100/1615/1159
f 2100/1615/1159 2102/1617/1159 2103/1618/1159
f 2103/1618/1159 2102/1617/1159 2104/1619/1159
f 2102/1617/1159 2099/1614/1159 2105/1620/1159
f 2102/1617/1159 2105/1620/1159 2106/1621/1159
f 2107/912/1159 2108/913/1159 2109/914/1159
f 2107/912/1159 2109/914/1159 2110/915/1159
f 2111/916/1159 2108/913/1159 2107/912/1159
f 2108/913/1159 2111/916/1159 2112/917/1159
f 2107/912/1159 2113/918/1159 2111/916/1159
f 2113/918/1159 2107/912/1159 2114/919/1159
f 2115/904/1159 2116/905/1159 2117/906/1159
f 2115/904/1159 2118/907/1159 2116/905/1159
f 2115/904/1159 2119/908/1159 2118/907/1159
f 2118/907/1159 2119/908/1159 2120/909/1159
f 2119/908/1159 2115/904/1159 2121/910/1159
f 2121/910/1159 2115/904/1159 2122/911/1159
f 2123/1622/1175 2125/1623/1075 2126/1624/1176
f 2125/1623/1075 2124/1625/1177 2126/1624/1176
f 2127/1626/1175 2130/1627/1178 2129/1628/1179
f 2129/1628/1179 2130/1627/1178 2128/1629/1175
f 2133/1630/1180 2134/1631/1181 2131/1632/932
f 2134/1631/1181 2132/1633/1097 2131/1632/932
f 2134/1631/1181 2135/1634/1182 2132/1633/1097
f 2135/1634/1182 2136/1635/1101 2132/1633/1097
f 2135/1634/1182 2137/1636/1183 2136/1635/1101
f 2138/1637/1102 2136/1635/1101 2137/1636/1183
f 2137/1636/1183 2139/1638/1184 2138/1637/1102
f 2140/1639/1185 2138/1637/1102 2139/1638/1184
f 2141/1640/1186 2140/1639/1185 2139/1638/1184
f 2140/1639/1185 2141/1640/1186 2142/1641/1187
f 2141/1640/1186 2143/1642/1106 2142/1641/1187
f 2143/1642/1106 2141/1640/1186 2144/1643/1188
f 2147/1644/1189 2146/1645/1109 2148/1646/1190
f 2148/1646/1190 2146/1645/1109 2145/1647/1108
f 2148/1646/1190 2145/1647/1108 2149/1648/1191
f 2149/1648/1191 2145/1647/1108 2150/1649/1112
f 2151/1650/1192 2149/1648/1191 2150/1649/1112
f 2150/1649/1112 2152/1651/1114 2151/1650/1192
f 2153/1652/1193 2151/1650/1192 2152/1651/1114
f 2152/1651/1114 2154/1653/1194 2153/1652/1193
f 2155/1654/1195 2153/1652/1193 2154/1653/1194
f 2155/1654/1195 2154/1653/1194 2156/1655/1196
f 2157/1656/1118 2155/1654/1195 2156/1655/1196
f 2155/1654/1195 2157/1656/1118 2158/1657/1197
f 2160/1625/960 2159/1658/959 2161/1624/1198
f 2159/1658/959 2162/1659/1199 2161/1624/1198
f 2162/1659/1199 2163/1660/1200 2161/1624/1198
f 2163/1660/1200 2164/1622/1201 2161/1624/1198
f 2165/1661/1202 2167/1627/1203 2166/1626/960
f 2168/1662/1204 2167/1627/1203 2165/1661/1202
f 2169/1663/1200 2167/1627/1203 2168/1662/1204
f 2170/1629/371 2167/1627/1203 2169/1663/1200
f 2171/1025/1205 2173/1026/1206 2174/1559/1207
f 2171/1025/1205 2174/1559/1207 2175/1558/1208
f 2175/1558/1208 2172/1023/1209 2171/1025/1205
f 2176/1564/1210 2174/1559/1207 2173/1026/1206
f 2172/1023/1209 2175/1558/1208 2177/1563/1211
f 2178/1022/1212 2172/1023/1209 2177/1563/1211
f 2177/1563/1211 2179/1567/1213 2178/1022/1212
f 2180/1573/1214 2178/1022/1212 2179/1567/1213
f 2178/1022/1212 2180/1573/1214 2181/1020/1131
f 2182/1570/1215 2181/1020/1131 2180/1573/1214
f 2181/1020/1131 2182/1570/1215 2183/1021/379
f 2184/1566/1216 2183/1021/379 2182/1570/1215
f 2183/1021/379 2184/1566/1216 2185/1024/1217
f 2176/1564/1210 2185/1024/1217 2184/1566/1216
f 2185/1024/1217 2176/1564/1210 2186/1027/636
f 2173/1026/1206 2186/1027/636 2176/1564/1210
f 2187/1012/379 2188/1013/386 2189/1574/1215
f 2190/1579/1214 2189/1574/1215 2188/1013/386
f 2191/1576/1216 2187/1012/379 2189/1574/1215
f 2192/1014/1129 2190/1579/1214 2188/1013/386
f 2190/1579/1214 2192/1014/1129 2193/1583/1213
f 2192/1014/1129 2194/1589/1211 2193/1583/1213
f 2187/1012/379 2191/1576/1216 2195/1016/637
f 2194/1589/1211 2192/1014/1129 2196/1015/1127
f 2196/1015/1127 2197/1586/1208 2194/1589/1211
f 2197/1586/1208 2196/1015/1127 2198/1018/1205
f 2198/1018/1205 2199/1582/1207 2197/1586/1208
f 2200/1580/1218 2195/1016/637 2191/1576/1216
f 2199/1582/1207 2198/1018/1205 2201/1019/971
f 2201/1019/971 2200/1580/1218 2199/1582/1207
f 2202/1017/1219 2195/1016/637 2200/1580/1218
f 2200/1580/1218 2201/1019/971 2202/1017/1219
f 2203/1039/972 2204/1040/1220 2205/1527/1221
f 2203/1039/972 2205/1527/1221 2206/1526/1222
f 2207/1532/1223 2205/1527/1221 2204/1040/1220
f 2206/1526/1222 2208/1037/1209 2203/1039/972
f 2208/1037/1209 2206/1526/1222 2209/1531/1211
f 2204/1040/1220 2210/1041/636 2207/1532/1223
f 2211/1042/383 2207/1532/1223 2210/1041/636
f 2207/1532/1223 2211/1042/383 2212/1534/1224
f 2213/1043/379 2212/1534/1224 2211/1042/383
f 2212/1534/1224 2213/1043/379 2214/1538/1225
f 2215/1038/1226 2214/1538/1225 2213/1043/379
f 2214/1538/1225 2215/1038/1226 2216/1541/1214
f 2217/1036/1129 2216/1541/1214 2215/1038/1226
f 2216/1541/1214 2217/1036/1129 2218/1535/1213
f 2209/1531/1211 2218/1535/1213 2217/1036/1129
f 2217/1036/1129 2208/1037/1209 2209/1531/1211
f 2219/1029/379 2220/1028/1132 2221/1542/1225
f 2222/1547/1227 2221/1542/1225 2220/1028/1132
f 2223/1544/1228 2219/1029/379 2221/1542/1225
f 2224/1035/1129 2222/1547/1227 2220/1028/1132
f 2222/1547/1227 2224/1035/1129 2225/1551/1229
f 2224/1035/1129 2226/1557/1230 2225/1551/1229
f 2219/1029/379 2223/1544/1228 2227/1030/637
f 2226/1557/1230 2224/1035/1129 2228/1034/1209
f 2228/1034/1209 2229/1554/1222 2226/1557/1230
f 2230/1548/1231 2227/1030/637 2223/1544/1228
f 2231/1031/1232 2227/1030/637 2230/1548/1231
f 2230/1548/1231 2232/1032/971 2231/1031/1232
f 2232/1032/971 2230/1548/1231 2233/1550/1221
f 2233/1550/1221 2234/1033/972 2232/1032/971
f 2234/1033/972 2233/1550/1221 2229/1554/1222
f 2229/1554/1222 2228/1034/1209 2234/1033/972
f 2235/1664/162 2236/1665/162 2237/1666/166
f 2236/1665/162 2238/1667/169 2237/1666/166
f 2236/1665/162 2235/1664/162 2239/1668/162
f 2238/1667/169 2236/1665/162 2240/1669/169
f 2241/1670/162 2239/1668/162 2235/1664/162
f 2242/1671/162 2238/1667/169 2240/1669/169
f 2239/1668/162 2241/1670/162 2243/1672/162
f 2240/1669/169 2244/1673/171 2242/1671/162
f 2241/1670/162 2245/1674/162 2243/1672/162
f 2246/1675/166 2242/1671/162 2244/1673/171
f 2245/1674/162 2241/1670/162 2247/1676/162
f 2242/1671/162 2246/1675/166 2248/1677/162
f 2247/1676/162 2249/1678/169 2245/1674/162
f 2249/1678/169 2248/1677/162 2246/1675/166
f 2247/1676/162 2250/1679/169 2249/1678/169
f 2248/1677/162 2249/1678/169 2250/1679/169
f 2251/1680/169 2252/1681/162 2253/1682/171
f 2252/1681/162 2254/1683/166 2253/1682/171
f 2252/1681/162 2251/1680/169 2255/1684/166
f 2254/1683/166 2252/1681/162 2256/1685/162
f 2251/1680/169 2257/1686/162 2255/1684/166
f 2256/1685/162 2258/1687/162 2254/1683/166
f 2259/1688/169 2255/1684/166 2257/1686/162
f 2258/1687/162 2256/1685/162 2260/1689/169
f 2257/1686/162 2261/1690/162 2259/1688/169
f 2262/1691/162 2258/1687/162 2260/1689/169
f 2261/1690/162 2257/1686/162 2263/1692/162
f 2258/1687/162 2262/1691/162 2264/1693/162
f 2263/1692/162 2265/1694/162 2261/1690/162
f 2262/1691/162 2265/1694/162 2264/1693/162
f 2265/1694/162 2263/1692/162 2266/1695/162
f 2265/1694/162 2266/1695/162 2264/1693/162
f 2267/1664/1233 2268/1696/1234 2269/1670/1235
f 2268/1696/1234 2270/1676/1236 2269/1670/1235
f 2268/1696/1234 2267/1664/1233 2271/1697/1237
f 2270/1676/1236 2268/1696/1234 2272/1698/1238
f 2273/1666/1239 2271/1697/1237 2267/1664/1233
f 2272/1698/1238 2274/1679/1240 2270/1676/1236
f 2271/1697/1237 2273/1666/1239 2275/1699/1241
f 2276/1667/1242 2275/1699/1241 2273/1666/1239
f 2275/1699/1241 2276/1667/1242 2277/1700/1243
f 2278/1671/1244 2277/1700/1243 2276/1667/1242
f 2277/1700/1243 2278/1671/1244 2279/1701/1245
f 2278/1671/1244 2280/1702/1246 2279/1701/1245
f 2280/1702/1246 2278/1671/1244 2281/1677/1247
f 2282/1703/1248 2280/1702/1246 2281/1677/1247
f 2282/1703/1248 2281/1677/1247 2274/1679/1240
f 2272/1698/1238 2282/1703/1248 2274/1679/1240
f 2283/1690/1236 2284/1704/1234 2285/1705/1238
f 2284/1704/1234 2283/1690/1236 2286/1694/1235
f 2284/1704/1234 2286/1694/1235 2287/1691/1249
f 2285/1705/1238 2288/1688/1240 2283/1690/1236
f 2289/1706/1237 2284/1704/1234 2287/1691/1249
f 2290/1689/1250 2289/1706/1237 2287/1691/1249
f 2289/1706/1237 2290/1689/1250 2291/1707/1251
f 2292/1685/1242 2291/1707/1251 2290/1689/1250
f 2293/1708/1243 2291/1707/1251 2292/1685/1242
f 2294/1681/1244 2293/1708/1243 2292/1685/1242
f 2295/1709/1245 2293/1708/1243 2294/1681/1244
f 2294/1681/1244 2296/1710/1252 2295/1709/1245
f 2296/1710/1252 2294/1681/1244 2297/1684/1253
f 2297/1684/1253 2298/1711/1248 2296/1710/1252
f 2298/1711/1248 2297/1684/1253 2288/1688/1240
f 2288/1688/1240 2285/1705/1238 2298/1711/1248
f 2299/1712/1159 2300/896/1159 2301/1713/1159
f 2301/1713/1159 2300/896/1159 2302/899/1159
f 2303/1714/1159 2304/900/1159 2305/1715/1159
f 2304/900/1159 2303/1714/1159 2306/902/1159
f 2308/1716/1254 2309/1717/411 2310/1718/1255
f 2307/1719/1256 2308/1716/1254 2310/1718/1255
f 2309/1717/411 2311/1720/1154 2310/1718/1255
f 2312/1721/1257 2307/1719/1256 2310/1718/1255
f 2313/1722/992 2312/1721/1257 2310/1718/1255
f 2314/1723/1258 2313/1722/992 2310/1718/1255
f 2311/1720/1154 2315/1724/994 2310/1718/1255
f 2315/1724/994 2314/1723/1258 2310/1718/1255
f 2317/1725/1259 2319/1726/171 2318/1727/994
f 2316/1728/992 2319/1726/171 2317/1725/1259
f 2318/1727/994 2319/1726/171 2320/1729/1154
f 2321/1730/1257 2319/1726/171 2316/1728/992
f 2322/1731/1256 2319/1726/171 2321/1730/1257
f 2323/1732/1260 2319/1726/171 2322/1731/1256
f 2320/1729/1154 2319/1726/171 2324/1733/411
f 2324/1733/411 2319/1726/171 2323/1732/1260
f 2325/1734/1261 2326/1735/1262 2327/1736/1263
f 2325/1734/1261 2327/1736/1263 2328/1737/1261
f 2326/1735/1262 2329/1738/1264 2327/1736/1263
f 2330/1739/1264 2327/1736/1263 2329/1738/1264
f 2331/1740/1265 2332/1741/1266 2333/1742/1267
f 2332/1741/1266 2331/1740/1265 2334/1743/1268
f 2334/1743/1268 2335/1744/1269 2332/1741/1266
f 2335/1744/1269 2334/1743/1268 2336/1745/1269
f 2336/1745/1269 2337/1746/1270 2335/1744/1269
f 2335/1744/1269 2337/1746/1270 2338/1747/1270
f 2338/1747/1270 2337/1746/1270 2339/1748/1156
f 2338/1747/1270 2339/1748/1156 2340/1749/1271
f 2341/1750/1267 2342/1751/1268 2343/1752/1267
f 2342/1751/1268 2341/1750/1267 2344/1753/1268
f 2344/1753/1268 2345/1754/1269 2342/1751/1268
f 2342/1751/1268 2345/1754/1269 2346/1755/1269
f 2347/1756/1270 2346/1755/1269 2345/1754/1269
f 2345/1754/1269 2348/1757/1270 2347/1756/1270
f 2348/1757/1270 2349/1758/1272 2347/1756/1270
f 2349/1758/1272 2348/1757/1270 2350/1759/1272
usemtl Meshpart3Mtl
f 2351/1760/1273 2352/1761/1274 2353/1762/1273
f 2352/1761/1274 2351/1760/1273 2354/1763/1274
f 2355/1764/1275 2356/1765/1275 2357/1766/1275
f 2356/1765/1275 2355/1764/1275 2358/1767/1275
f 2359/1768/1276 2360/1769/1277 2361/1770/1278
f 2360/1769/1277 2359/1768/1276 2362/1771/1276
f 2364/1772/1279 2365/1773/1280 2363/1774/1281
f 2365/1773/1280 2364/1772/1279 2366/1775/1282
f 2366/1775/1282 2367/1776/1283 2365/1773/1280
f 2367/1776/1283 2366/1775/1282 2368/1777/1284
f 2367/1776/1283 2369/1778/1285 2365/1773/1280
f 2370/1779/1286 2365/1773/1280 2369/1778/1285
f 2365/1773/1280 2370/1779/1286 2363/1774/1281
f 2370/1779/1286 2371/1780/1287 2363/1774/1281
f 2370/1779/1286 2372/1781/1288 2371/1780/1287
f 2372/1781/1288 2370/1779/1286 2373/1782/1289
f 2369/1778/1285 2373/1782/1289 2370/1779/1286
f 2373/1782/1289 2369/1778/1285 2374/1783/1290
f 2375/1784/1274 2376/1785/1274 2377/1786/1273
f 2376/1785/1274 2375/1784/1274 2378/1787/1274
f 2379/1788/1291 2373/1782/1289 2374/1783/1290
f 2373/1782/1289 2379/1788/1291 2380/1789/1292
f 2380/1789/1292 2372/1781/1288 2373/1782/1289
f 2372/1781/1288 2380/1789/1292 2381/1790/1293
f 2380/1789/1292 2382/1791/1294 2381/1790/1293
f 2382/1791/1294 2380/1789/1292 2383/1792/1295
f 2379/1788/1291 2383/1792/1295 2380/1789/1292
f 2383/1792/1295 2384/1793/1296 2382/1791/1294
f 2383/1792/1295 2379/1788/1291 2385/1794/1297
f 2385/1794/1297 2386/1795/1298 2383/1792/1295
f 2387/1796/1299 2383/1792/1295 2386/1795/1298
f 2384/1793/1296 2383/1792/1295 2387/1796/1299
f 2388/1797/1300 2387/1796/1299 2386/1795/1298
f 2389/1798/1301 2384/1793/1296 2387/1796/1299
f 2387/1796/1299 2388/1797/1300 2389/1798/1301
f 2384/1793/1296 2389/1798/1301 2390/1799/1302
f 2389/1798/1301 2391/1800/1303 2390/1799/1302
f 2391/1800/1303 2389/1798/1301 2392/1801/1304
f 2388/1797/1300 2392/1801/1304 2389/1798/1301
f 2394/1802/1305 2393/1803/1306 2391/1800/1303
f 2391/1800/1303 2392/1801/1304 2394/1802/1305
f 2394/1802/1305 2395/1804/1307 2393/1803/1306
f 2397/1805/1308 2396/1806/1309 2395/1804/1307
f 2395/1804/1307 2394/1802/1305 2397/1805/1308
f 2396/1806/1309 2397/1805/1308 2398/1807/1310
f 2398/1807/1310 2400/1808/1311 2399/1809/1312
f 2400/1808/1311 2398/1807/1310 2397/1805/1308
f 2397/1805/1308 2401/1810/1313 2400/1808/1311
f 2401/1810/1313 2397/1805/1308 2394/1802/1305
f 2394/1802/1305 2392/1801/1304 2401/1810/1313
f 2392/1801/1304 2402/1811/1314 2401/1810/1313
f 2392/1801/1304 2388/1797/1300 2402/1811/1314
f 2403/1812/1315 2404/1813/1316 2405/1814/1317
f 2404/1813/1316 2403/1812/1315 2406/1815/1318
f 2407/1816/1319 2403/1812/1315 2405/1814/1317
f 2403/1812/1315 2407/1816/1319 2408/1817/1320
f 2404/1813/1316 2409/1818/1321 2405/1814/1317
f 2409/1818/1321 2404/1813/1316 2410/1819/1322
f 2411/1820/1323 2409/1818/1321 2410/1819/1322
f 2412/1821/1324 2408/1817/1320 2407/1816/1319
f 2405/1814/1317 2413/1822/1325 2407/1816/1319
f 2413/1822/1325 2405/1814/1317 2409/1818/1321
f 2413/1822/1325 2412/1821/1324 2407/1816/1319
f 2409/1818/1321 2411/1820/1323 2413/1822/1325
f 2411/1820/1323 2412/1821/1324 2413/1822/1325
f 2414/1823/1326 2415/1824/1327 2416/1825/1328
f 2414/1823/1326 2416/1825/1328 2417/1821/1329
f 2418/1820/1330 2417/1821/1329 2416/1825/1328
f 2416/1825/1328 2419/1826/1331 2418/1820/1330
f 2416/1825/1328 2415/1824/1327 2420/1827/1332
f 2416/1825/1328 2420/1827/1332 2419/1826/1331
f 2415/1824/1327 2421/1813/1333 2420/1827/1332
f 2421/1813/1333 2415/1824/1327 2422/1815/1334
f 2419/1826/1331 2420/1827/1332 2423/1828/1335
f 2423/1828/1335 2420/1827/1332 2421/1813/1333
f 2423/1828/1335 2421/1813/1333 2424/1819/1336
f 2425/1784/1273 2426/1785/1273 2427/1786/1273
f 2426/1785/1273 2425/1784/1273 2428/1787/1273
f 2429/1768/1278 2430/1769/1275 2431/1770/1275
f 2430/1769/1275 2429/1768/1278 2432/1771/1277
f 2433/1764/1275 2434/1765/1275 2435/1766/1275
f 2434/1765/1275 2433/1764/1275 2436/1767/1275
f 2437/1760/1274 2438/1761/1274 2439/1762/1273
f 2438/1761/1274 2437/1760/1274 2440/1763/1274
f 2441/1829/1337 2442/1830/1338 2444/1831/1339
f 2443/1832/1340 2444/1831/1339 2442/1830/1338
f 2441/1829/1337 2444/1831/1339 2445/1833/1291
f 2444/1831/1339 2443/1832/1340 2446/1834/1341
f 2445/1833/1291 2444/1831/1339 2447/1835/640
f 2446/1834/1341 2447/1835/640 2444/1831/1339
f 2445/1833/1291 2447/1835/640 2448/1836/1342
f 2449/1837/1298 2448/1836/1342 2447/1835/640
f 2447/1835/640 2451/1838/71 2449/1837/1298
f 2451/1838/71 2450/1839/1343 2449/1837/1298
f 2447/1835/640 2452/1840/1344 2451/1838/71
f 2452/1840/1344 2447/1835/640 2453/1841/1345
f 2447/1835/640 2446/1834/1341 2453/1841/1345
f 2452/1840/1344 2454/1842/1346 2451/1838/71
f 2458/1843/1347 2455/1844/1348 2456/1845/1349
f 2457/1846/1350 2458/1843/1347 2456/1845/1349
f 2458/1843/1347 2457/1846/1350 2450/1839/1343
f 2454/1842/1346 2455/1844/1348 2458/1843/1347
f 2450/1839/1343 2451/1838/71 2458/1843/1347
f 2451/1838/71 2454/1842/1346 2458/1843/1347
f 2459/1847/1351 2460/1848/1352 2461/1849/1353
f 2461/1849/1353 2462/1850/1354 2459/1847/1351
f 2461/1849/1353 2463/1851/1355 2462/1850/1354
f 2463/1851/1355 2461/1849/1353 2464/1852/1356
f 2459/1847/1351 2462/1850/1354 2465/1853/1357
f 2463/1851/1355 2465/1853/1357 2462/1850/1354
f 2465/1853/1357 2463/1851/1355 2466/1854/1287
f 2459/1847/1351 2465/1853/1357 2467/1855/1358
f 2466/1854/1287 2468/1856/1359 2465/1853/1357
f 2467/1855/1358 2465/1853/1357 2468/1856/1359
f 2468/1856/1359 2466/1854/1287 2469/1857/1288
f 2467/1855/1358 2468/1856/1359 2470/1858/1360
f 2473/1859/1361 2475/1860/1362 2471/1861/1363
f 2474/1862/1364 2476/1863/1365 2473/1859/1361
f 2476/1863/1365 2475/1860/1362 2473/1859/1361
f 2477/1864/1366 2476/1863/1365 2474/1862/1364
f 2478/1865/1367 2476/1863/1365 2477/1864/1366
f 2475/1860/1362 2472/1866/1368 2471/1861/1363
f 2476/1863/1365 2478/1865/1367 2479/1867/1369
f 2479/1867/1369 2475/1860/1362 2476/1863/1365
f 2475/1860/1362 2479/1867/1369 2480/1868/1370
f 2472/1866/1368 2475/1860/1362 2481/1869/1371
f 2475/1860/1362 2480/1868/1370 2482/1870/1372
f 2475/1860/1362 2482/1870/1372 2481/1869/1371
f 2483/1871/1373 2484/1872/1373 2485/1873/1374
f 2485/1873/1374 2486/1874/1373 2483/1871/1373
f 2487/1875/1373 2488/1876/1373 2489/1877/1373
f 2488/1876/1373 2487/1875/1373 2490/1878/1373
f 2491/1879/1375 2492/1880/1375 2493/1881/1375
f 2492/1880/1375 2491/1879/1375 2494/1882/1376
f 2495/1883/1377 2496/1884/1375 2497/1885/1378
f 2496/1884/1375 2495/1883/1377 2498/1886/1375
f 2499/1887/1375 2500/1888/1375 2501/1889/1375
f 2501/1889/1375 2502/1890/1379 2499/1887/1375
f 2503/1891/1379 2504/1892/1375 2505/1893/1375
f 2505/1893/1375 2504/1892/1375 2506/1894/1375
f 2507/1895/1373 2508/1896/1373 2509/1897/1373
f 2509/1897/1373 2510/1898/1373 2507/1895/1373
f 2511/1899/1373 2512/1900/1373 2513/1901/1373
f 2512/1900/1373 2511/1899/1373 2514/1902/1373
f 2515/1903/1380 2516/1904/1381 2517/1905/1380
f 2517/1905/1380 2516/1904/1381 2518/1906/1380
f 2519/1907/1382 2520/1908/1382 2521/1909/1382
f 2521/1909/1382 2520/1908/1382 2522/1910/1383
f 2523/1911/1384 2524/1912/1383 2525/1913/1385
f 2525/1913/1385 2524/1912/1383 2526/1914/1384
f 2527/1915/1380 2528/1916/1380 2529/1917/1380
f 2529/1917/1380 2528/1916/1380 2530/1918/1380
f 2533/1919/1386 2532/1920/1387 2531/1921/1388
f 2533/1919/1386 2534/1922/1389 2532/1920/1387
f 2535/1923/1390 2534/1922/1389 2533/1919/1386
f 2535/1923/1390 2536/1924/1391 2534/1922/1389
f 2533/1919/1386 2537/1925/1392 2535/1923/1390
f 2537/1925/1392 2533/1919/1386 2538/1926/1393
f 2531/1921/1388 2538/1926/1393 2533/1919/1386
f 2538/1926/1393 2531/1921/1388 2539/1927/1394
f 2540/1928/1360 2538/1926/1393 2539/1927/1394
f 2541/1929/1395 2538/1926/1393 2540/1928/1360
f 2541/1929/1395 2537/1925/1392 2538/1926/1393
f 2542/1930/1396 2537/1925/1392 2541/1929/1395
f 2541/1929/1395 2543/1931/1397 2542/1930/1396
f 2543/1931/1397 2541/1929/1395 2544/1932/1398
f 2540/1928/1360 2544/1932/1398 2541/1929/1395
f 2544/1932/1398 2540/1928/1360 2545/1933/1399
f 2545/1933/1399 2546/1934/1400 2544/1932/1398
f 2549/1935/1401 2548/1936/1345 2543/1931/1397
f 2547/1937/1402 2548/1936/1345 2549/1935/1401
f 2544/1932/1398 2549/1935/1401 2543/1931/1397
f 2546/1934/1400 2549/1935/1401 2544/1932/1398
f 2550/1938/1403 2549/1935/1401 2546/1934/1400
f 2549/1935/1401 2551/1939/1404 2547/1937/1402
f 2549/1935/1401 2550/1938/1403 2551/1939/1404
f 2551/1939/1404 2552/1940/1405 2547/1937/1402
f 2550/1938/1403 2553/1941/1406 2551/1939/1404
f 2552/1940/1405 2551/1939/1404 2553/1941/1406
f 2553/1941/1406 2550/1938/1403 2554/1942/1407
f 2553/1941/1406 2554/1942/1407 2555/1943/1408
f 2556/1944/1409 2553/1941/1406 2555/1943/1408
f 2552/1940/1405 2553/1941/1406 2556/1944/1409
f 2555/1943/1408 2558/1945/1410 2556/1944/1409
f 2558/1945/1410 2555/1943/1408 2557/1946/1411
f 2559/1947/1363 2556/1944/1409 2558/1945/1410
f 2560/1948/1412 2552/1940/1405 2556/1944/1409
f 2556/1944/1409 2559/1947/1363 2560/1948/1412
f 2561/1949/1413 2558/1945/1410 2557/1946/1411
f 2561/1949/1413 2562/1950/1414 2563/1951/1415
f 2558/1945/1410 2561/1949/1413 2563/1951/1415
f 2564/1952/134 2563/1951/1415 2562/1950/1414
f 2563/1951/1415 2559/1947/1363 2558/1945/1410
f 2563/1951/1415 2564/1952/134 2565/1953/1416
f 2559/1947/1363 2563/1951/1415 2565/1953/1416
f 2566/1954/1417 2565/1953/1416 2564/1952/134
f 2567/1955/1418 2568/1956/1419 2569/1957/1420
f 2569/1957/1420 2570/1958/1421 2567/1955/1418
f 2567/1955/1418 2571/1959/1422 2568/1956/1419
f 2571/1959/1422 2567/1955/1418 2572/1960/1423
f 2573/1961/1424 2569/1957/1420 2568/1956/1419
f 2569/1957/1420 2573/1961/1424 2574/1962/1425
f 2573/1961/1424 2575/1963/1426 2574/1962/1425
f 2568/1956/1419 2576/1964/1427 2573/1961/1424
f 2575/1963/1426 2573/1961/1424 2576/1964/1427
f 2576/1964/1427 2568/1956/1419 2571/1959/1422
f 2577/1965/1428 2575/1963/1426 2576/1964/1427
f 2576/1964/1427 2571/1959/1422 2577/1965/1428
f 2572/1960/1423 2577/1965/1428 2571/1959/1422
f 2578/1966/1429 2579/1967/1430 2580/1968/1431
f 2579/1967/1430 2581/1965/1432 2580/1968/1431
f 2582/1963/1433 2580/1968/1431 2581/1965/1432
f 2580/1968/1431 2582/1963/1433 2583/1969/1434
f 2580/1968/1431 2584/1970/1435 2578/1966/1429
f 2584/1970/1435 2580/1968/1431 2583/1969/1434
f 2585/1957/1436 2578/1966/1429 2584/1970/1435
f 2578/1966/1429 2585/1957/1436 2586/1958/1437
f 2583/1969/1434 2587/1971/1438 2584/1970/1435
f 2584/1970/1435 2587/1971/1438 2585/1957/1436
f 2588/1962/1439 2585/1957/1436 2587/1971/1438
f 2589/1917/1380 2590/1916/1380 2591/1918/1381
f 2590/1916/1380 2589/1917/1380 2592/1915/1380
f 2593/1913/1382 2594/1912/1382 2595/1914/1440
f 2594/1912/1382 2593/1913/1382 2596/1911/1382
f 2597/1909/1382 2598/1908/1382 2599/1910/1382
f 2598/1908/1382 2597/1909/1382 2600/1907/1382
f 2601/1905/1380 2602/1904/1380 2603/1906/1380
f 2602/1904/1380 2601/1905/1380 2604/1903/1381
f 2605/1972/1441 2606/1973/1442 2608/1974/1443
f 2605/1972/1441 2609/1975/1444 2607/1976/1360
f 2605/1972/1441 2608/1974/1443 2610/1977/1445
f 2609/1975/1444 2605/1972/1441 2610/1977/1445
f 2610/1977/1445 2608/1974/1443 2611/1978/1446
f 2610/1977/1445 2612/1979/1447 2609/1975/1444
f 2610/1977/1445 2611/1978/1446 2613/1980/1448
f 2612/1979/1447 2610/1977/1445 2613/1980/1448
f 2614/1981/1449 2613/1980/1448 2611/1978/1446
f 2613/1980/1448 2614/1981/1449 2612/1979/1447
f 2611/1978/1446 2615/1982/1296 2614/1981/1449
f 2612/1979/1447 2614/1981/1449 2616/1983/1450
f 2614/1981/1449 2617/1984/1451 2616/1983/1450
f 2615/1982/1296 2617/1984/1451 2614/1981/1449
f 2616/1983/1450 2617/1984/1451 2618/1985/1452
f 2617/1984/1451 2615/1982/1296 2619/1986/1302
f 2618/1985/1452 2617/1984/1451 2620/1987/1453
f 2619/1986/1302 2620/1987/1453 2617/1984/1451
f 2618/1985/1452 2620/1987/1453 2621/1988/1408
f 2620/1987/1453 2619/1986/1302 2622/1989/1454
f 2623/1990/1455 2625/1991/1456 2624/1992/1457
f 2623/1990/1455 2626/1993/1458 2625/1991/1456
f 2628/1994/1459 2629/1995/1335 2627/1996/1460
f 2627/1996/1460 2629/1995/1335 2630/1997/1336
f 2635/1998/1461 2632/1999/1391 2631/2000/1462
f 2634/2001/1463 2635/1998/1461 2633/2002/1464
f 2632/1999/1391 2635/1998/1461 2636/2003/1465
f 2635/1998/1461 2634/2001/1463 2636/2003/1465
f 2635/1998/1461 2637/2004/1466 2633/2002/1464
f 2638/2005/1392 2635/1998/1461 2631/2000/1462
f 2637/2004/1466 2635/1998/1461 2639/2006/1467
f 2639/2006/1467 2635/1998/1461 2638/2005/1392
f 2639/2006/1467 2640/2007/1468 2637/2004/1466
f 2640/2007/1468 2639/2006/1467 2641/2008/1338
f 2642/2009/1469 2639/2006/1467 2638/2005/1392
f 2641/2008/1338 2639/2006/1467 2642/2009/1469
f 2643/2010/1470 2646/2011/1471 2644/2012/1408
f 2646/2011/1471 2643/2010/1470 2647/2013/1472
f 2643/2010/1470 2648/2014/1473 2647/2013/1472
f 2645/2015/1454 2648/2014/1473 2643/2010/1470
f 2649/2016/1474 2646/2011/1471 2647/2013/1472
f 2648/2014/1473 2649/2016/1474 2647/2013/1472
f 2649/2016/1474 2648/2014/1473 2650/2017/1475
f 2646/2011/1471 2649/2016/1474 2651/2018/1476
f 2650/2017/1475 2652/2019/1477 2649/2016/1474
f 2649/2016/1474 2652/2019/1477 2651/2018/1476
f 2652/2019/1477 2650/2017/1475 2653/2020/1478
f 2651/2018/1476 2652/2019/1477 2654/2021/1479
f 2655/1902/1480 2656/1901/1481 2657/1899/1481
f 2656/1901/1481 2655/1902/1480 2658/1900/1481
f 2659/1895/1481 2660/1896/1482 2661/1898/1481
f 2661/1898/1481 2660/1896/1482 2662/1897/1481
f 2663/1892/1231 2664/1893/1231 2665/1891/1231
f 2664/1893/1231 2663/1892/1231 2666/1894/1231
f 2667/1887/1231 2668/1889/1231 2669/1890/1231
f 2668/1889/1231 2667/1887/1231 2670/1888/1231
f 2671/1886/1483 2672/1885/1483 2673/1883/1483
f 2672/1885/1483 2671/1886/1483 2674/1884/1483
f 2675/1881/1484 2676/1879/1483 2677/1880/1483
f 2677/1880/1483 2676/1879/1483 2678/1882/1483
f 2680/2022/1485 2679/2023/1486 2681/2024/1487
f 2682/2025/1488 2683/2026/1489 2684/2027/1490
f 2685/1876/1482 2686/1875/1481 2687/1878/1481
f 2686/1875/1481 2685/1876/1482 2688/1877/1481
f 2689/1871/1481 2690/1872/1481 2691/1874/1481
f 2691/1874/1481 2690/1872/1481 2692/1873/1481
f 2694/2027/1491 2695/2026/1492 2693/2028/1493
f 2697/2022/1494 2698/2024/1495 2696/2029/1496
usemtl Meshpart4Mtl
f 2700/2030/1497 2699/2031/173 2701/2032/32
f 2701/2032/32 2702/2033/1498 2700/2030/1497
f 2702/2033/1498 2701/2032/32 2703/2034/172
f 2703/2034/172 2704/2035/1499 2702/2033/1498
f 2705/2036/1500 2707/2037/32 2706/2038/172
f 2707/2037/32 2705/2036/1500 2708/2039/32
f 2708/2039/32 2709/2040/173 2707/2037/32
f 2709/2040/173 2708/2039/32 2710/2041/173
f 2712/2036/172 2713/2037/32 2711/2038/172
f 2714/2039/32 2713/2037/32 2712/2036/172
f 2714/2039/32 2715/2040/173 2713/2037/32
f 2716/2041/173 2715/2040/173 2714/2039/32
f 2717/2042/172 2719/2043/32 2718/2044/172
f 2719/2043/32 2717/2042/172 2720/2032/32
f 2720/2032/32 2721/2045/173 2719/2043/32
f 2722/2046/173 2721/2045/173 2720/2032/32
f 2723/2047/1501 2724/2048/1502 2725/2039/1503
f 2726/2049/1504 2725/2039/1503 2727/2050/1505
f 2725/2039/1503 2728/2051/1506 2723/2047/1501
f 2725/2039/1503 2726/2049/1504 2728/2051/1506
f 2731/2039/1507 2730/2047/1508 2729/2048/1502
f 2730/2047/1508 2731/2039/1507 2732/2051/1509
f 2731/2039/1507 2733/2049/1510 2732/2051/1509
f 2734/2050/1505 2733/2049/1510 2731/2039/1507
f 2735/2052/1510 2737/2053/1503 2736/2054/1505
f 2738/2055/1511 2739/2056/1502 2737/2053/1503
f 2737/2053/1503 2735/2052/1510 2740/2057/1509
f 2737/2053/1503 2740/2057/1509 2738/2055/1511
f 2743/2053/1512 2742/2055/1508 2741/2056/1502
f 2742/2055/1508 2743/2053/1512 2744/2057/1513
f 2743/2053/1512 2745/2052/1510 2744/2057/1513
f 2745/2052/1510 2743/2053/1512 2746/2054/1505
f 2747/2058/172 2749/2059/32 2748/2060/172
f 2750/2053/32 2749/2059/32 2747/2058/172
f 2750/2053/32 2751/2061/173 2749/2059/32
f 2751/2061/173 2750/2053/32 2752/2062/173
f 2754/2060/172 2753/2058/172 2755/2053/32
f 2755/2053/32 2756/2059/32 2754/2060/172
f 2756/2059/32 2755/2053/32 2757/2062/173
f 2757/2062/173 2758/2061/173 2756/2059/32
f 2759/2063/1514 2760/2064/417 2761/2065/597
f 2761/2065/597 2762/2066/1515 2759/2063/1514
f 2762/2066/1515 2761/2065/597 2763/2067/173
f 2763/2067/173 2764/2068/1516 2762/2066/1515
f 2766/2069/417 2765/2070/417 2767/2071/418
f 2767/2071/418 2768/2072/418 2766/2069/417
f 2768/2072/418 2767/2071/418 2769/2073/173
f 2769/2073/173 2770/2074/1517 2768/2072/418
f 2772/2075/1518 2773/2076/418 2771/2077/173
f 2773/2076/418 2772/2075/1518 2775/2078/418
f 2775/2078/418 2774/2079/1519 2773/2076/418
f 2776/2080/417 2774/2079/1519 2775/2078/418
f 2778/2081/173 2779/2082/418 2777/2083/173
f 2781/2065/418 2779/2082/418 2778/2081/173
f 2781/2065/418 2782/2084/417 2779/2082/418
f 2782/2084/417 2781/2065/418 2780/2085/417
f 2783/2086/1520 2784/2087/1521 2785/2078/1522
f 2785/2078/1522 2786/2088/1523 2783/2086/1520
f 2785/2078/1522 2787/2089/1508 2786/2088/1523
f 2787/2089/1508 2785/2078/1522 2788/2090/1524
f 2789/2091/1525 2790/2092/1508 2791/2072/1522
f 2791/2072/1522 2790/2092/1508 2792/2093/1523
f 2793/2094/1526 2791/2072/1522 2792/2093/1523
f 2791/2072/1522 2793/2094/1526 2794/2095/1521
f 2795/2096/1527 2796/2097/1521 2797/2098/1522
f 2797/2098/1522 2798/2099/1528 2795/2096/1527
f 2797/2098/1522 2799/2100/1529 2798/2099/1528
f 2799/2100/1529 2797/2098/1522 2800/2101/1525
f 2801/2102/1530 2802/2103/1529 2803/2104/1522
f 2803/2104/1522 2802/2103/1529 2804/2105/1528
f 2805/2106/1527 2803/2104/1522 2804/2105/1528
f 2803/2104/1522 2805/2106/1527 2806/2107/1521
f 2808/2108/173 2809/2109/418 2807/2110/173
f 2809/2109/418 2808/2108/173 2811/2098/418
f 2811/2098/418 2812/2111/417 2809/2109/418
f 2812/2111/417 2811/2098/418 2810/2112/417
f 2814/2113/417 2813/2114/417 2815/2115/418
f 2815/2115/418 2816/2104/418 2814/2113/417
f 2816/2104/418 2815/2115/418 2818/2116/173
f 2818/2116/173 2817/2117/173 2816/2104/418
f 2820/2118/417 2819/2119/1531 2821/2120/1532
f 2821/2120/1532 2822/2121/134 2820/2118/417
f 2822/2121/134 2821/2120/1532 2823/2122/1533
f 2823/2122/1533 2824/2123/773 2822/2121/134
f 2826/2124/773 2825/2125/773 2827/2126/134
f 2827/2126/134 2828/2127/134 2826/2124/773
f 2828/2127/134 2827/2126/134 2829/2128/417
f 2829/2128/417 2830/2129/417 2828/2127/134
f 2833/2126/134 2831/2124/773 2832/2125/773
f 2831/2124/773 2833/2126/134 2834/2127/134
f 2835/2128/417 2834/2127/134 2833/2126/134
f 2834/2127/134 2835/2128/417 2836/2129/417
f 2837/2130/773 2838/2131/773 2839/2121/134
f 2839/2121/134 2838/2131/773 2840/2132/134
f 2839/2121/134 2840/2132/134 2841/2133/417
f 2841/2133/417 2840/2132/134 2842/2134/417
f 2843/2135/1534 2845/2127/1535 2844/2136/1536
f 2845/2127/1535 2843/2135/1534 2846/2137/1537
f 2845/2127/1535 2846/2137/1537 2847/2138/1538
f 2847/2138/1538 2848/2139/1539 2845/2127/1535
f 2850/2136/1536 2849/2135/1526 2851/2127/1540
f 2851/2127/1540 2852/2138/1541 2853/2139/1539
f 2852/2138/1541 2851/2127/1540 2854/2137/1542
f 2851/2127/1540 2849/2135/1526 2854/2137/1542
f 2855/2140/1534 2857/2141/1540 2856/2142/1536
f 2857/2141/1540 2855/2140/1534 2858/2143/1542
f 2857/2141/1540 2858/2143/1542 2859/2144/1541
f 2859/2144/1541 2860/2145/1539 2857/2141/1540
f 2862/2142/1536 2861/2140/1534 2863/2141/1540
f 2863/2141/1540 2861/2140/1534 2865/2143/1537
f 2864/2144/1538 2863/2141/1540 2865/2143/1537
f 2863/2141/1540 2864/2144/1538 2866/2145/1539
f 2868/2146/773 2869/2141/134 2867/2147/773
f 2869/2141/134 2868/2146/773 2870/2148/134
f 2869/2141/134 2870/2148/134 2871/2149/417
f 2871/2149/417 2870/2148/134 2872/2150/417
f 2874/2147/773 2873/2146/773 2875/2148/134
f 2875/2148/134 2876/2141/134 2874/2147/773
f 2876/2141/134 2875/2148/134 2877/2150/417
f 2877/2150/417 2878/2149/1543 2876/2141/134
f 2880/2151/773 2879/2152/1544 2882/2066/1545
f 2882/2066/1545 2883/2065/1546 2880/2151/773
f 2883/2065/1546 2882/2066/1545 2884/2153/1547
f 2884/2153/1547 2881/2154/172 2883/2065/1546
f 2885/2077/773 2886/2075/1548 2887/2078/999
f 2887/2078/999 2888/2076/999 2885/2077/773
f 2888/2076/999 2887/2078/999 2889/2080/172
f 2889/2080/172 2890/2079/172 2888/2076/999
f 2891/2070/172 2892/2072/999 2893/2069/172
f 2892/2072/999 2891/2070/172 2894/2071/999
f 2892/2072/999 2894/2071/999 2895/2074/773
f 2895/2074/773 2894/2071/999 2896/2073/773
f 2897/2085/172 2898/2084/172 2899/2065/999
f 2899/2065/999 2898/2084/172 2900/2082/999
f 2899/2065/999 2900/2082/999 2901/2081/773
f 2901/2081/773 2900/2082/999 2902/2083/773
f 2903/2092/1549 2905/2072/1550 2904/2091/1551
f 2905/2072/1550 2903/2092/1549 2906/2093/1552
f 2905/2072/1550 2906/2093/1552 2907/2094/1553
f 2907/2094/1553 2908/2095/1554 2905/2072/1550
f 2911/2078/1550 2909/2086/1510 2910/2087/1554
f 2909/2086/1510 2911/2078/1550 2912/2088/1552
f 2911/2078/1550 2913/2089/1555 2912/2088/1552
f 2914/2090/1551 2913/2089/1555 2911/2078/1550
f 2915/2103/1555 2917/2104/1550 2916/2102/1551
f 2917/2104/1550 2915/2103/1555 2919/2105/1552
f 2917/2104/1550 2919/2105/1552 2918/2106/1553
f 2918/2106/1553 2920/2107/1554 2917/2104/1550
f 2921/2100/1538 2923/2098/1550 2922/2101/1551
f 2923/2098/1550 2924/2096/1510 2925/2097/1554
f 2924/2096/1510 2923/2098/1550 2926/2099/1556
f 2923/2098/1550 2921/2100/1538 2926/2099/1556
f 2927/2113/172 2928/2114/172 2929/2104/999
f 2929/2104/999 2928/2114/172 2930/2115/999
f 2930/2115/999 2931/2117/773 2929/2104/999
f 2931/2117/773 2930/2115/999 2932/2116/773
f 2933/2110/773 2934/2108/773 2935/2098/999
f 2935/2098/999 2936/2109/999 2933/2110/773
f 2936/2109/999 2935/2098/999 2937/2112/172
f 2937/2112/172 2938/2111/172 2936/2109/999
f 2939/2155/1159 2940/2156/1159 2941/2157/1159
f 2941/2157/1159 2942/2158/1159 2939/2155/1159
f 2940/2156/1159 2943/2159/1159 2941/2157/1159
f 2942/2158/1159 2941/2157/1159 2944/2160/1159
f 2940/2156/1159 2945/2161/1159 2943/2159/1159
f 2944/2160/1159 2946/2162/1159 2942/2158/1159
f 2943/2159/1159 2945/2161/1159 2947/2163/1159
f 2946/2162/1159 2944/2160/1159 2948/2164/1159
f 2949/2165/1159 2947/2163/1159 2945/2161/1159
f 2948/2164/1159 2950/2166/1159 2946/2162/1159
f 2947/2163/1159 2949/2165/1159 2951/2167/1159
f 2950/2166/1159 2948/2164/1159 2952/2168/1159
f 2949/2165/1159 2953/2169/1159 2951/2167/1159
f 2952/2168/1159 2953/2169/1159 2950/2166/1159
f 2953/2169/1159 2954/2170/1159 2951/2167/1159
f 2953/2169/1159 2952/2168/1159 2954/2170/1159
f 2955/2170/1557 2958/2163/1558 2956/2167/1532
f 2959/2164/1559 2955/2170/1557 2957/2168/1560
f 2958/2163/1558 2955/2170/1557 2959/2164/1559
f 2959/2164/1559 2962/2157/1561 2958/2163/1558
f 2958/2163/1558 2962/2157/1561 2961/2159/1545
f 2962/2157/1561 2959/2164/1559 2960/2160/1562
f 2963/2171/1159 2964/2172/1159 2965/2173/1159
f 2964/2172/1159 2963/2171/1159 2966/2174/1159
f 2965/2173/1159 2967/2175/1159 2963/2171/1159
f 2966/2174/1159 2968/2176/1159 2964/2172/1159
f 2967/2175/1159 2965/2173/1159 2969/2177/1159
f 2964/2172/1159 2968/2176/1159 2970/2178/1159
f 2969/2177/1159 2971/2179/1159 2967/2175/1159
f 2972/2180/1159 2970/2178/1159 2968/2176/1159
f 2971/2179/1159 2969/2177/1159 2973/2181/1159
f 2970/2178/1159 2972/2180/1159 2974/2182/1159
f 2975/2183/1159 2971/2179/1159 2973/2181/1159
f 2972/2180/1159 2976/2184/1159 2974/2182/1159
f 2971/2179/1159 2975/2183/1159 2977/2185/1159
f 2975/2183/1159 2976/2184/1159 2977/2185/1159
f 2976/2184/1159 2975/2183/1159 2978/2186/1159
f 2976/2184/1159 2978/2186/1159 2974/2182/1159
f 2979/2187/1159 2980/2188/1159 2981/2189/1159
f 2982/2190/1159 2981/2189/1159 2980/2188/1159
f 2980/2188/1159 2979/2187/1159 2983/2191/1159
f 2982/2190/1159 2980/2188/1159 2984/2192/1159
f 2985/2193/1159 2983/2191/1159 2979/2187/1159
f 2986/2194/1159 2982/2190/1159 2984/2192/1159
f 2983/2191/1159 2985/2193/1159 2987/2195/1159
f 2986/2194/1159 2984/2192/1159 2988/2196/1159
f 2989/2197/1159 2987/2195/1159 2985/2193/1159
f 2988/2196/1159 2990/2198/1159 2986/2194/1159
f 2987/2195/1159 2989/2197/1159 2991/2199/1159
f 2990/2198/1159 2988/2196/1159 2992/2200/1159
f 2989/2197/1159 2993/2201/1159 2991/2199/1159
f 2993/2201/1159 2990/2198/1159 2992/2200/1159
f 2993/2201/1159 2989/2197/1159 2994/2202/1159
f 2990/2198/1159 2993/2201/1159 2994/2202/1159
f 2997/2203/1563 2995/2204/1564 2996/2205/1528
f 2995/2204/1564 2999/2206/1565 2998/2207/1537
f 2999/2206/1565 2995/2204/1564 3000/2208/1556
f 3000/2208/1556 2995/2204/1564 2997/2203/1563
f 3000/2208/1556 2997/2203/1563 3001/2209/1566
f 3001/2209/1566 2997/2203/1563 3002/2210/1509
f 3003/2211/1563 3005/2212/1564 3004/2213/1528
f 3007/2214/1566 3003/2211/1563 3006/2215/1509
f 3008/2216/1556 3003/2211/1563 3007/2214/1566
f 3008/2216/1556 3005/2212/1564 3003/2211/1563
f 3009/2217/1565 3005/2212/1564 3008/2216/1556
f 3005/2212/1564 3009/2217/1565 3010/2218/1537
f 3011/2219/1159 3012/2220/1159 3013/2221/1159
f 3014/2222/1159 3011/2219/1159 3013/2221/1159
f 3012/2220/1159 3011/2219/1159 3015/2223/1159
f 3011/2219/1159 3014/2222/1159 3016/2224/1159
f 3015/2223/1159 3017/2225/1159 3012/2220/1159
f 3018/2226/1159 3016/2224/1159 3014/2222/1159
f 3017/2225/1159 3015/2223/1159 3019/2227/1159
f 3020/2228/1159 3016/2224/1159 3018/2226/1159
f 3019/2227/1159 3021/2229/1159 3017/2225/1159
f 3022/2230/1159 3020/2228/1159 3018/2226/1159
f 3021/2229/1159 3019/2227/1159 3023/2231/1159
f 3020/2228/1159 3022/2230/1159 3024/2232/1159
f 3023/2231/1159 3025/2233/1159 3021/2229/1159
f 3025/2233/1159 3024/2232/1159 3022/2230/1159
f 3025/2233/1159 3023/2231/1159 3026/2234/1159
f 3024/2232/1159 3025/2233/1159 3026/2234/1159
f 3027/2235/1159 3028/2236/1159 3029/2237/1159
f 3030/2238/1159 3029/2237/1159 3028/2236/1159
f 3028/2236/1159 3027/2235/1159 3031/2239/1159
f 3029/2237/1159 3030/2238/1159 3032/2240/1159
f 3027/2235/1159 3033/2241/1159 3031/2239/1159
f 3034/2242/1159 3032/2240/1159 3030/2238/1159
f 3027/2235/1159 3035/2243/1159 3033/2241/1159
f 3032/2240/1159 3034/2242/1159 3036/2244/1159
f 3035/2243/1159 3037/2245/1159 3033/2241/1159
f 3038/2246/1159 3036/2244/1159 3034/2242/1159
f 3035/2243/1159 3039/2247/1159 3037/2245/1159
f 3036/2244/1159 3038/2246/1159 3040/2248/1159
f 3039/2247/1159 3041/2249/1159 3037/2245/1159
f 3042/2250/1159 3040/2248/1159 3038/2246/1159
f 3041/2249/1159 3039/2247/1159 3042/2250/1159
f 3038/2246/1159 3041/2249/1159 3042/2250/1159
f 3044/2251/1567 3045/2252/1537 3043/2253/1564
f 3045/2252/1537 3047/2254/1566 3046/2255/1538
f 3047/2254/1566 3045/2252/1537 3044/2251/1567
f 3046/2255/1538 3047/2254/1566 3048/2256/1568
f 3049/2257/1563 3047/2254/1566 3044/2251/1567
f 3047/2254/1566 3049/2257/1563 3050/2258/1509
f 3053/2259/1509 3052/2260/1528 3051/2261/1563
f 3055/2262/1565 3054/2263/1564 3052/2260/1528
f 3052/2260/1528 3053/2259/1509 3055/2262/1565
f 3054/2263/1564 3055/2262/1565 3056/2264/1537
f 3055/2262/1565 3053/2259/1509 3057/2265/1510
f 3055/2262/1565 3057/2265/1510 3058/2266/1556
