# Blender 5.1.1
# www.blender.org
mtllib keynade.mtl
o keynade
v -0.163456 0.196773 0.174447
v -0.252328 0.079064 0.006996
v -0.177252 0.079064 0.188244
v -0.163456 -0.038645 0.174447
v -0.232816 0.196773 0.006996
v -0.232816 -0.038645 0.006996
v -0.124166 0.296562 0.135157
v -0.124166 -0.138434 0.135157
v -0.177252 0.296562 0.006996
v -0.177252 -0.138434 0.006996
v -0.177252 0.079064 -0.174252
v -0.163456 -0.038645 -0.160456
v -0.252328 0.079064 0.006996
v -0.163456 0.196773 -0.160456
v -0.232816 -0.038645 0.006996
v -0.232816 0.196773 0.006996
v -0.124166 -0.138434 -0.121166
v -0.124166 0.296562 -0.121166
v -0.177252 -0.138434 0.006996
v -0.177252 0.296562 0.006996
v -0.079526 0.517603 0.055218
v -0.072025 0.526909 -0.036894
v -0.079526 0.517603 -0.041226
v -0.072025 0.526909 0.050886
v -0.122631 0.455570 -0.066113
v -0.122631 0.455570 0.080104
v -0.111049 0.468780 0.073417
v -0.111049 0.468780 -0.059426
v -0.113014 0.399599 0.074551
v -0.122631 0.455570 -0.066113
v -0.113014 0.399599 -0.060560
v -0.122631 0.455570 0.080104
v -0.170824 0.597355 0.033733
v -0.170824 0.597355 -0.019742
v -0.171029 0.506701 0.033704
v -0.171029 0.506701 -0.019713
v -0.118249 0.452630 0.033434
v -0.118249 0.452630 -0.019443
v -0.088701 0.268781 0.060514
v -0.088701 0.382673 0.060514
v -0.088701 0.268781 -0.046523
v -0.088701 0.382673 -0.046523
v -0.079526 0.517603 0.055218
v -0.071934 0.468780 -0.036842
v -0.071934 0.468780 0.050834
v -0.079526 0.517603 -0.041226
v 0.122750 0.507892 0.044926
v 0.117600 0.520040 0.032201
v 0.117353 0.520040 0.030495
v 0.117600 0.520040 -0.018209
v 0.122750 0.507892 -0.030934
v 0.117353 0.520040 -0.016505
v 0.118293 0.582825 0.035828
v 0.118293 0.582825 -0.021837
v 0.117600 0.520040 0.032201
v 0.117600 0.520040 -0.018209
v -0.124384 0.640823 0.033449
v -0.170824 0.597355 -0.019742
v -0.170824 0.597355 0.033733
v -0.124384 0.640823 -0.019458
v 0.132319 0.640823 0.033449
v 0.178761 0.597355 0.033733
v 0.132319 0.640823 -0.019458
v 0.178761 0.597355 -0.019742
v -0.124384 0.640823 0.033449
v 0.132319 0.640823 0.033449
v 0.132319 0.640823 -0.019458
v -0.124384 0.640823 -0.019458
v 0.132158 0.296562 -0.121166
v 0.185245 0.296562 0.006996
v 0.088633 0.364844 0.006996
v -0.124166 0.296562 0.135157
v -0.177252 0.296562 0.006996
v -0.055851 0.364844 0.066843
v -0.080641 0.364844 0.006996
v -0.124166 0.296562 -0.121166
v 0.003996 0.296562 -0.174252
v -0.055852 0.364844 -0.052852
v 0.003996 0.364844 -0.077640
v -0.124166 0.296562 -0.121166
v -0.177252 0.296562 0.006996
v -0.055852 0.364844 -0.052852
v -0.080641 0.364844 0.006996
v 0.132158 0.296562 -0.121166
v 0.003996 0.296562 -0.174252
v 0.063843 0.364844 -0.052852
v 0.003996 0.364844 -0.077640
v -0.072025 0.526909 0.050886
v 0.003996 0.526909 0.094776
v -0.072025 0.526909 -0.036894
v 0.080016 0.526909 -0.036894
v 0.003996 0.526909 -0.080785
v 0.080016 0.526909 0.050886
v 0.063843 0.364844 -0.052852
v 0.132158 0.296562 0.135157
v 0.185245 0.296562 0.006996
v 0.088633 0.364844 0.006996
v 0.063843 0.364844 0.066843
v 0.132158 0.296562 0.135157
v 0.003996 0.296562 0.188244
v 0.063843 0.364844 0.066843
v 0.003996 0.364844 0.091632
v -0.124166 0.296562 0.135157
v 0.003996 0.296562 0.188244
v -0.055851 0.364844 0.066843
v 0.003996 0.364844 0.091632
v 0.130624 0.455570 0.080104
v 0.003996 0.468780 0.139839
v 0.003996 0.455570 0.153212
v 0.119041 0.468780 0.073417
v 0.003996 0.455570 -0.139220
v 0.119041 0.468780 -0.059426
v 0.130624 0.455570 -0.066113
v 0.003996 0.468780 -0.125847
v 0.003996 0.468780 -0.125847
v -0.122631 0.455570 -0.066113
v -0.111049 0.468780 -0.059426
v 0.003996 0.455570 -0.139220
v -0.122631 0.455570 0.080104
v 0.003996 0.468780 0.139839
v -0.111049 0.468780 0.073417
v 0.003996 0.455570 0.153212
v 0.117353 0.520040 0.030495
v 0.003968 0.520040 -0.018676
v 0.003968 0.520040 0.032667
v 0.117353 0.520040 -0.016505
v 0.003968 0.520040 0.032667
v -0.109417 0.520040 -0.016504
v -0.109417 0.520040 0.030496
v 0.003968 0.520040 -0.018676
v -0.109665 0.520040 0.032201
v -0.109417 0.520040 0.030496
v -0.109665 0.520040 -0.018209
v 0.117600 0.520040 -0.018209
v 0.117353 0.520040 0.030495
v 0.117600 0.520040 0.032201
v 0.117353 0.520040 -0.016505
v 0.003968 0.507556 0.045278
v 0.122750 0.507892 0.044926
v 0.117353 0.520040 0.030495
v 0.003968 0.520040 0.032667
v 0.117353 0.520040 -0.016505
v 0.003968 0.507556 -0.031287
v 0.003968 0.520040 -0.018676
v 0.122750 0.507892 -0.030934
v 0.003968 0.507556 0.045278
v -0.109417 0.520040 0.030496
v -0.114816 0.507892 0.044926
v 0.003968 0.520040 0.032667
v 0.003968 0.507556 -0.031287
v -0.109417 0.520040 -0.016504
v 0.003968 0.520040 -0.018676
v -0.114816 0.507892 -0.030934
v -0.071934 0.468780 0.050834
v 0.003996 0.468780 0.139839
v 0.003996 0.468780 0.094672
v -0.111049 0.468780 0.073417
v 0.079926 0.468780 -0.036842
v 0.079926 0.468780 0.050834
v 0.119041 0.468780 0.073417
v 0.119041 0.468780 -0.059426
v -0.071934 0.468780 0.050834
v -0.111049 0.468780 -0.059426
v -0.111049 0.468780 0.073417
v -0.071934 0.468780 -0.036842
v 0.079926 0.468780 0.050834
v 0.003996 0.468780 0.139839
v 0.119041 0.468780 0.073417
v 0.003996 0.468780 0.094672
v 0.003996 0.468780 -0.125847
v 0.079926 0.468780 -0.036842
v 0.119041 0.468780 -0.059426
v 0.003996 0.468780 -0.080681
v -0.071934 0.468780 -0.036842
v 0.003996 0.468780 -0.080681
v 0.003996 0.468780 -0.125847
v -0.111049 0.468780 -0.059426
v 0.185245 0.079064 -0.174252
v -0.124384 0.640823 -0.019458
v 0.132319 0.640823 -0.019458
v 0.125191 0.627783 -0.031816
v -0.117255 0.627783 -0.031816
v -0.124384 0.640823 -0.019458
v -0.156220 0.590085 -0.032036
v -0.170824 0.597355 -0.019742
v -0.117255 0.627783 -0.031816
v 0.132319 0.640823 -0.019458
v 0.164155 0.590085 -0.032036
v 0.125191 0.627783 -0.031816
v 0.178761 0.597355 -0.019742
v 0.132158 -0.138434 -0.121166
v 0.003996 -0.038645 -0.229816
v -0.163456 -0.038645 -0.160456
v 0.003996 0.079064 -0.249329
v -0.124166 -0.138434 -0.121166
v 0.003996 -0.138434 -0.174252
v -0.177252 0.079064 -0.174252
v -0.163456 0.196773 -0.160456
v 0.003996 0.196773 -0.229816
v -0.124166 0.296562 -0.121166
v 0.003996 0.296562 -0.174252
v 0.171448 0.196773 -0.160456
v 0.003996 0.196773 -0.229816
v 0.132158 0.296562 -0.121166
v 0.003996 0.296562 -0.174252
v 0.171448 -0.038645 -0.160456
v 0.003996 -0.038645 -0.229816
v 0.003996 -0.138434 -0.174252
v 0.003996 0.517603 -0.089448
v 0.080016 0.526909 -0.036894
v 0.087519 0.517603 -0.041226
v 0.003996 0.526909 -0.080785
v 0.003996 0.517603 -0.089448
v -0.079526 0.517603 -0.041226
v -0.072025 0.526909 -0.036894
v 0.003996 0.526909 -0.080785
v 0.178965 0.506701 -0.019713
v 0.164155 0.590085 -0.032036
v 0.178761 0.597355 -0.019742
v 0.164187 0.512388 -0.032008
v -0.156220 0.590085 -0.032036
v -0.156252 0.512388 -0.032008
v -0.171029 0.506701 -0.019713
v -0.170824 0.597355 -0.019742
v -0.113014 0.399599 -0.060560
v 0.003996 0.455570 -0.139220
v 0.003996 0.399599 -0.128116
v -0.122631 0.455570 -0.066113
v 0.121006 0.399599 -0.060560
v 0.003996 0.399599 -0.128116
v 0.003996 0.455570 -0.139220
v 0.130624 0.455570 -0.066113
v 0.003996 0.268781 -0.100041
v -0.088701 0.268781 -0.046523
v -0.088701 0.382673 -0.046523
v 0.003996 0.382673 -0.100041
v 0.096693 0.268781 -0.046523
v 0.003996 0.268781 -0.100041
v 0.003996 0.382673 -0.100041
v 0.096693 0.382673 -0.046523
v -0.071934 0.468780 -0.036842
v 0.003996 0.517603 -0.089448
v 0.003996 0.468780 -0.080681
v -0.079526 0.517603 -0.041226
v 0.003996 0.468780 -0.080681
v 0.003996 0.517603 -0.089448
v 0.079926 0.468780 -0.036842
v 0.087519 0.517603 -0.041226
v -0.114816 0.507892 -0.030934
v -0.109665 0.520040 -0.018209
v -0.124234 0.513569 -0.031401
v 0.117600 0.520040 -0.018209
v 0.132169 0.513569 -0.031401
v 0.122750 0.507892 -0.030934
v -0.117255 0.627783 -0.031816
v 0.125191 0.627783 -0.031816
v -0.114393 0.600371 -0.031850
v 0.122328 0.600371 -0.031850
v 0.003968 0.507556 -0.031287
v 0.117130 0.464103 -0.031528
v 0.003968 0.464142 -0.031172
v 0.122750 0.507892 -0.030934
v -0.114816 0.507892 -0.030934
v 0.003968 0.507556 -0.031287
v -0.109194 0.464103 -0.031528
v 0.003968 0.464142 -0.031172
v 0.178965 0.506701 -0.019713
v 0.126184 0.452630 -0.019443
v 0.164187 0.512388 -0.032008
v 0.117130 0.464103 -0.031528
v -0.156252 0.512388 -0.032008
v -0.118249 0.452630 -0.019443
v -0.171029 0.506701 -0.019713
v -0.109194 0.464103 -0.031528
v -0.156220 0.590085 -0.032036
v -0.117255 0.627783 -0.031816
v -0.125682 0.590613 -0.031790
v -0.114393 0.600371 -0.031850
v 0.133617 0.590613 -0.031790
v 0.125191 0.627783 -0.031816
v 0.164155 0.590085 -0.032036
v 0.122328 0.600371 -0.031850
v 0.132169 0.513569 -0.031401
v 0.164155 0.590085 -0.032036
v 0.164187 0.512388 -0.032008
v 0.133617 0.590613 -0.031790
v -0.156252 0.512388 -0.032008
v -0.156220 0.590085 -0.032036
v -0.124234 0.513569 -0.031401
v -0.125682 0.590613 -0.031790
v -0.124234 0.513569 -0.031401
v -0.109194 0.464103 -0.031528
v -0.156252 0.512388 -0.032008
v -0.114816 0.507892 -0.030934
v 0.164187 0.512388 -0.032008
v 0.117130 0.464103 -0.031528
v 0.132169 0.513569 -0.031401
v 0.122750 0.507892 -0.030934
v 0.117130 0.464103 -0.031528
v 0.003968 0.452630 -0.024815
v 0.003968 0.464142 -0.031172
v -0.109194 0.464103 -0.031528
v 0.003968 0.452630 -0.024815
v 0.003968 0.464142 -0.031172
v 0.132169 0.513569 -0.031401
v 0.118293 0.582825 -0.021837
v 0.133617 0.590613 -0.031790
v 0.117600 0.520040 -0.018209
v -0.124234 0.513569 -0.031401
v -0.110358 0.582825 -0.021837
v -0.109665 0.520040 -0.018209
v -0.125682 0.590613 -0.031790
v 0.116263 0.584749 -0.022728
v -0.108327 0.584749 -0.022728
v -0.114393 0.600371 -0.031850
v 0.122328 0.600371 -0.031850
v -0.125682 0.590613 -0.031790
v -0.108327 0.584749 -0.022728
v -0.110358 0.582825 -0.021837
v -0.114393 0.600371 -0.031850
v 0.116263 0.584749 -0.022728
v 0.122328 0.600371 -0.031850
v 0.133617 0.590613 -0.031790
v 0.118293 0.582825 -0.021837
v 0.240807 -0.038645 0.006996
v 0.132158 -0.138434 -0.121166
v 0.171448 -0.038645 -0.160456
v 0.185245 -0.138434 0.006996
v 0.260319 0.079064 0.006996
v 0.185245 0.079064 -0.174252
v 0.171448 0.196773 -0.160456
v 0.240807 0.196773 0.006996
v 0.132158 0.296562 -0.121166
v 0.185245 0.296562 0.006996
v 0.178965 0.506701 -0.019713
v 0.178761 0.597355 0.033733
v 0.178965 0.506701 0.033704
v 0.178761 0.597355 -0.019742
v 0.087519 0.517603 0.055217
v 0.080016 0.526909 -0.036894
v 0.080016 0.526909 0.050886
v 0.087519 0.517603 -0.041226
v 0.171448 -0.038645 0.174447
v 0.240807 -0.038645 0.006996
v 0.132158 -0.138434 0.135157
v 0.185245 -0.138434 0.006996
v 0.185245 0.079064 0.188244
v 0.171448 0.196773 0.174447
v 0.240807 0.196773 0.006996
v 0.132158 0.296562 0.135157
v 0.185245 0.296562 0.006996
v 0.130624 0.455570 0.080104
v 0.119041 0.468780 -0.059426
v 0.119041 0.468780 0.073417
v 0.130624 0.455570 -0.066113
v 0.130624 0.455570 0.080104
v 0.121006 0.399599 -0.060560
v 0.130624 0.455570 -0.066113
v 0.121006 0.399599 0.074551
v 0.096693 0.268781 0.060514
v 0.096693 0.382673 -0.046523
v 0.096693 0.382673 0.060514
v 0.096693 0.268781 -0.046523
v 0.087519 0.517603 -0.041226
v 0.087519 0.517603 0.055217
v 0.079926 0.468780 0.050834
v 0.079926 0.468780 -0.036842
v -0.114816 0.507892 -0.030934
v -0.109665 0.520040 -0.018209
v -0.109417 0.520040 -0.016504
v -0.114816 0.507892 0.044926
v -0.109665 0.520040 0.032201
v -0.109417 0.520040 0.030496
v 0.178965 0.506701 0.033704
v 0.126184 0.452630 -0.019443
v 0.178965 0.506701 -0.019713
v 0.126184 0.452630 0.033434
v -0.109665 0.520040 -0.018209
v -0.110358 0.582825 0.035828
v -0.109665 0.520040 0.032201
v -0.110358 0.582825 -0.021837
v 0.132158 -0.138434 -0.121166
v 0.185245 -0.138434 0.006996
v 0.073357 -0.205111 -0.062365
v 0.102087 -0.205111 0.006996
v 0.003996 -0.228525 0.006996
v -0.124166 -0.138434 0.135157
v -0.177252 -0.138434 0.006996
v -0.094095 -0.205111 0.006996
v -0.065364 -0.205111 0.076357
v 0.003996 -0.228525 0.006996
v 0.003996 -0.205111 -0.091095
v 0.132158 -0.138434 -0.121166
v 0.073357 -0.205111 -0.062365
v 0.003996 -0.228525 0.006996
v -0.124166 -0.138434 -0.121166
v 0.003996 -0.138434 -0.174252
v 0.003996 -0.205111 -0.091095
v -0.065364 -0.205111 -0.062365
v 0.003996 -0.228525 0.006996
v -0.124166 -0.138434 -0.121166
v -0.177252 -0.138434 0.006996
v -0.094095 -0.205111 0.006996
v -0.065364 -0.205111 -0.062365
v 0.003996 -0.228525 0.006996
v 0.003996 -0.138434 -0.174252
v 0.132158 -0.138434 0.135157
v 0.185245 -0.138434 0.006996
v 0.073357 -0.205111 0.076357
v 0.102087 -0.205111 0.006996
v 0.003996 -0.228525 0.006996
v 0.132158 -0.138434 0.135157
v 0.003996 -0.138434 0.188244
v 0.073357 -0.205111 0.076357
v 0.003996 -0.205111 0.105086
v 0.003996 -0.228525 0.006996
v -0.124166 -0.138434 0.135157
v 0.003996 -0.138434 0.188244
v -0.065364 -0.205111 0.076357
v 0.003996 -0.205111 0.105086
v 0.003996 -0.228525 0.006996
v 0.103976 0.382673 0.064719
v 0.003996 0.399599 0.142107
v 0.003996 0.382673 0.122442
v 0.121006 0.399599 0.074551
v 0.121006 0.399599 -0.060560
v 0.121006 0.399599 0.074551
v 0.103976 0.382673 0.064719
v 0.103976 0.382673 -0.050727
v 0.003996 0.399599 -0.128116
v 0.103976 0.382673 -0.050727
v 0.003996 0.382673 -0.108450
v 0.121006 0.399599 -0.060560
v 0.003996 0.399599 -0.128116
v -0.095983 0.382673 -0.050727
v -0.113014 0.399599 -0.060560
v 0.003996 0.382673 -0.108450
v -0.095983 0.382673 0.064719
v -0.113014 0.399599 -0.060560
v -0.095983 0.382673 -0.050727
v -0.113014 0.399599 0.074551
v 0.003996 0.399599 0.142107
v -0.113014 0.399599 0.074551
v -0.095983 0.382673 0.064719
v 0.003996 0.382673 0.122442
v -0.088701 0.382673 0.060514
v -0.095983 0.382673 -0.050727
v -0.088701 0.382673 -0.046523
v -0.095983 0.382673 0.064719
v 0.003996 0.382673 -0.100041
v 0.103976 0.382673 -0.050727
v 0.096693 0.382673 -0.046523
v 0.003996 0.382673 -0.108450
v -0.095983 0.382673 0.064719
v 0.003996 0.382673 0.114032
v 0.003996 0.382673 0.122442
v -0.088701 0.382673 0.060514
v 0.003996 0.382673 0.114032
v 0.096693 0.382673 0.060514
v 0.103976 0.382673 0.064719
v 0.003996 0.382673 0.122442
v 0.003996 0.382673 -0.100041
v -0.095983 0.382673 -0.050727
v 0.003996 0.382673 -0.108450
v -0.088701 0.382673 -0.046523
v 0.103976 0.382673 0.064719
v 0.096693 0.382673 -0.046523
v 0.103976 0.382673 -0.050727
v 0.096693 0.382673 0.060514
v 0.117130 0.464103 0.045519
v 0.003968 0.452630 0.038806
v 0.003968 0.452630 0.030454
v 0.126184 0.452630 0.033434
v 0.117130 0.464103 -0.031528
v 0.003968 0.452630 -0.016462
v 0.003968 0.452630 -0.024815
v 0.126184 0.452630 -0.019443
v -0.109194 0.464103 0.045519
v 0.003968 0.452630 0.038806
v 0.003968 0.452630 0.030454
v -0.118249 0.452630 0.033434
v -0.109194 0.464103 -0.031528
v 0.003968 0.452630 -0.016462
v -0.118249 0.452630 -0.019443
v 0.003968 0.452630 -0.024815
v 0.003968 0.452630 0.006996
v 0.126184 0.452630 0.033434
v 0.003968 0.452630 0.030454
v 0.126184 0.452630 -0.019443
v 0.003968 0.452630 -0.016462
v -0.118249 0.452630 0.033434
v 0.003968 0.452630 0.006996
v 0.003968 0.452630 0.030454
v -0.118249 0.452630 -0.019443
v 0.003968 0.452630 -0.016462
v 0.116263 0.584749 0.036719
v -0.108327 0.584749 0.036719
v -0.108327 0.584749 -0.022728
v 0.116263 0.584749 -0.022728
v -0.108327 0.584749 -0.022728
v -0.108327 0.584749 0.036719
v -0.110358 0.582825 0.035828
v -0.110358 0.582825 -0.021837
v 0.116263 0.584749 0.036719
v 0.118293 0.582825 -0.021837
v 0.118293 0.582825 0.035828
v 0.116263 0.584749 -0.022728
v -0.124384 0.640823 0.033449
v 0.125191 0.627783 0.045808
v 0.132319 0.640823 0.033449
v -0.117255 0.627783 0.045808
v 0.178761 0.597355 0.033733
v 0.132319 0.640823 0.033449
v 0.164155 0.590085 0.046028
v 0.125191 0.627783 0.045808
v -0.156220 0.590085 0.046028
v -0.124384 0.640823 0.033449
v -0.170824 0.597355 0.033733
v -0.117255 0.627783 0.045808
v -0.177252 0.079064 0.188244
v 0.080016 0.526909 0.050886
v 0.003996 0.526909 0.094776
v 0.003996 0.517603 0.103439
v 0.087519 0.517603 0.055217
v -0.072025 0.526909 0.050886
v 0.003996 0.517603 0.103439
v 0.003996 0.526909 0.094776
v -0.079526 0.517603 0.055218
v 0.185245 0.079064 0.188244
v 0.171448 0.196773 0.174447
v 0.003996 0.079064 0.263319
v 0.171448 -0.038645 0.174447
v 0.003996 0.196773 0.243807
v 0.132158 0.296562 0.135157
v 0.003996 0.296562 0.188244
v 0.003996 -0.038645 0.243807
v 0.132158 -0.138434 0.135157
v 0.003996 -0.138434 0.188244
v -0.163456 -0.038645 0.174447
v 0.003996 -0.038645 0.243807
v -0.124166 -0.138434 0.135157
v 0.003996 -0.138434 0.188244
v -0.163456 0.196773 0.174447
v 0.003996 0.196773 0.243807
v -0.124166 0.296562 0.135157
v 0.003996 0.296562 0.188244
v 0.164155 0.590085 0.046028
v 0.178965 0.506701 0.033704
v 0.178761 0.597355 0.033733
v 0.164187 0.512388 0.046000
v -0.156220 0.590085 0.046028
v -0.171029 0.506701 0.033704
v -0.156251 0.512388 0.046000
v -0.170824 0.597355 0.033733
v 0.003996 0.455570 0.153212
v 0.121006 0.399599 0.074551
v 0.130624 0.455570 0.080104
v 0.003996 0.399599 0.142107
v 0.003996 0.455570 0.153212
v -0.122631 0.455570 0.080104
v -0.113014 0.399599 0.074551
v 0.003996 0.399599 0.142107
v -0.088701 0.268781 0.060514
v 0.003996 0.382673 0.114032
v -0.088701 0.382673 0.060514
v 0.003996 0.268781 0.114032
v 0.003996 0.268781 0.114032
v 0.096693 0.382673 0.060514
v 0.003996 0.382673 0.114032
v 0.096693 0.268781 0.060514
v 0.003996 0.517603 0.103439
v 0.079926 0.468780 0.050834
v 0.087519 0.517603 0.055217
v 0.003996 0.468780 0.094672
v 0.003996 0.517603 0.103439
v -0.079526 0.517603 0.055218
v -0.071934 0.468780 0.050834
v 0.003996 0.468780 0.094672
v 0.122750 0.507892 0.044926
v 0.117600 0.520040 0.032201
v 0.132169 0.513569 0.045393
v -0.114816 0.507892 0.044926
v -0.109665 0.520040 0.032201
v -0.124234 0.513569 0.045393
v 0.125191 0.627783 0.045808
v -0.114393 0.600371 0.045841
v 0.122328 0.600371 0.045841
v -0.117255 0.627783 0.045808
v 0.003968 0.507556 0.045278
v 0.117130 0.464103 0.045519
v 0.122750 0.507892 0.044926
v 0.003968 0.464142 0.045163
v 0.003968 0.507556 0.045278
v -0.109194 0.464103 0.045519
v 0.003968 0.464142 0.045163
v -0.114816 0.507892 0.044926
v 0.164187 0.512388 0.046000
v 0.126184 0.452630 0.033434
v 0.178965 0.506701 0.033704
v 0.117130 0.464103 0.045519
v -0.118249 0.452630 0.033434
v -0.156251 0.512388 0.046000
v -0.171029 0.506701 0.033704
v -0.109194 0.464103 0.045519
v 0.164155 0.590085 0.046028
v 0.125191 0.627783 0.045808
v 0.133617 0.590613 0.045781
v 0.122328 0.600371 0.045841
v -0.125682 0.590613 0.045781
v -0.117255 0.627783 0.045808
v -0.156220 0.590085 0.046028
v -0.114393 0.600371 0.045841
v 0.117130 0.464103 0.045519
v 0.132169 0.513569 0.045393
v 0.122750 0.507892 0.044926
v 0.164187 0.512388 0.046000
v -0.156251 0.512388 0.046000
v -0.109194 0.464103 0.045519
v -0.124234 0.513569 0.045393
v -0.114816 0.507892 0.044926
v 0.133617 0.590613 0.045781
v 0.132169 0.513569 0.045393
v 0.164155 0.590085 0.046028
v 0.164187 0.512388 0.046000
v -0.156220 0.590085 0.046028
v -0.124234 0.513569 0.045393
v -0.125682 0.590613 0.045781
v -0.156251 0.512388 0.046000
v 0.117130 0.464103 0.045519
v 0.003968 0.452630 0.038806
v 0.003968 0.464142 0.045163
v -0.109194 0.464103 0.045519
v 0.003968 0.452630 0.038806
v 0.003968 0.464142 0.045163
v 0.132169 0.513569 0.045393
v 0.133617 0.590613 0.045781
v 0.118293 0.582825 0.035828
v 0.117600 0.520040 0.032201
v -0.110358 0.582825 0.035828
v -0.124234 0.513569 0.045393
v -0.109665 0.520040 0.032201
v -0.125682 0.590613 0.045781
v 0.122328 0.600371 0.045841
v -0.114393 0.600371 0.045841
v -0.108327 0.584749 0.036719
v 0.116263 0.584749 0.036719
v -0.108327 0.584749 0.036719
v -0.125682 0.590613 0.045781
v -0.110358 0.582825 0.035828
v -0.114393 0.600371 0.045841
v 0.133617 0.590613 0.045781
v 0.116263 0.584749 0.036719
v 0.118293 0.582825 0.035828
v 0.122328 0.600371 0.045841
v -0.131732 0.122579 0.195573
v -0.148724 0.140544 0.237492
v -0.131732 0.003494 0.195573
v -0.148724 -0.014471 0.237491
v -0.148724 0.140544 0.237492
v -0.213434 0.120565 0.229991
v -0.213434 0.005508 0.229991
v -0.148724 -0.014471 0.237491
v -0.227305 0.122579 0.030017
v -0.210530 0.217999 0.130697
v -0.131732 0.122579 0.195573
v -0.272104 0.140545 0.023767
v -0.148724 0.140544 0.237492
v -0.148724 0.140544 0.237492
v -0.210530 0.217999 0.130697
v -0.213434 0.120565 0.229991
v -0.255552 0.178191 0.156688
v -0.297970 0.120565 0.083556
v -0.272104 0.140545 0.023767
v -0.297970 0.120565 0.083556
v -0.213434 0.120565 0.229991
v -0.255552 0.178191 0.156688
v -0.213434 0.005508 0.229991
v -0.297970 0.005508 0.083556
v -0.255552 -0.052118 0.156688
v -0.227305 0.122579 0.030017
v -0.272104 0.140545 0.023767
v -0.272104 -0.014471 0.023767
v -0.227305 0.003494 0.030017
v -0.297970 0.120565 0.083556
v -0.272104 0.140545 0.023767
v -0.272104 -0.014471 0.023767
v -0.297970 0.005508 0.083556
v -0.272104 -0.014471 0.023767
v -0.131732 0.003494 0.195573
v -0.227305 0.003494 0.030017
v -0.148724 -0.014471 0.237491
v -0.210530 -0.091926 0.130697
v -0.213434 0.005508 0.229991
v -0.148724 -0.014471 0.237491
v -0.210530 -0.091926 0.130697
v -0.272104 -0.014471 0.023767
v -0.255552 -0.052118 0.156688
v -0.297970 0.005508 0.083556
v -0.131732 0.122579 0.195573
v -0.131732 0.003494 0.195573
v -0.227305 0.122579 0.030017
v -0.179499 0.182159 0.112783
v -0.227305 0.003494 0.030017
v -0.179499 -0.056085 0.112783
v -0.227305 0.122579 0.030017
v -0.210530 0.217999 0.130697
v -0.179499 0.182159 0.112783
v -0.131732 0.122579 0.195573
v -0.131732 0.003494 0.195573
v -0.227305 0.003494 0.030017
v -0.210530 -0.091926 0.130697
v -0.179499 -0.056085 0.112783
v 0.181458 -0.129468 -0.139133
v 0.058136 -0.200037 -0.087363
v 0.153970 -0.116380 -0.127995
v 0.057352 -0.238421 -0.086005
v 0.126274 -0.172149 -0.080029
v 0.145406 -0.202066 -0.076695
v 0.058136 -0.200037 -0.087363
v 0.113545 -0.088462 -0.183324
v 0.017721 -0.172149 -0.142709
v 0.045417 -0.116380 -0.190675
v 0.126274 -0.172149 -0.080029
v 0.153970 -0.116380 -0.127995
v 0.113545 -0.088462 -0.183324
v 0.041321 -0.129468 -0.220050
v 0.045417 -0.116380 -0.190675
v 0.129433 -0.093275 -0.210838
v 0.181458 -0.129468 -0.139133
v 0.153970 -0.116380 -0.127995
v 0.041321 -0.129468 -0.220050
v 0.045417 -0.116380 -0.190675
v 0.017721 -0.172149 -0.142709
v 0.005269 -0.202066 -0.157613
v 0.058136 -0.200037 -0.087363
v 0.057352 -0.238421 -0.086005
v 0.131131 -0.143254 -0.213780
v 0.129433 -0.093275 -0.210838
v 0.041321 -0.129468 -0.220050
v 0.069757 -0.170346 -0.218353
v 0.005269 -0.202066 -0.157613
v 0.042997 -0.224230 -0.172008
v 0.131131 -0.143254 -0.213780
v 0.077568 -0.251113 -0.121015
v 0.042997 -0.224230 -0.172008
v 0.069757 -0.170346 -0.218353
v 0.139014 -0.224230 -0.116567
v 0.165773 -0.170346 -0.162911
v 0.145406 -0.202066 -0.076695
v 0.005269 -0.202066 -0.157613
v 0.139014 -0.224230 -0.116567
v 0.042997 -0.224230 -0.172008
v 0.077568 -0.251113 -0.121015
v 0.057352 -0.238421 -0.086005
v 0.181458 -0.129468 -0.139133
v 0.131131 -0.143254 -0.213780
v 0.129433 -0.093275 -0.210838
v 0.165773 -0.170346 -0.162911
v 0.145406 -0.202066 -0.076695
v 0.139014 -0.224230 -0.116567
v 0.219241 -0.129468 0.087904
v 0.112738 -0.200037 0.006999
v 0.195849 -0.116380 0.069670
v 0.111170 -0.238421 0.006999
v 0.140462 -0.172149 0.069673
v 0.147142 -0.202066 0.087908
v 0.112738 -0.200037 0.006999
v 0.223546 -0.088462 0.006994
v 0.140456 -0.172149 -0.055677
v 0.195845 -0.116380 -0.055681
v 0.140462 -0.172149 0.069673
v 0.195849 -0.116380 0.069670
v 0.223546 -0.088462 0.006994
v 0.219232 -0.129468 -0.073917
v 0.195845 -0.116380 -0.055681
v 0.255319 -0.093275 0.006993
v 0.219241 -0.129468 0.087904
v 0.195849 -0.116380 0.069670
v 0.219232 -0.129468 -0.073917
v 0.195845 -0.116380 -0.055681
v 0.140456 -0.172149 -0.055677
v 0.147135 -0.202066 -0.073913
v 0.112738 -0.200037 0.006999
v 0.111170 -0.238421 0.006999
v 0.258717 -0.143254 0.006992
v 0.255319 -0.093275 0.006993
v 0.219232 -0.129468 -0.073917
v 0.231983 -0.170346 -0.048444
v 0.147135 -0.202066 -0.073913
v 0.178469 -0.224230 -0.048441
v 0.258717 -0.143254 0.006992
v 0.151597 -0.251113 0.006997
v 0.178469 -0.224230 -0.048441
v 0.231983 -0.170346 -0.048444
v 0.178475 -0.224230 0.062433
v 0.231988 -0.170346 0.062430
v 0.147142 -0.202066 0.087908
v 0.147135 -0.202066 -0.073913
v 0.178475 -0.224230 0.062433
v 0.178469 -0.224230 -0.048441
v 0.151597 -0.251113 0.006997
v 0.111170 -0.238421 0.006999
v 0.219241 -0.129468 0.087904
v 0.258717 -0.143254 0.006992
v 0.255319 -0.093275 0.006993
v 0.231988 -0.170346 0.062430
v 0.147142 -0.202066 0.087908
v 0.178475 -0.224230 0.062433
v 0.041318 -0.129468 0.234039
v 0.058139 -0.200037 0.101352
v 0.045415 -0.116380 0.204664
v 0.057355 -0.238421 0.099995
v 0.017721 -0.172149 0.156697
v 0.005269 -0.202066 0.171600
v 0.058139 -0.200037 0.101352
v 0.113543 -0.088462 0.197316
v 0.126278 -0.172149 0.094022
v 0.153971 -0.116380 0.141989
v 0.017721 -0.172149 0.156697
v 0.045415 -0.116380 0.204664
v 0.113543 -0.088462 0.197316
v 0.181459 -0.129468 0.153128
v 0.153971 -0.116380 0.141989
v 0.129429 -0.093275 0.224831
v 0.041318 -0.129468 0.234039
v 0.045415 -0.116380 0.204664
v 0.181459 -0.129468 0.153128
v 0.153971 -0.116380 0.141989
v 0.126278 -0.172149 0.094022
v 0.145410 -0.202066 0.090689
v 0.058139 -0.200037 0.101352
v 0.057355 -0.238421 0.099995
v 0.131127 -0.143254 0.227773
v 0.129429 -0.093275 0.224831
v 0.181459 -0.129468 0.153128
v 0.165773 -0.170346 0.176907
v 0.145410 -0.202066 0.090689
v 0.139016 -0.224230 0.130561
v 0.131127 -0.143254 0.227773
v 0.077568 -0.251113 0.135006
v 0.139016 -0.224230 0.130561
v 0.165773 -0.170346 0.176907
v 0.042996 -0.224230 0.185998
v 0.069753 -0.170346 0.232343
v 0.005269 -0.202066 0.171600
v 0.145410 -0.202066 0.090689
v 0.042996 -0.224230 0.185998
v 0.139016 -0.224230 0.130561
v 0.077568 -0.251113 0.135006
v 0.057355 -0.238421 0.099995
v 0.041318 -0.129468 0.234039
v 0.131127 -0.143254 0.227773
v 0.129429 -0.093275 0.224831
v 0.069753 -0.170346 0.232343
v 0.005269 -0.202066 0.171600
v 0.042996 -0.224230 0.185998
v 0.130054 0.243006 -0.211375
v 0.124732 0.194198 -0.202160
v 0.179989 0.237624 -0.135060
v 0.167086 0.275452 -0.163968
v 0.149557 0.324669 -0.082349
v 0.144498 0.340061 -0.124843
v 0.084837 0.372332 -0.133059
v 0.008562 0.324669 -0.163752
v 0.063887 0.368231 -0.096771
v 0.047892 0.340061 -0.180617
v 0.149557 0.324669 -0.082349
v 0.144498 0.340061 -0.124843
v 0.084837 0.372332 -0.133059
v 0.063887 0.368231 -0.096771
v 0.151560 0.229558 -0.122511
v 0.128181 0.296428 -0.082018
v 0.108642 0.196090 -0.174290
v 0.042342 0.229558 -0.185568
v 0.061869 0.329871 -0.093276
v 0.018964 0.296428 -0.145075
v 0.061869 0.329871 -0.093276
v 0.149557 0.324669 -0.082349
v 0.063887 0.368231 -0.096771
v 0.128181 0.296428 -0.082018
v 0.179989 0.237624 -0.135060
v 0.151560 0.229558 -0.122511
v 0.061869 0.329871 -0.093276
v 0.063887 0.368231 -0.096771
v 0.008562 0.324669 -0.163752
v 0.018964 0.296428 -0.145075
v 0.038995 0.237624 -0.216464
v 0.042342 0.229558 -0.185568
v 0.179989 0.237624 -0.135060
v 0.038995 0.237624 -0.216464
v 0.151560 0.229558 -0.122511
v 0.042342 0.229558 -0.185568
v 0.108642 0.196090 -0.174290
v 0.124732 0.194198 -0.202160
v 0.070481 0.275452 -0.219743
v 0.144498 0.340061 -0.124843
v 0.167086 0.275452 -0.163968
v 0.130054 0.243006 -0.211375
v 0.047892 0.340061 -0.180617
v 0.084837 0.372332 -0.133059
v 0.008562 0.324669 -0.163752
v 0.047892 0.340061 -0.180617
v 0.070481 0.275452 -0.219743
v 0.038995 0.237624 -0.216464
v 0.130054 0.243006 -0.211375
v 0.124732 0.194198 -0.202160
v -0.122612 0.243006 -0.211427
v -0.117291 0.194198 -0.202211
v -0.031554 0.237624 -0.216519
v -0.063040 0.275452 -0.219797
v -0.001118 0.324669 -0.163809
v -0.040449 0.340061 -0.180674
v -0.077393 0.372332 -0.133113
v -0.142109 0.324669 -0.082399
v -0.056440 0.368231 -0.096826
v -0.137051 0.340061 -0.124894
v -0.001118 0.324669 -0.163809
v -0.040449 0.340061 -0.180674
v -0.077393 0.372332 -0.133113
v -0.056440 0.368231 -0.096826
v -0.034899 0.229558 -0.185624
v -0.011518 0.296428 -0.145131
v -0.101199 0.196090 -0.174342
v -0.144115 0.229558 -0.122562
v -0.054421 0.329871 -0.093330
v -0.120734 0.296428 -0.082070
v -0.054421 0.329871 -0.093330
v -0.001118 0.324669 -0.163809
v -0.056440 0.368231 -0.096826
v -0.011518 0.296428 -0.145131
v -0.031554 0.237624 -0.216519
v -0.034899 0.229558 -0.185624
v -0.054421 0.329871 -0.093330
v -0.056440 0.368231 -0.096826
v -0.142109 0.324669 -0.082399
v -0.120734 0.296428 -0.082070
v -0.172545 0.237624 -0.135110
v -0.144115 0.229558 -0.122562
v -0.031554 0.237624 -0.216519
v -0.172545 0.237624 -0.135110
v -0.034899 0.229558 -0.185624
v -0.144115 0.229558 -0.122562
v -0.101199 0.196090 -0.174342
v -0.117291 0.194198 -0.202211
v -0.159643 0.275452 -0.164017
v -0.040449 0.340061 -0.180674
v -0.063040 0.275452 -0.219797
v -0.122612 0.243006 -0.211427
v -0.137051 0.340061 -0.124894
v -0.077393 0.372332 -0.133113
v -0.142109 0.324669 -0.082399
v -0.137051 0.340061 -0.124894
v -0.159643 0.275452 -0.164017
v -0.172545 0.237624 -0.135110
v -0.122612 0.243006 -0.211427
v -0.117291 0.194198 -0.202211
v -0.248667 0.243006 0.006939
v -0.238026 0.194198 0.006940
v -0.207541 0.237624 -0.074462
v -0.226124 0.275452 -0.048835
v -0.146674 0.324669 -0.074459
v -0.180948 0.340061 -0.048832
v -0.158236 0.372332 0.006944
v -0.146682 0.324669 0.088347
v -0.116333 0.368231 0.006946
v -0.180952 0.340061 0.062717
v -0.146674 0.324669 -0.074459
v -0.180948 0.340061 -0.048832
v -0.158236 0.372332 0.006944
v -0.116333 0.368231 0.006946
v -0.182459 0.229558 -0.056114
v -0.135701 0.296428 -0.056113
v -0.205844 0.196091 0.006942
v -0.182465 0.229558 0.069999
v -0.112297 0.329871 0.006946
v -0.135707 0.296428 0.070002
v -0.112297 0.329871 0.006946
v -0.146674 0.324669 -0.074459
v -0.116333 0.368231 0.006946
v -0.135701 0.296428 -0.056113
v -0.207541 0.237624 -0.074462
v -0.182459 0.229558 -0.056114
v -0.112297 0.329871 0.006946
v -0.116333 0.368231 0.006946
v -0.146682 0.324669 0.088347
v -0.135707 0.296428 0.070002
v -0.207548 0.237624 0.088344
v -0.182465 0.229558 0.069999
v -0.207541 0.237624 -0.074462
v -0.207548 0.237624 0.088344
v -0.182459 0.229558 -0.056114
v -0.182465 0.229558 0.069999
v -0.205844 0.196091 0.006942
v -0.238026 0.194198 0.006940
v -0.226130 0.275452 0.062715
v -0.180948 0.340061 -0.048832
v -0.226124 0.275452 -0.048835
v -0.248667 0.243006 0.006939
v -0.180952 0.340061 0.062717
v -0.158236 0.372332 0.006944
v -0.146682 0.324669 0.088347
v -0.180952 0.340061 0.062717
v -0.226130 0.275452 0.062715
v -0.207548 0.237624 0.088344
v -0.248667 0.243006 0.006939
v -0.238026 0.194198 0.006940
v -0.033783 -0.129468 -0.220047
v -0.050604 -0.200037 -0.087361
v -0.037879 -0.116380 -0.190672
v -0.049820 -0.238421 -0.086003
v -0.010185 -0.172149 -0.142705
v 0.002267 -0.202066 -0.157608
v -0.050604 -0.200037 -0.087361
v -0.106008 -0.088462 -0.183324
v -0.118742 -0.172149 -0.080030
v -0.146436 -0.116380 -0.127997
v -0.010185 -0.172149 -0.142705
v -0.037879 -0.116380 -0.190672
v -0.106008 -0.088462 -0.183324
v -0.173923 -0.129468 -0.139137
v -0.146436 -0.116380 -0.127997
v -0.121894 -0.093275 -0.210839
v -0.033783 -0.129468 -0.220047
v -0.037879 -0.116380 -0.190672
v -0.173923 -0.129468 -0.139137
v -0.146436 -0.116380 -0.127997
v -0.118742 -0.172149 -0.080030
v -0.137875 -0.202066 -0.076697
v -0.050604 -0.200037 -0.087361
v -0.049820 -0.238421 -0.086003
v -0.123592 -0.143254 -0.213781
v -0.121894 -0.093275 -0.210839
v -0.173923 -0.129468 -0.139137
v -0.158237 -0.170346 -0.162915
v -0.137875 -0.202066 -0.076697
v -0.131480 -0.224230 -0.116569
v -0.123592 -0.143254 -0.213781
v -0.070033 -0.251113 -0.121014
v -0.131480 -0.224230 -0.116569
v -0.158237 -0.170346 -0.162915
v -0.035461 -0.224230 -0.172006
v -0.062218 -0.170346 -0.218351
v 0.002267 -0.202066 -0.157608
v -0.137875 -0.202066 -0.076697
v -0.035461 -0.224230 -0.172006
v -0.131480 -0.224230 -0.116569
v -0.070033 -0.251113 -0.121014
v -0.049820 -0.238421 -0.086003
v -0.033783 -0.129468 -0.220047
v -0.123592 -0.143254 -0.213781
v -0.121894 -0.093275 -0.210839
v -0.062218 -0.170346 -0.218351
v 0.002267 -0.202066 -0.157608
v -0.035461 -0.224230 -0.172006
v -0.211705 -0.129468 -0.073913
v -0.105203 -0.200037 0.006993
v -0.188313 -0.116380 -0.055678
v -0.103635 -0.238421 0.006993
v -0.132926 -0.172149 -0.055681
v -0.139607 -0.202066 -0.073917
v -0.105203 -0.200037 0.006993
v -0.216012 -0.088462 0.006997
v -0.132921 -0.172149 0.069669
v -0.188308 -0.116380 0.069672
v -0.132926 -0.172149 -0.055681
v -0.188313 -0.116380 -0.055678
v -0.216012 -0.088462 0.006997
v -0.211698 -0.129468 0.087908
v -0.188308 -0.116380 0.069672
v -0.247783 -0.093275 0.006999
v -0.211705 -0.129468 -0.073913
v -0.188313 -0.116380 -0.055678
v -0.211698 -0.129468 0.087908
v -0.188308 -0.116380 0.069672
v -0.132921 -0.172149 0.069669
v -0.139599 -0.202066 0.087905
v -0.105203 -0.200037 0.006993
v -0.103635 -0.238421 0.006993
v -0.251180 -0.143254 0.007000
v -0.247783 -0.093275 0.006999
v -0.211698 -0.129468 0.087908
v -0.224448 -0.170346 0.062435
v -0.139599 -0.202066 0.087905
v -0.170933 -0.224230 0.062433
v -0.251180 -0.143254 0.007000
v -0.144062 -0.251113 0.006994
v -0.170933 -0.224230 0.062433
v -0.224448 -0.170346 0.062435
v -0.170939 -0.224230 -0.048441
v -0.224453 -0.170346 -0.048439
v -0.139607 -0.202066 -0.073917
v -0.139599 -0.202066 0.087905
v -0.170939 -0.224230 -0.048441
v -0.170933 -0.224230 0.062433
v -0.144062 -0.251113 0.006994
v -0.103635 -0.238421 0.006993
v -0.211705 -0.129468 -0.073913
v -0.251180 -0.143254 0.007000
v -0.247783 -0.093275 0.006999
v -0.224453 -0.170346 -0.048439
v -0.139607 -0.202066 -0.073917
v -0.170939 -0.224230 -0.048441
v -0.173923 -0.129468 0.153124
v -0.050600 -0.200037 0.101354
v -0.146435 -0.116380 0.141986
v -0.049816 -0.238421 0.099996
v -0.118739 -0.172149 0.094020
v -0.137871 -0.202066 0.090687
v -0.050600 -0.200037 0.101354
v -0.106009 -0.088462 0.197315
v -0.010185 -0.172149 0.156701
v -0.037881 -0.116380 0.204667
v -0.118739 -0.172149 0.094020
v -0.146435 -0.116380 0.141986
v -0.106009 -0.088462 0.197315
v -0.033785 -0.129468 0.234041
v -0.037881 -0.116380 0.204667
v -0.121897 -0.093275 0.224830
v -0.173923 -0.129468 0.153124
v -0.146435 -0.116380 0.141986
v -0.033785 -0.129468 0.234041
v -0.037881 -0.116380 0.204667
v -0.010185 -0.172149 0.156701
v 0.002266 -0.202066 0.171604
v -0.050600 -0.200037 0.101354
v -0.049816 -0.238421 0.099996
v -0.123595 -0.143254 0.227771
v -0.121897 -0.093275 0.224830
v -0.033785 -0.129468 0.234041
v -0.062221 -0.170346 0.232344
v 0.002266 -0.202066 0.171604
v -0.035461 -0.224230 0.186001
v -0.123595 -0.143254 0.227771
v -0.070032 -0.251113 0.135006
v -0.035461 -0.224230 0.186001
v -0.062221 -0.170346 0.232344
v -0.131478 -0.224230 0.130560
v -0.158237 -0.170346 0.176903
v -0.137871 -0.202066 0.090687
v 0.002266 -0.202066 0.171604
v -0.131478 -0.224230 0.130560
v -0.035461 -0.224230 0.186001
v -0.070032 -0.251113 0.135006
v -0.049816 -0.238421 0.099996
v -0.173923 -0.129468 0.153124
v -0.123595 -0.143254 0.227771
v -0.121897 -0.093275 0.224830
v -0.158237 -0.170346 0.176903
v -0.137871 -0.202066 0.090687
v -0.131478 -0.224230 0.130560
v 0.255749 0.243006 0.006939
v 0.245103 0.194198 0.006938
v 0.214619 0.237624 0.088340
v 0.233206 0.275452 0.062712
v 0.153754 0.324669 0.088337
v 0.188027 0.340061 0.062710
v 0.165315 0.372332 0.006934
v 0.153762 0.324669 -0.074470
v 0.123413 0.368231 0.006932
v 0.188031 0.340061 -0.048839
v 0.153754 0.324669 0.088337
v 0.188027 0.340061 0.062710
v 0.165315 0.372332 0.006934
v 0.123413 0.368231 0.006932
v 0.189539 0.229558 0.069992
v 0.142780 0.296428 0.069990
v 0.212924 0.196091 0.006936
v 0.189544 0.229558 -0.056122
v 0.119377 0.329871 0.006932
v 0.142787 0.296428 -0.056124
v 0.119377 0.329871 0.006932
v 0.153754 0.324669 0.088337
v 0.123413 0.368231 0.006932
v 0.142780 0.296428 0.069990
v 0.214619 0.237624 0.088340
v 0.189539 0.229558 0.069992
v 0.119377 0.329871 0.006932
v 0.123413 0.368231 0.006932
v 0.153762 0.324669 -0.074470
v 0.142787 0.296428 -0.056124
v 0.214628 0.237624 -0.074466
v 0.189544 0.229558 -0.056122
v 0.214619 0.237624 0.088340
v 0.214628 0.237624 -0.074466
v 0.189539 0.229558 0.069992
v 0.189544 0.229558 -0.056122
v 0.212924 0.196091 0.006936
v 0.245103 0.194198 0.006938
v 0.233211 0.275452 -0.048838
v 0.188027 0.340061 0.062710
v 0.233206 0.275452 0.062712
v 0.255749 0.243006 0.006939
v 0.188031 0.340061 -0.048839
v 0.165315 0.372332 0.006934
v 0.153762 0.324669 -0.074470
v 0.188031 0.340061 -0.048839
v 0.233211 0.275452 -0.048838
v 0.214628 0.237624 -0.074466
v 0.255749 0.243006 0.006939
v 0.245103 0.194198 0.006938
v 0.129692 0.243006 0.225418
v 0.124371 0.194198 0.216203
v 0.038633 0.237624 0.230511
v 0.070119 0.275452 0.233788
v 0.008197 0.324669 0.177800
v 0.047529 0.340061 0.194664
v 0.084472 0.372332 0.147104
v 0.149189 0.324669 0.096391
v 0.063520 0.368231 0.110817
v 0.144131 0.340061 0.138885
v 0.008197 0.324669 0.177800
v 0.047529 0.340061 0.194664
v 0.084472 0.372332 0.147104
v 0.063520 0.368231 0.110817
v 0.041979 0.229558 0.199615
v 0.018598 0.296428 0.159124
v 0.108279 0.196091 0.188334
v 0.151194 0.229558 0.136554
v 0.061502 0.329871 0.107322
v 0.127812 0.296428 0.096061
v 0.061502 0.329871 0.107322
v 0.008197 0.324669 0.177800
v 0.063520 0.368231 0.110817
v 0.018598 0.296428 0.159124
v 0.038633 0.237624 0.230511
v 0.041979 0.229558 0.199615
v 0.061502 0.329871 0.107322
v 0.063520 0.368231 0.110817
v 0.149189 0.324669 0.096391
v 0.127812 0.296428 0.096061
v 0.179624 0.237624 0.149102
v 0.151194 0.229558 0.136554
v 0.038633 0.237624 0.230511
v 0.179624 0.237624 0.149102
v 0.041979 0.229558 0.199615
v 0.151194 0.229558 0.136554
v 0.108279 0.196091 0.188334
v 0.124371 0.194198 0.216203
v 0.166722 0.275452 0.178010
v 0.047529 0.340061 0.194664
v 0.070119 0.275452 0.233788
v 0.129692 0.243006 0.225418
v 0.144131 0.340061 0.138885
v 0.084472 0.372332 0.147104
v 0.149189 0.324669 0.096391
v 0.144131 0.340061 0.138885
v 0.166722 0.275452 0.178010
v 0.179624 0.237624 0.149102
v 0.129692 0.243006 0.225418
v 0.124371 0.194198 0.216203
v -0.122518 0.243006 0.225366
v -0.117197 0.194198 0.216150
v -0.172454 0.237624 0.149053
v -0.159550 0.275452 0.177959
v -0.142022 0.324669 0.096340
v -0.136962 0.340061 0.138834
v -0.077302 0.372332 0.147051
v -0.001026 0.324669 0.177743
v -0.056351 0.368231 0.110762
v -0.040357 0.340061 0.194609
v -0.142022 0.324669 0.096340
v -0.136962 0.340061 0.138834
v -0.077302 0.372332 0.147051
v -0.056351 0.368231 0.110762
v -0.144024 0.229558 0.136503
v -0.120646 0.296428 0.096009
v -0.101107 0.196091 0.188281
v -0.034806 0.229558 0.199560
v -0.054334 0.329871 0.107267
v -0.011427 0.296428 0.159066
v -0.054334 0.329871 0.107267
v -0.142022 0.324669 0.096340
v -0.056351 0.368231 0.110762
v -0.120646 0.296428 0.096009
v -0.172454 0.237624 0.149053
v -0.144024 0.229558 0.136503
v -0.054334 0.329871 0.107267
v -0.056351 0.368231 0.110762
v -0.001026 0.324669 0.177743
v -0.011427 0.296428 0.159066
v -0.031460 0.237624 0.230456
v -0.034806 0.229558 0.199560
v -0.172454 0.237624 0.149053
v -0.031460 0.237624 0.230456
v -0.144024 0.229558 0.136503
v -0.034806 0.229558 0.199560
v -0.101107 0.196091 0.188281
v -0.117197 0.194198 0.216150
v -0.062946 0.275452 0.233734
v -0.136962 0.340061 0.138834
v -0.159550 0.275452 0.177959
v -0.122518 0.243006 0.225366
v -0.040357 0.340061 0.194609
v -0.077302 0.372332 0.147051
v -0.001026 0.324669 0.177743
v -0.040357 0.340061 0.194609
v -0.062946 0.275452 0.233734
v -0.031460 0.237624 0.230456
v -0.122518 0.243006 0.225366
v -0.117197 0.194198 0.216150
v -0.021544 0.130056 0.298275
v -0.021544 0.130056 0.306534
v -0.032879 0.105430 0.298299
v -0.032879 0.105430 0.306557
v -0.032003 0.103527 0.298299
v -0.032003 0.103527 0.306557
v -0.021544 0.080802 0.298322
v -0.021544 0.080802 0.306579
v -0.035459 0.027540 0.298375
v -0.035459 0.027540 0.306633
v -0.040699 0.006986 0.298396
v -0.040699 0.006986 0.306653
v 0.033184 0.130056 0.306543
v 0.033184 0.130056 0.298284
v 0.006040 0.140176 0.306520
v 0.006040 0.140176 0.298262
v -0.021544 0.130056 0.298275
v -0.021544 0.130056 0.306534
v 0.047051 0.027358 0.298375
v 0.033184 0.080802 0.306579
v 0.047051 0.027358 0.306633
v 0.052338 0.006986 0.298396
v 0.052338 0.006986 0.306653
v 0.033184 0.080802 0.298322
v 0.043707 0.103666 0.306564
v 0.043707 0.103666 0.298306
v 0.044518 0.105430 0.298308
v 0.044518 0.105430 0.306565
v 0.033184 0.130056 0.306543
v 0.033184 0.130056 0.298284
v -0.040699 0.006986 0.298396
v 0.006040 0.006986 0.298396
v -0.040699 0.006986 0.306653
v 0.006040 0.006986 0.306653
v 0.052338 0.006986 0.298396
v 0.052338 0.006986 0.306653
v 0.033184 0.080802 0.306579
v 0.006040 0.006986 0.306653
v 0.047051 0.027358 0.306633
v 0.052338 0.006986 0.306653
v -0.035459 0.027540 0.306633
v -0.040699 0.006986 0.306653
v -0.021544 0.080802 0.306579
v 0.006040 0.140176 0.306520
v -0.021544 0.130056 0.306534
v -0.032003 0.103527 0.306557
v -0.032879 0.105430 0.306557
v 0.033184 0.130056 0.306543
v 0.043707 0.103666 0.306564
v 0.044518 0.105430 0.306565
v -0.091586 0.122579 0.218703
v -0.119395 0.140544 0.254377
v -0.119395 -0.014471 0.254377
v -0.091586 0.003494 0.218703
v -0.080547 0.120565 0.306669
v -0.119395 0.140544 0.254377
v -0.119395 -0.014471 0.254377
v -0.080547 0.005508 0.306669
v 0.099577 0.122579 0.218703
v 0.003996 0.217999 0.254511
v 0.127386 0.140544 0.254377
v -0.091586 0.122579 0.218703
v -0.119395 0.140544 0.254377
v -0.080547 0.120565 0.306669
v 0.003996 0.178191 0.306497
v 0.003996 0.217999 0.254511
v 0.088538 0.120565 0.306669
v -0.119395 0.140544 0.254377
v 0.127386 0.140544 0.254377
v -0.091586 0.003494 0.218703
v 0.099577 0.003494 0.218703
v 0.003996 -0.056085 0.218681
v -0.091586 0.122579 0.218703
v 0.099577 0.122579 0.218703
v 0.003996 0.182159 0.218681
v 0.099577 0.122579 0.218703
v 0.003996 0.217999 0.254511
v 0.003996 0.182159 0.218681
v 0.099577 0.003494 0.218703
v -0.091586 0.122579 0.218703
v 0.003996 -0.091926 0.254511
v 0.003996 -0.056085 0.218681
v -0.091586 0.003494 0.218703
v 0.099577 0.122579 0.218703
v 0.127386 0.140544 0.254377
v 0.099577 0.003494 0.218703
v 0.127386 -0.014471 0.254377
v 0.088538 0.120565 0.306669
v 0.127386 0.140544 0.254377
v 0.088538 0.005508 0.306669
v 0.127386 -0.014471 0.254377
v 0.099577 0.003494 0.218703
v 0.127386 -0.014471 0.254377
v 0.003996 -0.091926 0.254511
v -0.119395 -0.014471 0.254377
v -0.091586 0.003494 0.218703
v -0.119395 -0.014471 0.254377
v 0.088538 0.005508 0.306669
v -0.080547 0.005508 0.306669
v 0.127386 -0.014471 0.254377
v 0.003996 -0.091926 0.254511
v 0.003996 -0.052118 0.306497
v -0.080547 0.120565 0.306669
v -0.021181 0.080800 0.306594
v -0.031639 0.103525 0.306571
v -0.032516 0.105428 0.306571
v -0.035097 0.027538 0.306647
v -0.021181 0.130055 0.306548
v -0.080547 0.005508 0.306669
v 0.003996 0.178191 0.306497
v -0.040336 0.006984 0.306668
v 0.006403 0.140174 0.306534
v 0.003996 -0.052118 0.306497
v 0.033547 0.130055 0.306557
v 0.006403 0.006984 0.306668
v 0.052702 0.006984 0.306668
v 0.088538 0.005508 0.306669
v 0.047415 0.027356 0.306647
v 0.088538 0.120565 0.306669
v 0.044881 0.105428 0.306580
v 0.033547 0.080800 0.306594
v 0.044070 0.103665 0.306578
v 0.139267 0.122579 -0.181696
v 0.156259 0.140545 -0.223614
v 0.139267 0.003494 -0.181696
v 0.156259 -0.014471 -0.223614
v 0.156259 0.140545 -0.223614
v 0.220969 0.120565 -0.216114
v 0.220969 0.005508 -0.216114
v 0.156259 -0.014471 -0.223614
v 0.234841 0.122579 -0.016139
v 0.218064 0.217999 -0.116820
v 0.139267 0.122579 -0.181696
v 0.279640 0.140545 -0.009889
v 0.156259 0.140545 -0.223614
v 0.156259 0.140545 -0.223614
v 0.218064 0.217999 -0.116820
v 0.220969 0.120565 -0.216114
v 0.263088 0.178191 -0.142810
v 0.305506 0.120565 -0.069678
v 0.279640 0.140545 -0.009889
v 0.305506 0.120565 -0.069678
v 0.220969 0.120565 -0.216114
v 0.263088 0.178191 -0.142810
v 0.220969 0.005508 -0.216114
v 0.305506 0.005508 -0.069678
v 0.263088 -0.052118 -0.142810
v 0.234841 0.122579 -0.016139
v 0.279640 0.140545 -0.009889
v 0.279640 -0.014471 -0.009889
v 0.234841 0.003494 -0.016139
v 0.305506 0.120565 -0.069678
v 0.279640 0.140545 -0.009889
v 0.279640 -0.014471 -0.009889
v 0.305506 0.005508 -0.069678
v 0.279640 -0.014471 -0.009889
v 0.139267 0.003494 -0.181696
v 0.234841 0.003494 -0.016139
v 0.156259 -0.014471 -0.223614
v 0.218064 -0.091926 -0.116820
v 0.220969 0.005508 -0.216114
v 0.156259 -0.014471 -0.223614
v 0.218064 -0.091926 -0.116820
v 0.279640 -0.014471 -0.009889
v 0.263088 -0.052118 -0.142810
v 0.305506 0.005508 -0.069678
v 0.139267 0.122579 -0.181696
v 0.139267 0.003494 -0.181696
v 0.234841 0.122579 -0.016139
v 0.187034 0.182159 -0.098906
v 0.234841 0.003494 -0.016139
v 0.187034 -0.056085 -0.098906
v 0.234841 0.122579 -0.016139
v 0.218064 0.217999 -0.116820
v 0.187034 0.182159 -0.098906
v 0.139267 0.122579 -0.181696
v 0.139267 0.003494 -0.181696
v 0.234841 0.003494 -0.016139
v 0.218064 -0.091926 -0.116820
v 0.187034 -0.056085 -0.098906
v -0.091586 0.122579 -0.204711
v -0.119395 0.140545 -0.240386
v -0.091586 0.003494 -0.204711
v -0.119395 -0.014471 -0.240384
v -0.119395 0.140545 -0.240386
v -0.080547 0.120565 -0.292678
v -0.080547 0.005508 -0.292678
v -0.119395 -0.014471 -0.240384
v 0.099577 0.122579 -0.204711
v 0.003996 0.217999 -0.240519
v -0.091586 0.122579 -0.204711
v 0.127386 0.140545 -0.240384
v -0.119395 0.140545 -0.240386
v -0.119395 0.140545 -0.240386
v 0.003996 0.217999 -0.240519
v -0.080547 0.120565 -0.292678
v 0.003996 0.178191 -0.292505
v 0.088538 0.120565 -0.292678
v 0.127386 0.140545 -0.240384
v 0.088538 0.120565 -0.292678
v -0.080547 0.120565 -0.292678
v 0.003996 0.178191 -0.292505
v -0.080547 0.005508 -0.292678
v 0.088538 0.005508 -0.292678
v 0.003996 -0.052118 -0.292505
v 0.099577 0.122579 -0.204711
v 0.127386 0.140545 -0.240384
v 0.127386 -0.014471 -0.240384
v 0.099577 0.003494 -0.204711
v 0.088538 0.120565 -0.292678
v 0.127386 0.140545 -0.240384
v 0.127386 -0.014471 -0.240384
v 0.088538 0.005508 -0.292678
v 0.127386 -0.014471 -0.240384
v -0.091586 0.003494 -0.204711
v 0.099577 0.003494 -0.204711
v -0.119395 -0.014471 -0.240384
v 0.003996 -0.091926 -0.240519
v -0.080547 0.005508 -0.292678
v -0.119395 -0.014471 -0.240384
v 0.003996 -0.091926 -0.240519
v 0.127386 -0.014471 -0.240384
v 0.003996 -0.052118 -0.292505
v 0.088538 0.005508 -0.292678
v -0.091586 0.122579 -0.204711
v -0.091586 0.003494 -0.204711
v 0.099577 0.122579 -0.204711
v 0.003996 0.182159 -0.204689
v 0.099577 0.003494 -0.204711
v 0.003996 -0.056086 -0.204689
v 0.099577 0.122579 -0.204711
v 0.003996 0.217999 -0.240519
v 0.003996 0.182159 -0.204689
v -0.091586 0.122579 -0.204711
v -0.091586 0.003494 -0.204711
v 0.099577 0.003494 -0.204711
v 0.003996 -0.091926 -0.240519
v 0.003996 -0.056086 -0.204689
v 0.234841 0.122579 0.030015
v 0.279640 0.140545 0.023768
v 0.234841 0.003494 0.030015
v 0.279640 -0.014471 0.023767
v 0.279640 0.140545 0.023768
v 0.305506 0.120565 0.083556
v 0.305506 0.005508 0.083556
v 0.279640 -0.014471 0.023767
v 0.139268 0.122579 0.195572
v 0.218064 0.217999 0.130696
v 0.234841 0.122579 0.030015
v 0.156259 0.140544 0.237491
v 0.279640 0.140545 0.023768
v 0.279640 0.140545 0.023768
v 0.218064 0.217999 0.130696
v 0.305506 0.120565 0.083556
v 0.263088 0.178191 0.156687
v 0.220969 0.120565 0.229991
v 0.156259 0.140544 0.237491
v 0.220969 0.120565 0.229991
v 0.305506 0.120565 0.083556
v 0.263088 0.178191 0.156687
v 0.305506 0.005508 0.083556
v 0.220969 0.005508 0.229991
v 0.263088 -0.052118 0.156687
v 0.139268 0.122579 0.195572
v 0.156259 0.140544 0.237491
v 0.156259 -0.014471 0.237491
v 0.139268 0.003494 0.195572
v 0.220969 0.120565 0.229991
v 0.156259 0.140544 0.237491
v 0.156259 -0.014471 0.237491
v 0.220969 0.005508 0.229991
v 0.156259 -0.014471 0.237491
v 0.234841 0.003494 0.030015
v 0.139268 0.003494 0.195572
v 0.279640 -0.014471 0.023767
v 0.218064 -0.091926 0.130696
v 0.305506 0.005508 0.083556
v 0.279640 -0.014471 0.023767
v 0.218064 -0.091926 0.130696
v 0.156259 -0.014471 0.237491
v 0.263088 -0.052118 0.156687
v 0.220969 0.005508 0.229991
v 0.234841 0.122579 0.030015
v 0.234841 0.003494 0.030015
v 0.139268 0.122579 0.195572
v 0.187035 0.182159 0.112783
v 0.139268 0.003494 0.195572
v 0.187035 -0.056085 0.112783
v 0.139268 0.122579 0.195572
v 0.218064 0.217999 0.130696
v 0.187035 0.182159 0.112783
v 0.234841 0.122579 0.030015
v 0.234841 0.003494 0.030015
v 0.139268 0.003494 0.195572
v 0.218064 -0.091926 0.130696
v 0.187035 -0.056085 0.112783
v -0.227306 0.122579 -0.016138
v -0.272104 0.140545 -0.009890
v -0.227306 0.003494 -0.016138
v -0.272104 -0.014471 -0.009889
v -0.272104 0.140545 -0.009890
v -0.297970 0.120565 -0.069678
v -0.297970 0.005508 -0.069678
v -0.272104 -0.014471 -0.009889
v -0.131732 0.122579 -0.181694
v -0.210530 0.217999 -0.116818
v -0.227306 0.122579 -0.016138
v -0.148724 0.140545 -0.223614
v -0.272104 0.140545 -0.009890
v -0.272104 0.140545 -0.009890
v -0.210530 0.217999 -0.116818
v -0.297970 0.120565 -0.069678
v -0.255552 0.178191 -0.142809
v -0.213435 0.120565 -0.216114
v -0.148724 0.140545 -0.223614
v -0.213435 0.120565 -0.216114
v -0.297970 0.120565 -0.069678
v -0.255552 0.178191 -0.142809
v -0.297970 0.005508 -0.069678
v -0.213435 0.005508 -0.216114
v -0.255552 -0.052118 -0.142809
v -0.131732 0.122579 -0.181694
v -0.148724 0.140545 -0.223614
v -0.148724 -0.014471 -0.223614
v -0.131732 0.003494 -0.181694
v -0.213435 0.120565 -0.216114
v -0.148724 0.140545 -0.223614
v -0.148724 -0.014471 -0.223614
v -0.213435 0.005508 -0.216114
v -0.148724 -0.014471 -0.223614
v -0.227306 0.003494 -0.016138
v -0.131732 0.003494 -0.181694
v -0.272104 -0.014471 -0.009889
v -0.210530 -0.091926 -0.116819
v -0.297970 0.005508 -0.069678
v -0.272104 -0.014471 -0.009889
v -0.210530 -0.091926 -0.116819
v -0.148724 -0.014471 -0.223614
v -0.255552 -0.052118 -0.142809
v -0.213435 0.005508 -0.216114
v -0.227306 0.122579 -0.016138
v -0.227306 0.003494 -0.016138
v -0.131732 0.122579 -0.181694
v -0.179500 0.182159 -0.098905
v -0.131732 0.003494 -0.181694
v -0.179500 -0.056085 -0.098905
v -0.131732 0.122579 -0.181694
v -0.210530 0.217999 -0.116818
v -0.179500 0.182159 -0.098905
v -0.227306 0.122579 -0.016138
v -0.227306 0.003494 -0.016138
v -0.131732 0.003494 -0.181694
v -0.210530 -0.091926 -0.116819
v -0.179500 -0.056085 -0.098905
vn -0.5595 0.3388 0.7564
vn -1.0000 -0.0000 -0.0000
vn -0.4660 -0.0000 0.8848
vn -0.5595 -0.3388 0.7564
vn -0.9439 0.3303 -0.0000
vn -0.9438 -0.3304 -0.0000
vn -0.5291 0.6634 0.5291
vn -0.5358 -0.6461 0.5436
vn -0.7491 0.6624 -0.0000
vn -0.7637 -0.6456 -0.0000
vn -0.5595 -0.3388 -0.7564
vn -0.4660 -0.0000 -0.8848
vn -0.5595 0.3388 -0.7564
vn -0.9439 -0.3303 -0.0000
vn -0.9438 0.3304 -0.0000
vn -0.5358 -0.6461 -0.5436
vn -0.5291 0.6634 -0.5291
vn -0.4264 0.6396 0.6396
vn -0.7443 0.6572 -0.1187
vn -0.4264 0.6394 -0.6398
vn -0.7443 0.6572 0.1187
vn -0.4109 0.6717 -0.6164
vn -0.4109 0.6717 0.6164
vn -0.7184 0.6868 0.1105
vn -0.7184 0.6868 -0.1105
vn -0.8878 -0.1964 0.4163
vn -0.6162 -0.1817 -0.7663
vn -0.8878 -0.1964 -0.4162
vn -0.6162 -0.1817 0.7663
vn -0.9196 0.3929 -0.0000
vn -0.9196 0.3929 -0.0001
vn -0.9290 -0.3700 -0.0000
vn -0.9290 -0.3701 -0.0000
vn -0.4186 -0.9082 -0.0000
vn -0.7564 -0.0000 0.6541
vn -0.7564 -0.0000 -0.6541
vn -0.6276 -0.1648 0.7609
vn -0.8840 -0.1736 -0.4341
vn -0.8840 -0.1736 0.4341
vn -0.6276 -0.1648 -0.7609
vn -0.2674 0.6450 0.7159
vn -0.5352 0.3778 0.7555
vn -0.0237 0.7340 0.6787
vn -0.5352 0.3778 -0.7555
vn -0.2675 0.6451 -0.7157
vn -0.0239 0.7341 -0.6787
vn -0.8284 -0.5602 -0.0000
vn -0.9999 0.0157 -0.0000
vn -0.3701 0.9290 -0.0000
vn -0.9195 0.3930 -0.0000
vn 0.3701 0.9290 -0.0000
vn 0.9195 0.3930 -0.0000
vn -0.3700 0.9290 -0.0000
vn 0.3700 0.9290 -0.0000
vn 0.7491 0.6624 -0.0000
vn 0.5291 0.6634 -0.5291
vn 0.5745 0.8185 -0.0000
vn -0.5266 0.8017 0.2829
vn -0.5745 0.8185 -0.0000
vn -0.5266 0.8016 -0.2830
vn -0.0000 0.5122 -0.8589
vn -0.0003 0.8185 -0.5745
vn -0.7491 0.6625 -0.0000
vn -0.5266 0.8017 -0.2829
vn -0.5745 0.8185 -0.0003
vn 0.5265 0.8017 -0.2830
vn 0.0003 0.8185 -0.5745
vn -0.0000 1.0000 -0.0000
vn 0.5266 0.8017 -0.2829
vn 0.5291 0.6634 0.5291
vn 0.7490 0.6626 -0.0000
vn 0.5266 0.8017 0.2829
vn 0.5266 0.8016 0.2830
vn -0.0000 0.5122 0.8589
vn 0.0003 0.8185 0.5745
vn -0.5265 0.8017 0.2830
vn -0.0000 0.8185 0.5745
vn 0.4109 0.6717 0.6164
vn 0.0003 0.7111 0.7031
vn 0.0004 0.7110 0.7032
vn 0.7184 0.6868 0.1105
vn 0.0001 0.7110 -0.7032
vn 0.7184 0.6868 -0.1105
vn 0.4109 0.6717 -0.6164
vn -0.0003 0.7110 -0.7032
vn -0.0003 0.7111 -0.7031
vn -0.0000 0.7110 0.7032
vn -0.0000 0.7111 0.7031
vn 0.9999 0.0157 0.0001
vn 0.9999 0.0157 -0.0001
vn -0.9999 0.0157 -0.0001
vn -0.0000 0.7417 0.6707
vn -0.2674 0.6450 0.7158
vn -0.0237 0.7340 0.6788
vn -0.0237 0.7340 -0.6787
vn -0.0000 0.7417 -0.6707
vn -0.2673 0.6451 -0.7158
vn 0.0237 0.7340 0.6787
vn 0.2674 0.6451 0.7158
vn 0.0237 0.7340 -0.6788
vn 0.2674 0.6451 -0.7158
vn -0.2362 0.5906 -0.7716
vn 0.2362 0.5906 -0.7716
vn -0.2363 0.5905 -0.7717
vn -0.5588 0.2365 -0.7949
vn -0.5578 0.2436 -0.7934
vn 0.2363 0.5905 -0.7716
vn 0.5588 0.2362 -0.7950
vn 0.2363 0.5905 -0.7717
vn 0.5577 0.2436 -0.7935
vn -0.0000 -0.1961 -0.9806
vn -0.5594 -0.3388 -0.7565
vn -0.0000 -0.0000 -1.0000
vn -0.5357 -0.6461 -0.5437
vn -0.0000 -0.5122 -0.8589
vn -0.5594 0.3388 -0.7565
vn -0.0000 0.1961 -0.9806
vn 0.5594 0.3388 -0.7565
vn 0.4660 -0.0000 -0.8848
vn 0.5594 -0.3388 -0.7565
vn 0.5357 -0.6461 -0.5437
vn -0.0000 0.6831 -0.7303
vn 0.7443 0.6572 -0.1187
vn 0.4264 0.6396 -0.6396
vn -0.0000 0.6832 -0.7303
vn -0.4264 0.6396 -0.6396
vn -0.7444 0.6572 -0.1187
vn 0.5677 -0.2364 -0.7885
vn 0.5588 0.2361 -0.7950
vn 0.5578 0.2435 -0.7934
vn 0.5689 -0.2289 -0.7899
vn -0.5589 0.2361 -0.7949
vn -0.5688 -0.2290 -0.7900
vn -0.5678 -0.2365 -0.7885
vn -0.5578 0.2433 -0.7935
vn -0.6161 -0.1817 -0.7664
vn 0.8878 -0.1963 -0.4163
vn 0.6161 -0.1817 -0.7664
vn -0.7565 -0.0000 -0.6540
vn 0.7564 -0.0000 -0.6541
vn -0.8840 -0.1737 -0.4341
vn -0.0000 -0.1733 -0.9849
vn -0.6276 -0.1647 -0.7609
vn -0.0000 -0.1734 -0.9848
vn 0.8840 -0.1736 -0.4341
vn 0.6275 -0.1647 -0.7610
vn 0.5352 0.3779 -0.7555
vn 0.2675 0.6450 -0.7158
vn 0.5823 0.2046 -0.7868
vn -0.5351 0.3778 -0.7556
vn -0.5823 0.2046 -0.7868
vn -0.2676 0.6450 -0.7158
vn -0.0000 -0.0001 -1.0000
vn -0.0000 0.0079 -1.0000
vn -0.0079 0.0079 -0.9999
vn -0.0157 0.0079 -0.9998
vn 0.0157 0.0079 -0.9998
vn 0.0078 0.0079 -0.9999
vn 0.5677 -0.2366 -0.7885
vn 0.2510 -0.6273 -0.7372
vn 0.5688 -0.2291 -0.7899
vn 0.2682 -0.6152 -0.7414
vn -0.5688 -0.2291 -0.7899
vn -0.2510 -0.6273 -0.7372
vn -0.5677 -0.2366 -0.7885
vn -0.2682 -0.6151 -0.7414
vn 0.0079 -0.0000 -1.0000
vn -0.0079 -0.0000 -1.0000
vn -0.0236 0.0079 -0.9997
vn -0.0157 -0.0000 -0.9999
vn 0.0157 -0.0000 -0.9999
vn 0.0236 0.0079 -0.9997
vn 0.0079 0.0079 -0.9999
vn 0.0158 0.0079 -0.9998
vn -0.0158 0.0079 -0.9998
vn 0.2681 -0.6152 -0.7414
vn -0.0000 -0.7637 -0.6456
vn -0.2681 -0.6152 -0.7414
vn 0.0027 -0.7637 -0.6456
vn -0.5823 0.2045 -0.7868
vn -0.5667 -0.0944 -0.8185
vn -0.4556 -0.2435 -0.8562
vn 0.5824 0.2044 -0.7868
vn 0.5672 -0.0944 -0.8182
vn 0.5352 0.3777 -0.7556
vn 0.4556 -0.2435 -0.8562
vn -0.1971 -0.4573 -0.8672
vn 0.1971 -0.4573 -0.8672
vn 0.1494 -0.4641 -0.8731
vn -0.1494 -0.4641 -0.8731
vn 0.4556 -0.2436 -0.8562
vn 0.5667 -0.0943 -0.8185
vn 0.1495 -0.4641 -0.8731
vn -0.1496 -0.4641 -0.8731
vn -0.4556 -0.2436 -0.8562
vn -0.5723 -0.0981 -0.8142
vn 0.9438 -0.3304 -0.0000
vn 0.5358 -0.6461 -0.5436
vn 0.5595 -0.3388 -0.7564
vn 0.7637 -0.6456 -0.0000
vn 1.0000 -0.0000 -0.0000
vn 0.4659 -0.0000 -0.8848
vn 0.5595 0.3389 -0.7564
vn 0.9439 0.3303 -0.0000
vn 0.7492 0.6624 -0.0000
vn 0.9290 -0.3700 0.0001
vn 0.9196 0.3929 0.0001
vn 0.9290 -0.3700 -0.0000
vn 0.9196 0.3929 -0.0000
vn 0.4263 0.6396 0.6397
vn 0.7443 0.6572 -0.1188
vn 0.7443 0.6572 0.1187
vn 0.4263 0.6396 -0.6397
vn 0.5595 -0.3388 0.7564
vn 0.9439 -0.3303 -0.0000
vn 0.5358 -0.6461 0.5436
vn 0.4659 -0.0000 0.8848
vn 0.5595 0.3388 0.7564
vn 0.9438 0.3304 -0.0000
vn 0.6162 -0.1817 0.7663
vn 0.8878 -0.1964 -0.4163
vn 0.6162 -0.1817 -0.7663
vn 0.8878 -0.1964 0.4163
vn 0.7564 -0.0000 0.6541
vn 0.6276 -0.1648 -0.7609
vn 0.6276 -0.1648 0.7609
vn 0.8840 -0.1736 0.4341
vn 0.2675 0.6451 -0.7158
vn 0.5352 0.3778 -0.7555
vn 0.0238 0.7339 -0.6788
vn 0.2675 0.6451 0.7157
vn 0.0239 0.7341 0.6786
vn 0.5352 0.3779 0.7555
vn 0.9290 -0.3701 -0.0000
vn 0.4186 -0.9082 -0.0000
vn 0.9999 0.0157 -0.0000
vn 0.8284 -0.5602 -0.0000
vn 0.3624 -0.8903 -0.2757
vn 0.4472 -0.8944 -0.0000
vn 0.0004 -1.0000 -0.0000
vn -0.4472 -0.8944 -0.0000
vn -0.7637 -0.6456 0.0001
vn -0.3624 -0.8903 0.2757
vn -0.0004 -1.0000 -0.0000
vn -0.0000 -0.7991 -0.6012
vn 0.3624 -0.8903 -0.2758
vn -0.0000 -1.0000 -0.0000
vn -0.5356 -0.6462 -0.5436
vn -0.3624 -0.8903 -0.2758
vn -0.0000 -1.0000 -0.0004
vn -0.7637 -0.6456 -0.0001
vn -0.3624 -0.8903 -0.2757
vn 0.3625 -0.8903 0.2757
vn 0.7637 -0.6456 0.0001
vn 0.5357 -0.6461 0.5437
vn -0.0000 -0.5122 0.8589
vn 0.3624 -0.8903 0.2758
vn -0.0000 -0.7991 0.6012
vn -0.0000 -1.0000 0.0004
vn -0.3624 -0.8903 0.2758
vn -0.5357 -0.6461 0.5437
vn 0.6716 -0.7348 0.0948
vn -0.0000 -0.7565 0.6540
vn 0.3851 -0.7230 0.5736
vn 0.3850 -0.7228 -0.5739
vn 0.3850 -0.7229 0.5738
vn 0.6716 -0.7348 -0.0948
vn -0.0000 -0.7565 -0.6540
vn 0.3851 -0.7230 -0.5736
vn -0.6716 -0.7348 -0.0948
vn -0.3851 -0.7230 -0.5736
vn -0.6716 -0.7348 0.0948
vn -0.3849 -0.7229 -0.5738
vn -0.3850 -0.7228 0.5739
vn -0.3851 -0.7230 0.5736
vn -0.6717 -0.7348 0.0948
vn 0.2680 -0.6152 0.7414
vn -0.0000 -0.7637 0.6456
vn 0.0001 -0.7636 0.6457
vn 0.2506 -0.6274 0.7372
vn 0.0001 -0.7636 -0.6457
vn 0.2508 -0.6274 -0.7372
vn -0.2680 -0.6152 0.7414
vn -0.0001 -0.7636 0.6457
vn -0.2508 -0.6274 0.7372
vn -0.0001 -0.7636 -0.6457
vn -0.2507 -0.6274 -0.7372
vn 0.4185 -0.9082 -0.0000
vn -0.4185 -0.9082 -0.0000
vn -0.1259 -0.9920 -0.0000
vn 0.1259 -0.9920 -0.0000
vn 0.8283 -0.5603 -0.0000
vn -0.8283 -0.5603 -0.0000
vn -0.1259 -0.9920 0.0002
vn -0.2360 0.5906 0.7716
vn 0.2362 0.5906 0.7716
vn -0.2362 0.5906 0.7716
vn 0.5578 0.2438 0.7934
vn 0.2364 0.5905 0.7717
vn 0.5588 0.2364 0.7949
vn 0.2365 0.5905 0.7717
vn -0.5588 0.2362 0.7950
vn -0.2363 0.5905 0.7716
vn -0.5577 0.2436 0.7935
vn -0.2363 0.5905 0.7717
vn -0.0000 0.6832 0.7303
vn -0.0000 0.6831 0.7303
vn 0.4264 0.6396 0.6396
vn -0.7443 0.6572 0.1186
vn 0.5594 0.3388 0.7565
vn -0.0000 -0.0000 1.0000
vn 0.4660 -0.0000 0.8848
vn 0.5594 -0.3388 0.7565
vn -0.0000 0.1961 0.9806
vn -0.0000 -0.1961 0.9806
vn -0.5594 -0.3388 0.7565
vn -0.5594 0.3388 0.7565
vn 0.5589 0.2361 0.7949
vn 0.5678 -0.2365 0.7885
vn 0.5578 0.2433 0.7935
vn 0.5688 -0.2289 0.7900
vn -0.5588 0.2358 0.7950
vn -0.5677 -0.2364 0.7885
vn -0.5689 -0.2290 0.7899
vn -0.5579 0.2435 0.7934
vn 0.8878 -0.1964 0.4162
vn 0.6161 -0.1817 0.7664
vn -0.6161 -0.1817 0.7664
vn -0.8878 -0.1964 0.4162
vn -0.7565 -0.0000 0.6540
vn 0.7565 -0.0000 0.6540
vn -0.0000 -0.1733 0.9849
vn 0.8840 -0.1737 0.4341
vn 0.6276 -0.1647 0.7609
vn -0.6276 -0.1647 0.7609
vn -0.0000 -0.1734 0.9848
vn -0.5351 0.3778 0.7556
vn -0.2675 0.6450 0.7158
vn -0.5823 0.2046 0.7868
vn 0.2675 0.6450 0.7158
vn 0.5350 0.3779 0.7556
vn 0.5823 0.2046 0.7868
vn -0.0000 -0.0001 1.0000
vn -0.0000 0.0079 1.0000
vn -0.0078 0.0079 0.9999
vn -0.0157 0.0079 0.9998
vn 0.0079 0.0079 0.9999
vn 0.0157 0.0079 0.9998
vn 0.5688 -0.2291 0.7899
vn 0.2511 -0.6273 0.7372
vn 0.5677 -0.2366 0.7885
vn 0.2682 -0.6151 0.7414
vn -0.2510 -0.6273 0.7372
vn -0.5687 -0.2291 0.7900
vn -0.5677 -0.2366 0.7885
vn -0.2682 -0.6152 0.7414
vn -0.0079 -0.0000 1.0000
vn 0.0079 -0.0000 1.0000
vn -0.0079 0.0079 0.9999
vn -0.0236 0.0079 0.9997
vn -0.0158 0.0079 0.9998
vn -0.0157 -0.0000 0.9999
vn 0.0157 -0.0000 0.9999
vn 0.0236 0.0079 0.9997
vn 0.0158 0.0079 0.9998
vn 0.2681 -0.6152 0.7414
vn -0.0027 -0.7637 0.6456
vn -0.2681 -0.6152 0.7414
vn -0.5823 0.2045 0.7868
vn -0.4556 -0.2435 0.8562
vn -0.5672 -0.0944 0.8182
vn -0.5352 0.3777 0.7556
vn 0.5667 -0.0944 0.8185
vn 0.5823 0.2045 0.7868
vn 0.5352 0.3778 0.7555
vn 0.4557 -0.2435 0.8562
vn -0.1494 -0.4641 0.8731
vn 0.1494 -0.4641 0.8731
vn 0.1971 -0.4573 0.8672
vn -0.1971 -0.4573 0.8672
vn 0.4556 -0.2436 0.8562
vn 0.5723 -0.0983 0.8141
vn 0.1495 -0.4641 0.8731
vn -0.4556 -0.2436 0.8562
vn -0.5667 -0.0944 0.8185
vn -0.1495 -0.4641 0.8731
vn 0.9072 0.3629 0.2130
vn 0.9145 -0.3390 0.2208
vn 0.9145 0.3390 0.2208
vn 0.9072 -0.3629 0.2130
vn -0.2042 0.3770 0.9034
vn -0.2043 -0.3770 0.9034
vn -0.2049 0.3703 0.9061
vn -0.2048 -0.3701 0.9061
vn 0.6126 0.7069 -0.3535
vn 0.2669 0.3375 -0.9027
vn 0.2684 0.3632 -0.8922
vn 0.6127 0.7069 -0.3534
vn 0.9145 0.3390 0.2207
vn -0.2048 0.3704 0.9060
vn -0.5516 0.7723 0.3152
vn -0.2042 0.3771 0.9034
vn -0.5516 0.7722 0.3152
vn -0.8834 0.3787 -0.2761
vn -0.8877 0.3693 -0.2749
vn -0.8677 -0.0000 0.4971
vn -0.8677 -0.0000 0.4970
vn -0.8678 -0.0000 0.4970
vn 0.2684 -0.3632 -0.8922
vn 0.2685 0.3632 -0.8922
vn 0.2668 0.3375 -0.9027
vn 0.2669 -0.3375 -0.9027
vn -0.8877 0.3692 -0.2750
vn -0.8877 -0.3692 -0.2750
vn -0.8834 0.3786 -0.2761
vn -0.8834 -0.3786 -0.2761
vn 0.6126 -0.7069 -0.3535
vn 0.2685 -0.3632 -0.8922
vn 0.6127 -0.7069 -0.3534
vn 0.9145 -0.3390 0.2207
vn 0.9071 -0.3630 0.2130
vn -0.2042 -0.3771 0.9034
vn -0.5516 -0.7723 0.3152
vn -0.2049 -0.3703 0.9060
vn -0.5516 -0.7722 0.3152
vn -0.8834 -0.3787 -0.2760
vn -0.8877 -0.3693 -0.2749
vn 0.8643 -0.0000 -0.5029
vn 0.8644 -0.0000 -0.5029
vn 0.2669 0.3376 -0.9027
vn 0.6125 0.7070 -0.3536
vn 0.9145 0.3391 0.2208
vn 0.2668 -0.3376 -0.9027
vn 0.6125 -0.7070 -0.3536
vn 0.2365 0.2523 0.9383
vn 0.5264 0.6913 0.4950
vn 0.5256 0.7138 0.4628
vn 0.1658 0.2132 0.9628
vn -0.4966 0.0394 0.8671
vn -0.3554 0.7030 0.6160
vn -0.3554 0.7030 0.6161
vn -0.3554 0.7029 0.6161
vn 0.0784 0.9880 -0.1333
vn -0.6948 0.6869 -0.2132
vn -0.6616 0.7167 -0.2205
vn 0.5264 0.6914 0.4948
vn -0.9297 0.2527 0.2679
vn -0.9161 0.2133 0.3394
vn 0.4966 0.0394 -0.8671
vn -0.2128 -0.1734 -0.9616
vn -0.2596 -0.2045 -0.9438
vn -0.5835 -0.6544 -0.4810
vn -0.5896 -0.6919 -0.4167
vn 0.3554 -0.7029 -0.6161
vn 0.3554 -0.7030 -0.6160
vn 0.3554 -0.7030 -0.6161
vn 0.3553 -0.7030 -0.6161
vn 0.7083 -0.6532 0.2676
vn -0.1343 -0.9641 0.2291
vn 0.6546 -0.6940 0.2997
vn -0.5835 -0.6544 -0.4809
vn -0.5897 -0.6919 -0.4167
vn -0.1343 -0.9641 0.2292
vn 0.9404 -0.1739 -0.2924
vn 0.9476 -0.2053 -0.2448
vn -0.6959 0.2530 0.6721
vn -0.1647 0.6895 0.7053
vn -0.1415 0.7154 0.6842
vn -0.7512 0.2135 0.6246
vn -0.9992 0.0394 -0.0000
vn -0.9992 0.0393 -0.0000
vn -0.7110 0.7032 -0.0000
vn 0.1492 0.9888 -0.0000
vn -0.1655 0.6855 -0.7091
vn -0.1414 0.7156 -0.6841
vn 0.1498 0.9887 -0.0000
vn -0.1645 0.6896 0.7052
vn -0.1415 0.7155 0.6841
vn -0.1655 0.6854 -0.7091
vn -0.6959 0.2530 -0.6721
vn -0.1415 0.7155 -0.6841
vn -0.7510 0.2138 -0.6248
vn -0.9992 0.0394 -0.0001
vn 0.9992 0.0394 -0.0000
vn 0.7234 -0.1730 -0.6684
vn 0.9992 0.0393 -0.0000
vn 0.6843 -0.2045 -0.7000
vn 0.1258 -0.6527 -0.7471
vn 0.0709 -0.6934 -0.7170
vn 0.7110 -0.7032 -0.0000
vn 0.7111 -0.7031 -0.0000
vn 0.1258 -0.6527 0.7471
vn -0.2685 -0.9633 -0.0000
vn 0.0709 -0.6934 0.7170
vn -0.2684 -0.9633 -0.0000
vn 0.7234 -0.1730 0.6684
vn 0.6843 -0.2045 0.7000
vn 0.1259 -0.6527 0.7471
vn 0.0709 -0.6933 0.7171
vn -0.9298 0.2524 -0.2679
vn -0.6911 0.6910 0.2120
vn -0.6616 0.7167 0.2205
vn -0.9161 0.2133 -0.3394
vn -0.4966 0.0394 -0.8671
vn -0.3554 0.7030 -0.6161
vn -0.3554 0.7029 -0.6161
vn -0.3554 0.7030 -0.6160
vn 0.0784 0.9880 0.1333
vn 0.5292 0.6873 -0.4976
vn 0.5256 0.7139 -0.4628
vn -0.6910 0.6910 0.2121
vn 0.5292 0.6872 -0.4977
vn 0.2366 0.2523 -0.9383
vn 0.5256 0.7138 -0.4629
vn 0.1658 0.2132 -0.9628
vn 0.4966 0.0394 0.8671
vn 0.9404 -0.1738 0.2924
vn 0.9476 -0.2053 0.2448
vn 0.7083 -0.6532 -0.2676
vn 0.6546 -0.6940 -0.2997
vn 0.3554 -0.7030 0.6160
vn 0.3554 -0.7029 0.6161
vn 0.3554 -0.7030 0.6161
vn -0.5835 -0.6544 0.4809
vn -0.1343 -0.9641 -0.2291
vn -0.5897 -0.6919 0.4166
vn -0.1343 -0.9641 -0.2292
vn -0.2128 -0.1734 0.9616
vn -0.2596 -0.2045 0.9438
vn -0.5835 -0.6544 0.4810
vn -0.5897 -0.6919 0.4167
vn 0.4889 -0.1893 -0.8515
vn 0.9468 0.0631 -0.3156
vn 0.4889 -0.1892 -0.8516
vn 0.9555 0.1027 -0.2764
vn 0.7666 0.6243 0.1502
vn 0.7234 0.6684 0.1730
vn -0.4565 0.8658 -0.2047
vn -0.5125 0.6228 -0.5911
vn -0.5127 0.6705 -0.5362
vn 0.4079 0.8630 0.2981
vn -0.4094 -0.5747 0.7086
vn -0.4094 -0.5746 0.7087
vn -0.4094 -0.5746 0.7086
vn -0.4973 0.1105 0.8605
vn 0.1419 -0.0946 0.9854
vn 0.2120 -0.1492 0.9658
vn 0.4497 -0.6548 0.6075
vn 0.4489 -0.6773 0.5828
vn -0.9238 -0.0948 0.3710
vn -0.4974 0.1105 0.8605
vn -0.9427 -0.1493 0.2985
vn -0.7503 -0.6554 -0.0869
vn -0.7309 -0.6759 -0.0943
vn -0.0314 -0.9984 0.0472
vn 0.4497 -0.6548 0.6074
vn 0.4489 -0.6774 0.5828
vn -0.7502 -0.6555 -0.0869
vn 0.4094 0.5747 -0.7086
vn 0.4094 0.5745 -0.7088
vn 0.4094 0.5746 -0.7086
vn -0.5127 0.6704 -0.5364
vn -0.2431 0.1019 -0.9646
vn -0.5124 0.6228 -0.5913
vn -0.1972 0.0632 -0.9783
vn -0.4889 -0.1893 -0.8516
vn 0.1972 0.0632 -0.9783
vn 0.2431 0.1019 -0.9646
vn 0.5124 0.6227 -0.5913
vn 0.5127 0.6704 -0.5364
vn -0.4014 0.8657 0.2991
vn -0.7666 0.6243 0.1503
vn -0.7234 0.6684 0.1730
vn 0.4565 0.8658 -0.2047
vn 0.5124 0.6228 -0.5912
vn 0.5127 0.6705 -0.5362
vn 0.4094 -0.5747 0.7086
vn 0.4094 -0.5746 0.7087
vn 0.4974 0.1105 0.8605
vn 0.9237 -0.0948 0.3711
vn 0.9427 -0.1493 0.2985
vn 0.7503 -0.6554 -0.0869
vn 0.7310 -0.6758 -0.0943
vn -0.1419 -0.0946 0.9853
vn 0.4973 0.1105 0.8605
vn -0.2120 -0.1492 0.9658
vn -0.4497 -0.6547 0.6075
vn -0.4490 -0.6773 0.5828
vn 0.0314 -0.9984 0.0472
vn 0.7502 -0.6555 -0.0869
vn 0.7309 -0.6759 -0.0943
vn -0.4497 -0.6548 0.6075
vn -0.4489 -0.6774 0.5828
vn -0.4094 0.5747 -0.7086
vn -0.4095 0.5740 -0.7091
vn -0.4094 0.5745 -0.7087
vn -0.4094 0.5746 -0.7087
vn -0.9555 0.1027 -0.2764
vn -0.7666 0.6243 0.1501
vn -0.9468 0.0631 -0.3156
vn -0.4889 -0.1893 -0.8515
vn -0.9821 -0.1886 -0.0000
vn -0.7477 0.0630 -0.6611
vn -0.9821 -0.1885 -0.0000
vn -0.7151 0.1022 -0.6915
vn -0.2522 0.6225 -0.7409
vn -0.2132 0.6708 -0.7103
vn 0.0551 0.8664 0.4962
vn -0.2522 0.6226 0.7408
vn -0.2131 0.6709 0.7103
vn 0.0552 0.8664 -0.4962
vn -0.2522 0.6226 -0.7408
vn -0.2131 0.6709 -0.7103
vn 0.0551 0.8664 -0.4962
vn 0.8185 -0.5745 -0.0000
vn 0.8186 -0.5744 -0.0000
vn 0.8186 -0.5743 -0.0000
vn 0.9939 0.1105 -0.0002
vn 0.7819 -0.0949 -0.6161
vn 0.9939 0.1104 -0.0000
vn 0.7337 -0.1499 -0.6628
vn 0.2997 -0.6545 -0.6941
vn 0.2838 -0.6780 -0.6780
vn 0.7819 -0.0949 0.6161
vn 0.9939 0.1104 0.0002
vn 0.7337 -0.1499 0.6628
vn 0.2997 -0.6544 0.6942
vn 0.2838 -0.6779 0.6782
vn 0.0550 -0.9985 -0.0000
vn 0.2997 -0.6546 -0.6940
vn 0.2837 -0.6781 -0.6780
vn 0.2997 -0.6546 0.6940
vn 0.2838 -0.6781 0.6780
vn -0.8185 0.5745 -0.0000
vn -0.8187 0.5742 -0.0000
vn -0.8184 0.5746 -0.0000
vn -0.2131 0.6708 0.7104
vn -0.7151 0.1022 0.6915
vn -0.7477 0.0630 0.6611
vn -0.9820 -0.1886 -0.0000
vn 0.9297 0.2526 0.2679
vn 0.6911 0.6910 -0.2120
vn 0.6616 0.7167 -0.2205
vn 0.9161 0.2132 0.3395
vn 0.3554 0.7030 0.6160
vn 0.3554 0.7029 0.6161
vn 0.3554 0.7030 0.6161
vn -0.0784 0.9880 -0.1333
vn -0.5292 0.6873 0.4976
vn -0.5256 0.7139 0.4627
vn 0.6910 0.6910 -0.2120
vn -0.5292 0.6872 0.4977
vn -0.2366 0.2523 0.9383
vn -0.5256 0.7138 0.4628
vn -0.1658 0.2131 0.9629
vn -0.9404 -0.1738 -0.2924
vn -0.9476 -0.2053 -0.2448
vn -0.7083 -0.6532 0.2676
vn -0.6546 -0.6940 0.2997
vn -0.3554 -0.7029 -0.6161
vn -0.3554 -0.7030 -0.6161
vn 0.5835 -0.6544 -0.4809
vn 0.1343 -0.9641 0.2291
vn 0.5897 -0.6919 -0.4167
vn -0.6546 -0.6940 0.2998
vn 0.1343 -0.9641 0.2292
vn 0.2128 -0.1734 -0.9616
vn 0.2596 -0.2045 -0.9438
vn 0.5835 -0.6544 -0.4810
vn 0.5897 -0.6918 -0.4167
vn 0.6959 0.2530 -0.6721
vn 0.1647 0.6895 -0.7053
vn 0.1415 0.7155 -0.6841
vn 0.7512 0.2135 -0.6246
vn 0.7110 0.7032 -0.0000
vn -0.1491 0.9888 -0.0000
vn 0.1655 0.6854 0.7091
vn 0.1414 0.7156 0.6841
vn -0.1498 0.9887 -0.0000
vn 0.1646 0.6896 -0.7052
vn 0.1654 0.6854 0.7091
vn 0.6959 0.2530 0.6721
vn 0.1415 0.7155 0.6841
vn 0.7510 0.2136 0.6248
vn -0.7234 -0.1730 0.6684
vn -0.6843 -0.2045 0.7000
vn -0.1258 -0.6527 0.7471
vn -0.0709 -0.6934 0.7170
vn -0.7110 -0.7032 -0.0000
vn -0.1258 -0.6527 -0.7471
vn 0.2685 -0.9633 -0.0000
vn -0.0709 -0.6934 -0.7170
vn 0.2684 -0.9633 -0.0000
vn -0.7234 -0.1730 -0.6684
vn -0.6843 -0.2045 -0.7000
vn -0.1259 -0.6527 -0.7471
vn -0.0709 -0.6934 -0.7171
vn -0.2365 0.2523 -0.9383
vn -0.5264 0.6913 -0.4950
vn -0.5256 0.7138 -0.4628
vn -0.1657 0.2131 -0.9629
vn 0.4965 0.0394 -0.8671
vn 0.3554 0.7030 -0.6160
vn 0.3554 0.7029 -0.6161
vn 0.3554 0.7030 -0.6161
vn -0.0784 0.9880 0.1333
vn 0.6948 0.6869 0.2132
vn 0.6616 0.7167 0.2205
vn -0.5264 0.6914 -0.4948
vn 0.9298 0.2524 -0.2679
vn 0.9161 0.2132 -0.3395
vn 0.2128 -0.1734 0.9616
vn 0.2596 -0.2045 0.9438
vn 0.5835 -0.6543 0.4810
vn 0.5896 -0.6919 0.4167
vn -0.3554 -0.7030 0.6160
vn -0.3554 -0.7029 0.6161
vn -0.3554 -0.7030 0.6161
vn -0.7083 -0.6532 -0.2677
vn 0.1343 -0.9641 -0.2291
vn -0.6546 -0.6940 -0.2997
vn 0.5835 -0.6544 0.4809
vn 0.5897 -0.6919 0.4165
vn 0.1343 -0.9641 -0.2292
vn -0.9404 -0.1739 0.2924
vn -0.9476 -0.2053 0.2448
vn -0.7083 -0.6532 -0.2676
vn 0.9820 -0.1886 -0.0000
vn 0.7477 0.0630 0.6611
vn 0.7151 0.1022 0.6915
vn 0.2522 0.6226 0.7408
vn 0.2131 0.6709 0.7103
vn -0.0551 0.8664 -0.4962
vn 0.2521 0.6226 -0.7408
vn 0.2131 0.6709 -0.7103
vn -0.0551 0.8664 0.4962
vn -0.8185 -0.5745 -0.0000
vn -0.8186 -0.5743 -0.0000
vn -0.8187 -0.5743 -0.0000
vn -0.9939 0.1105 0.0001
vn -0.7819 -0.0949 0.6161
vn -0.9939 0.1104 -0.0000
vn -0.7337 -0.1499 0.6628
vn -0.2997 -0.6545 0.6941
vn -0.2839 -0.6780 0.6780
vn -0.7820 -0.0948 -0.6161
vn -0.9939 0.1104 -0.0001
vn -0.7337 -0.1499 -0.6628
vn -0.2997 -0.6545 -0.6941
vn -0.2838 -0.6779 -0.6782
vn -0.0550 -0.9985 -0.0000
vn -0.2997 -0.6546 0.6940
vn -0.2838 -0.6780 0.6780
vn -0.2997 -0.6546 -0.6940
vn -0.2837 -0.6781 -0.6780
vn 0.8185 0.5745 -0.0000
vn 0.8187 0.5742 -0.0000
vn 0.8184 0.5747 -0.0000
vn 0.2131 0.6708 -0.7103
vn 0.7151 0.1021 -0.6915
vn 0.2522 0.6226 -0.7408
vn 0.7477 0.0630 -0.6611
vn 0.9821 -0.1886 -0.0000
vn 0.9821 -0.1885 -0.0000
vn 0.4889 -0.1893 0.8516
vn -0.1972 0.0631 0.9783
vn -0.2431 0.1020 0.9646
vn -0.5124 0.6227 0.5913
vn -0.5127 0.6704 0.5364
vn 0.4014 0.8657 -0.2991
vn 0.7666 0.6243 -0.1502
vn 0.7234 0.6684 -0.1730
vn -0.4565 0.8658 0.2047
vn -0.5124 0.6228 0.5912
vn -0.5127 0.6705 0.5363
vn -0.4565 0.8659 0.2046
vn -0.4094 -0.5747 -0.7086
vn -0.4094 -0.5746 -0.7087
vn -0.4975 0.1106 -0.8604
vn -0.9237 -0.0948 -0.3711
vn -0.4974 0.1105 -0.8605
vn -0.9427 -0.1492 -0.2985
vn -0.7503 -0.6554 0.0869
vn -0.7310 -0.6758 0.0943
vn 0.1419 -0.0946 -0.9854
vn -0.4973 0.1105 -0.8605
vn -0.4973 0.1106 -0.8605
vn 0.2120 -0.1492 -0.9658
vn 0.4497 -0.6548 -0.6075
vn 0.4490 -0.6773 -0.5828
vn -0.0314 -0.9984 -0.0472
vn -0.7502 -0.6555 0.0869
vn -0.7309 -0.6759 0.0944
vn 0.4498 -0.6548 -0.6074
vn 0.4489 -0.6775 -0.5827
vn 0.4094 0.5747 0.7086
vn 0.4094 0.5745 0.7088
vn 0.4093 0.5750 0.7085
vn 0.9555 0.1027 0.2764
vn 0.7666 0.6243 -0.1501
vn 0.9468 0.0631 0.3156
vn 0.4889 -0.1893 0.8515
vn -0.4889 -0.1893 0.8515
vn -0.9468 0.0631 0.3156
vn -0.4889 -0.1893 0.8516
vn -0.9555 0.1027 0.2764
vn -0.7666 0.6243 -0.1502
vn -0.7234 0.6684 -0.1730
vn 0.4565 0.8658 0.2047
vn 0.5124 0.6228 0.5912
vn 0.5127 0.6705 0.5363
vn -0.4079 0.8630 -0.2981
vn 0.4094 -0.5747 -0.7086
vn 0.4094 -0.5746 -0.7087
vn 0.4094 -0.5745 -0.7087
vn 0.4973 0.1105 -0.8605
vn -0.1419 -0.0946 -0.9854
vn -0.2120 -0.1492 -0.9658
vn -0.4497 -0.6548 -0.6075
vn -0.4490 -0.6773 -0.5829
vn 0.9238 -0.0948 -0.3710
vn 0.4974 0.1105 -0.8605
vn 0.9427 -0.1493 -0.2985
vn 0.7503 -0.6553 0.0869
vn 0.7309 -0.6759 0.0943
vn 0.0314 -0.9984 -0.0472
vn -0.4497 -0.6548 -0.6074
vn -0.4489 -0.6774 -0.5828
vn 0.7502 -0.6555 0.0869
vn 0.7308 -0.6760 0.0943
vn -0.4094 0.5746 0.7087
vn -0.4094 0.5743 0.7089
vn -0.4094 0.5747 0.7086
vn -0.4094 0.5745 0.7087
vn 0.5127 0.6704 0.5364
vn 0.2431 0.1020 0.9646
vn 0.5124 0.6228 0.5913
vn 0.1972 0.0631 0.9783
vn -0.4889 -0.1892 0.8516
vn -0.6489 0.3403 -0.6805
vn -0.6390 -0.3628 -0.6783
vn -0.6389 0.3627 -0.6784
vn -0.6489 -0.3403 -0.6806
vn -0.6840 -0.3695 0.6290
vn -0.6778 0.3783 0.6305
vn -0.6840 0.3695 0.6290
vn -0.6778 -0.3783 0.6305
vn 0.6489 0.3403 -0.6805
vn -0.0000 0.7071 -0.7071
vn 0.6389 0.3629 -0.6783
vn -0.6389 0.3629 -0.6783
vn -0.0000 0.7747 0.6324
vn 0.6778 0.3783 0.6305
vn 0.6840 0.3695 0.6290
vn -0.0000 0.0001 -1.0000
vn -0.0000 -0.0002 -1.0000
vn -0.0000 0.7070 -0.7072
vn -0.6489 0.3403 -0.6806
vn -0.0000 -0.7070 -0.7072
vn 0.6489 -0.3403 -0.6806
vn -0.6489 -0.3403 -0.6805
vn 0.6390 0.3628 -0.6783
vn 0.6489 -0.3403 -0.6805
vn 0.6489 0.3403 -0.6806
vn 0.6390 -0.3628 -0.6783
vn 0.6778 -0.3783 0.6305
vn 0.6840 -0.3695 0.6290
vn 0.6389 -0.3629 -0.6783
vn -0.0000 -0.7071 -0.7071
vn -0.6389 -0.3629 -0.6783
vn -0.0000 -0.7747 0.6324
vn 0.0002 0.0004 1.0000
vn -0.9072 0.3629 -0.2130
vn -0.9145 -0.3390 -0.2208
vn -0.9145 0.3390 -0.2208
vn -0.9072 -0.3629 -0.2130
vn 0.2042 0.3770 -0.9034
vn 0.2043 -0.3770 -0.9034
vn 0.2049 0.3702 -0.9061
vn 0.2048 -0.3702 -0.9061
vn -0.6126 0.7069 0.3535
vn -0.2669 0.3375 0.9027
vn -0.2684 0.3632 0.8922
vn -0.6127 0.7069 0.3534
vn -0.9145 0.3390 -0.2207
vn 0.2048 0.3704 -0.9060
vn 0.5516 0.7722 -0.3152
vn 0.2043 0.3771 -0.9034
vn 0.8834 0.3786 0.2761
vn 0.8877 0.3692 0.2750
vn 0.8677 -0.0000 -0.4971
vn 0.8678 -0.0000 -0.4970
vn 0.8677 -0.0000 -0.4970
vn -0.2684 -0.3632 0.8922
vn -0.2685 0.3632 0.8922
vn -0.2668 0.3375 0.9027
vn -0.2669 -0.3375 0.9027
vn 0.8877 -0.3692 0.2750
vn 0.8834 -0.3786 0.2761
vn -0.6126 -0.7069 0.3535
vn -0.2685 -0.3632 0.8922
vn -0.6127 -0.7069 0.3534
vn -0.9145 -0.3390 -0.2207
vn -0.9071 -0.3630 -0.2130
vn 0.2042 -0.3771 -0.9034
vn 0.5516 -0.7722 -0.3152
vn 0.2049 -0.3703 -0.9060
vn 0.8877 -0.3693 0.2750
vn -0.8643 -0.0000 0.5029
vn -0.8644 -0.0000 0.5029
vn -0.2669 0.3376 0.9027
vn -0.6125 0.7070 0.3536
vn -0.2669 -0.3376 0.9027
vn -0.6125 -0.7070 0.3536
vn -0.6390 0.3628 0.6783
vn -0.6490 -0.3403 0.6805
vn -0.6489 0.3402 0.6806
vn -0.6389 -0.3628 0.6784
vn -0.6778 0.3783 -0.6305
vn -0.6778 -0.3783 -0.6305
vn -0.6840 0.3695 -0.6290
vn -0.6840 -0.3695 -0.6290
vn -0.0000 0.7071 0.7071
vn 0.6489 0.3403 0.6805
vn 0.6389 0.3629 0.6783
vn -0.6389 0.3629 0.6783
vn -0.6489 0.3403 0.6806
vn -0.0000 0.7747 -0.6324
vn 0.6778 0.3783 -0.6305
vn 0.6840 0.3695 -0.6290
vn 0.6390 -0.3628 0.6783
vn 0.6390 0.3628 0.6783
vn 0.6489 -0.3403 0.6805
vn 0.6840 -0.3695 -0.6290
vn 0.6778 -0.3783 -0.6305
vn -0.0000 -0.7071 0.7071
vn 0.6389 -0.3629 0.6783
vn 0.6488 -0.3403 0.6806
vn -0.6489 -0.3403 0.6805
vn -0.6389 -0.3629 0.6784
vn -0.0000 -0.7747 -0.6324
vn -0.0000 0.0001 1.0000
vn 0.6489 0.3403 0.6806
vn -0.0000 0.7070 0.7072
vn -0.6489 0.3403 0.6805
vn -0.0000 -0.7070 0.7072
vn -0.6489 -0.3403 0.6806
vn -0.2684 0.3632 -0.8922
vn -0.2669 -0.3375 -0.9027
vn -0.2668 0.3375 -0.9027
vn -0.2684 -0.3632 -0.8922
vn 0.8834 0.3786 -0.2761
vn 0.8834 -0.3786 -0.2761
vn 0.8877 0.3692 -0.2750
vn 0.8877 -0.3692 -0.2750
vn -0.6127 0.7069 -0.3534
vn -0.9145 0.3391 0.2207
vn -0.9071 0.3629 0.2130
vn -0.6126 0.7070 -0.3535
vn -0.2669 0.3375 -0.9027
vn 0.8877 0.3693 -0.2750
vn 0.5461 0.7756 0.3166
vn 0.2042 0.3771 0.9034
vn 0.2049 0.3703 0.9060
vn 0.8643 -0.0000 0.5029
vn 0.8644 -0.0000 0.5029
vn -0.9072 -0.3628 0.2130
vn -0.9072 0.3628 0.2130
vn -0.9145 0.3390 0.2208
vn -0.9145 -0.3390 0.2208
vn 0.2048 0.3702 0.9061
vn 0.2049 -0.3702 0.9061
vn 0.2043 0.3770 0.9034
vn 0.2042 -0.3770 0.9034
vn -0.6127 -0.7069 -0.3534
vn -0.9071 -0.3630 0.2130
vn -0.9145 -0.3391 0.2207
vn -0.6127 -0.7069 -0.3535
vn -0.2685 -0.3632 -0.8922
vn 0.5461 -0.7756 0.3166
vn 0.2043 -0.3771 0.9034
vn 0.2048 -0.3705 0.9060
vn -0.8677 -0.0000 -0.4970
vn -0.8678 -0.0000 -0.4970
vn -0.6125 0.7070 -0.3536
vn -0.2669 0.3376 -0.9027
vn -0.6125 -0.7070 -0.3536
vn -0.2669 -0.3376 -0.9027
vn 0.2685 0.3632 0.8922
vn 0.2669 -0.3375 0.9027
vn 0.2669 0.3375 0.9027
vn 0.2684 -0.3632 0.8922
vn -0.8834 0.3786 0.2761
vn -0.8834 -0.3786 0.2761
vn -0.8877 0.3692 0.2750
vn -0.8877 -0.3692 0.2750
vn 0.6127 0.7069 0.3534
vn 0.9145 0.3390 -0.2207
vn 0.9071 0.3630 -0.2130
vn 0.6126 0.7069 0.3535
vn -0.8877 0.3694 0.2750
vn -0.5461 0.7756 -0.3166
vn -0.8834 0.3786 0.2760
vn -0.2042 0.3771 -0.9034
vn -0.2049 0.3703 -0.9060
vn -0.8643 -0.0000 -0.5029
vn -0.8644 -0.0000 -0.5029
vn 0.9072 -0.3628 -0.2130
vn 0.9072 0.3628 -0.2130
vn 0.9145 0.3390 -0.2208
vn 0.9145 -0.3390 -0.2208
vn -0.2047 0.3703 -0.9061
vn -0.2049 -0.3702 -0.9061
vn -0.2043 0.3770 -0.9034
vn -0.2042 -0.3770 -0.9034
vn 0.6126 -0.7070 0.3534
vn 0.9072 -0.3629 -0.2130
vn 0.9145 -0.3390 -0.2207
vn 0.6126 -0.7069 0.3535
vn -0.8834 -0.3787 0.2761
vn -0.5461 -0.7756 -0.3166
vn -0.8877 -0.3693 0.2750
vn -0.2043 -0.3771 -0.9034
vn -0.2048 -0.3705 -0.9060
vn 0.8677 -0.0000 0.4970
vn 0.8677 -0.0000 0.4971
vn 0.8678 -0.0000 0.4970
vn 0.6125 0.7070 0.3536
vn 0.2668 0.3376 0.9027
vn 0.9145 -0.3391 -0.2208
vn 0.6125 -0.7070 0.3536
vn -0.6790 0.7342 -0.0000
vn -1.0000 0.0001 -0.0000
vn -1.0000 -0.0001 -0.0000
vn -0.9084 -0.4181 -0.0000
vn -0.9963 -0.0863 -0.0000
vn -0.9963 -0.0864 -0.0000
vn -0.9678 0.2517 -0.0000
vn -0.9697 0.2444 -0.0000
vn 0.6789 0.7342 -0.0000
vn -0.6789 0.7342 -0.0000
vn 0.9679 0.2512 -0.0000
vn 0.9963 -0.0864 -0.0000
vn 0.9678 0.2517 -0.0000
vn 0.9963 -0.0863 -0.0000
vn 0.9082 -0.4185 -0.0000
vn 0.9084 -0.4182 -0.0000
vn 1.0000 0.0002 -0.0000
vn 0.6790 0.7341 -0.0000
vn -0.0000 -0.0002 1.0000
vn -0.0000 0.0002 1.0000
vn -0.0001 -0.0000 1.0000
vt 0.325686 0.790447
vt 0.280856 0.758934
vt 0.329380 0.758934
vt 0.325686 0.727420
vt 0.280856 0.790447
vt 0.280856 0.727420
vt 0.315167 0.817163
vt 0.315167 0.700705
vt 0.280856 0.817163
vt 0.280856 0.700705
vt 0.236025 0.727420
vt 0.232332 0.758934
vt 0.236025 0.790447
vt 0.246544 0.700705
vt 0.246544 0.817163
vt 0.293766 0.876341
vt 0.269105 0.878831
vt 0.267946 0.876341
vt 0.292606 0.878831
vt 0.261283 0.859733
vt 0.300429 0.859733
vt 0.298638 0.863269
vt 0.263073 0.863269
vt 0.298942 0.844748
vt 0.262770 0.844748
vt 0.288014 0.897691
vt 0.273697 0.897691
vt 0.288006 0.873421
vt 0.273705 0.873421
vt 0.287934 0.858946
vt 0.273777 0.858946
vt 0.295184 0.809725
vt 0.295184 0.840217
vt 0.266528 0.809725
vt 0.266528 0.840217
vt 0.269119 0.863269
vt 0.292592 0.863269
vt 0.291010 0.873740
vt 0.287604 0.876993
vt 0.287147 0.876993
vt 0.274108 0.876993
vt 0.270701 0.873740
vt 0.274564 0.876993
vt 0.288575 0.893802
vt 0.273137 0.893802
vt 0.246486 0.785875
vt 0.234052 0.800116
vt 0.234052 0.785799
vt 0.246486 0.800040
vt 0.315211 0.785875
vt 0.327644 0.785799
vt 0.315211 0.800040
vt 0.327644 0.800116
vt 0.329380 0.792958
vt 0.315167 0.827269
vt 0.303515 0.792958
vt 0.264833 0.776935
vt 0.232332 0.792958
vt 0.246544 0.758646
vt 0.258197 0.792958
vt 0.264833 0.808980
vt 0.280856 0.841482
vt 0.246544 0.827269
vt 0.280856 0.815617
vt 0.296878 0.808980
vt 0.260504 0.781207
vt 0.280856 0.769457
vt 0.260504 0.804708
vt 0.301208 0.804708
vt 0.280856 0.816458
vt 0.301208 0.781207
vt 0.315167 0.758646
vt 0.296878 0.776935
vt 0.280856 0.744434
vt 0.280856 0.770299
vt 0.314757 0.773385
vt 0.280856 0.757393
vt 0.280856 0.753812
vt 0.311656 0.775175
vt 0.280856 0.832103
vt 0.311656 0.810740
vt 0.314757 0.812530
vt 0.280856 0.828522
vt 0.246955 0.812530
vt 0.250056 0.810740
vt 0.246955 0.773385
vt 0.250056 0.775175
vt 0.311204 0.786666
vt 0.280848 0.799831
vt 0.280848 0.786085
vt 0.311204 0.799249
vt 0.250492 0.799249
vt 0.250492 0.786666
vt 0.250426 0.786210
vt 0.250426 0.799706
vt 0.311270 0.799706
vt 0.311270 0.786210
vt 0.280848 0.782709
vt 0.312649 0.782803
vt 0.280848 0.803207
vt 0.312649 0.803112
vt 0.249047 0.782803
vt 0.249047 0.803112
vt 0.260528 0.781221
vt 0.280856 0.769485
vt 0.301184 0.804694
vt 0.301184 0.781221
vt 0.260528 0.804694
vt 0.280856 0.816430
vt 0.315226 0.909330
vt 0.246501 0.909330
vt 0.248409 0.905838
vt 0.313317 0.905838
vt 0.323749 0.895745
vt 0.327659 0.897691
vt 0.237978 0.895745
vt 0.234067 0.897691
vt 0.232331 0.758934
vt 0.280856 0.876341
vt 0.260504 0.878831
vt 0.258495 0.876341
vt 0.280856 0.878831
vt 0.303216 0.876341
vt 0.301208 0.878831
vt 0.234013 0.873421
vt 0.237969 0.874944
vt 0.323757 0.874944
vt 0.327714 0.873421
vt 0.312182 0.844748
vt 0.280856 0.859733
vt 0.280856 0.844748
vt 0.314757 0.859733
vt 0.249529 0.844748
vt 0.246955 0.859733
vt 0.280856 0.809725
vt 0.305672 0.809725
vt 0.305672 0.840217
vt 0.280856 0.840217
vt 0.256039 0.809725
vt 0.256039 0.840217
vt 0.301184 0.863269
vt 0.280856 0.863269
vt 0.260527 0.863269
vt 0.311285 0.876993
vt 0.312664 0.873740
vt 0.315185 0.875261
vt 0.250441 0.876993
vt 0.246541 0.875261
vt 0.249062 0.873740
vt 0.312551 0.898500
vt 0.249175 0.898500
vt 0.280863 0.873650
vt 0.250567 0.862017
vt 0.280863 0.862028
vt 0.311159 0.862017
vt 0.248143 0.858946
vt 0.313583 0.858946
vt 0.315573 0.895887
vt 0.246153 0.895887
vt 0.280863 0.858946
vt 0.250256 0.893802
vt 0.311471 0.893802
vt 0.250800 0.894317
vt 0.310927 0.894317
vt 0.232331 0.792958
vt 0.262286 0.811527
vt 0.254595 0.792958
vt 0.280856 0.792958
vt 0.307117 0.792958
vt 0.299425 0.774388
vt 0.280856 0.819219
vt 0.299425 0.811527
vt 0.262286 0.774388
vt 0.280856 0.766697
vt 0.254089 0.777504
vt 0.280856 0.756785
vt 0.280856 0.762050
vt 0.249529 0.774872
vt 0.249529 0.811044
vt 0.254089 0.808411
vt 0.280856 0.829130
vt 0.280856 0.823865
vt 0.307622 0.808411
vt 0.312182 0.811044
vt 0.307622 0.777504
vt 0.312182 0.774872
vt 0.305672 0.778630
vt 0.305672 0.807286
vt 0.280856 0.821614
vt 0.256039 0.807286
vt 0.280856 0.764302
vt 0.256039 0.778630
vt 0.250567 0.782644
vt 0.280863 0.784441
vt 0.280863 0.786677
vt 0.248143 0.785879
vt 0.250567 0.803271
vt 0.280863 0.799238
vt 0.280863 0.801474
vt 0.248143 0.800036
vt 0.311159 0.782644
vt 0.313583 0.785879
vt 0.311159 0.803271
vt 0.313583 0.800036
vt 0.280863 0.792958
vt 0.250800 0.785000
vt 0.310927 0.785000
vt 0.310927 0.800915
vt 0.250800 0.800915
vt 0.311471 0.785239
vt 0.311471 0.800677
vt 0.250256 0.800677
vt 0.250256 0.785239
vt 0.246486 0.909330
vt 0.313302 0.905838
vt 0.315211 0.909330
vt 0.248394 0.905838
vt 0.327644 0.897691
vt 0.323734 0.895745
vt 0.237962 0.895745
vt 0.234052 0.897691
vt 0.303217 0.876341
vt 0.327699 0.873421
vt 0.323743 0.874944
vt 0.233998 0.873421
vt 0.237954 0.874944
vt 0.249530 0.844748
vt 0.305673 0.840217
vt 0.305673 0.809725
vt 0.260528 0.863269
vt 0.311270 0.876993
vt 0.312649 0.873740
vt 0.315170 0.875261
vt 0.249047 0.873740
vt 0.250426 0.876993
vt 0.246526 0.875261
vt 0.249160 0.898500
vt 0.312536 0.898500
vt 0.280848 0.873650
vt 0.311144 0.862017
vt 0.280848 0.862028
vt 0.250552 0.862017
vt 0.313568 0.858946
vt 0.248128 0.858946
vt 0.315558 0.895887
vt 0.246138 0.895887
vt 0.280848 0.858946
vt 0.311456 0.893802
vt 0.250241 0.893802
vt 0.250784 0.894317
vt 0.310912 0.894317
vt 0.650840 1.637690
vt 0.660391 1.600990
vt 0.660391 1.632880
vt 0.650840 1.596180
vt 0.636840 1.632340
vt 0.636840 1.601530
vt 0.648618 1.614750
vt 0.674207 1.605160
vt 0.681653 1.614710
vt 0.615584 1.614710
vt 0.623029 1.605160
vt 0.625984 1.628710
vt 0.648618 1.628670
vt 0.671252 1.628710
vt 0.625984 1.632340
vt 0.671252 1.632340
vt 0.648618 1.647760
vt 0.671252 1.601530
vt 0.625984 1.601530
vt 0.648618 1.586110
vt 0.646397 1.596180
vt 0.646397 1.637690
vt 0.636846 1.632880
vt 0.636846 1.600990
vt 0.660397 1.632340
vt 0.660397 1.601530
vt 0.674208 1.605160
vt 0.623029 1.632880
vt 0.623029 1.600990
vt 0.674207 1.632880
vt 0.648618 1.648830
vt 0.674207 1.600990
vt 0.648618 1.585040
vt 0.648618 1.658420
vt 0.648618 1.575450
vt 0.343075 0.813196
vt 0.363781 0.824623
vt 0.355917 0.828127
vt 0.347065 0.805187
vt 0.328258 0.805730
vt 0.327895 0.795454
vt 0.335162 0.830162
vt 0.349995 0.804471
vt 0.353404 0.832125
vt 0.360819 0.819283
vt 0.324341 0.815345
vt 0.331756 0.802504
vt 0.368178 0.816301
vt 0.354248 0.797104
vt 0.330659 0.794639
vt 0.321008 0.824623
vt 0.335781 0.813196
vt 0.328367 0.828127
vt 0.330659 0.805187
vt 0.354023 0.805730
vt 0.354233 0.795454
vt 0.327081 0.820932
vt 0.347065 0.824623
vt 0.327869 0.834312
vt 0.340699 0.813679
vt 0.363781 0.805187
vt 0.353107 0.799253
vt 0.334482 0.796317
vt 0.348821 0.821153
vt 0.332371 0.822343
vt 0.325207 0.809935
vt 0.358077 0.807501
vt 0.350914 0.795093
vt 0.368178 0.811356
vt 0.330659 0.833017
vt 0.354233 0.830526
vt 0.330659 0.824623
vt 0.354703 0.820932
vt 0.354248 0.834312
vt 0.338272 0.813679
vt 0.321008 0.805187
vt 0.331108 0.799253
vt -0.309953 1.183670
vt -0.289247 1.195100
vt -0.297112 1.198600
vt -0.305964 1.175660
vt -0.324770 1.176200
vt -0.325134 1.165930
vt -0.317867 1.200640
vt -0.303034 1.174940
vt -0.299625 1.202600
vt -0.292210 1.189760
vt -0.328687 1.185820
vt -0.321273 1.172980
vt -0.284851 1.186770
vt -0.298781 1.167580
vt -0.322370 1.165110
vt -0.332021 1.195100
vt -0.317248 1.183670
vt -0.324662 1.198600
vt -0.322370 1.175660
vt -0.299006 1.176200
vt -0.298796 1.165930
vt -0.325948 1.191410
vt -0.305964 1.195100
vt -0.325160 1.204790
vt -0.312330 1.184150
vt -0.289247 1.175660
vt -0.299922 1.169730
vt -0.318547 1.166790
vt -0.304208 1.191630
vt -0.320658 1.192820
vt -0.327822 1.180410
vt -0.294952 1.177970
vt -0.302115 1.165570
vt -0.284851 1.181830
vt -0.322370 1.203490
vt -0.298796 1.201000
vt -0.322370 1.195100
vt -0.298326 1.191410
vt -0.298781 1.204790
vt -0.314757 1.184150
vt -0.332021 1.175660
vt -0.321921 1.169730
vt 0.300554 1.183670
vt 0.321260 1.195100
vt 0.313396 1.198600
vt 0.304544 1.175660
vt 0.285737 1.176200
vt 0.285374 1.165930
vt 0.292641 1.200640
vt 0.307474 1.174940
vt 0.310883 1.202600
vt 0.318297 1.189760
vt 0.281820 1.185820
vt 0.289234 1.172980
vt 0.325656 1.186770
vt 0.311727 1.167580
vt 0.288138 1.165110
vt 0.278486 1.195100
vt 0.293260 1.183670
vt 0.285845 1.198600
vt 0.288137 1.175660
vt 0.311502 1.176200
vt 0.311712 1.165930
vt 0.284560 1.191410
vt 0.304544 1.195100
vt 0.285348 1.204790
vt 0.298178 1.184150
vt 0.321260 1.175660
vt 0.310586 1.169730
vt 0.291961 1.166790
vt 0.306300 1.191630
vt 0.289849 1.192820
vt 0.282686 1.180410
vt 0.315556 1.177970
vt 0.308392 1.165570
vt 0.325656 1.181830
vt 0.288137 1.203490
vt 0.311712 1.201000
vt 0.288138 1.195100
vt 0.312182 1.191410
vt 0.311727 1.204790
vt 0.295750 1.184150
vt 0.278486 1.175660
vt 0.288587 1.169730
vt 0.364430 1.217870
vt 0.343999 1.216430
vt 0.361963 1.204810
vt 0.351738 1.226560
vt 0.329887 1.239740
vt 0.341263 1.243860
vt 0.350761 1.233420
vt 0.371182 1.225210
vt 0.356370 1.243140
vt 0.360652 1.220690
vt 0.333434 1.247000
vt 0.334789 1.235620
vt 0.363570 1.214270
vt 0.357311 1.232180
vt 0.352080 1.205310
vt 0.334330 1.214270
vt 0.339558 1.241130
vt 0.328071 1.232180
vt 0.363034 1.239740
vt 0.340098 1.251400
vt 0.371182 1.216430
vt 0.344788 1.239740
vt 0.363656 1.241130
vt 0.362720 1.251400
vt 0.349788 1.232180
vt 0.330676 1.216430
vt 0.338947 1.214270
vt 0.352080 1.222380
vt 0.371182 1.232890
vt 0.363570 1.236250
vt 0.333434 1.211090
vt 0.334330 1.219370
vt 0.356388 1.214920
vt 0.354604 1.226560
vt 0.334789 1.243860
vt 0.328741 1.226560
vt 0.338656 1.217870
vt 0.360652 1.243860
vt 0.350761 1.252500
vt 0.371182 1.239740
vt 0.363034 1.216430
vt 0.340080 1.204810
vt 0.000402 1.118450
vt -0.020029 1.117010
vt -0.002065 1.105380
vt -0.012290 1.127140
vt -0.034141 1.140310
vt -0.022764 1.144430
vt -0.013267 1.134000
vt 0.007154 1.125780
vt -0.007658 1.143710
vt -0.003376 1.121270
vt -0.030594 1.147580
vt -0.029239 1.136200
vt -0.000457 1.114850
vt -0.006716 1.132750
vt -0.011947 1.105890
vt -0.029697 1.114850
vt -0.024470 1.141710
vt -0.035956 1.132750
vt -0.000994 1.140310
vt -0.023929 1.151980
vt 0.007154 1.117010
vt -0.019240 1.140310
vt -0.000372 1.141710
vt -0.001307 1.151980
vt -0.014239 1.132750
vt -0.033352 1.117010
vt -0.025080 1.114850
vt -0.011947 1.122960
vt 0.007154 1.133460
vt -0.000457 1.136820
vt -0.030593 1.111670
vt -0.029697 1.119940
vt -0.007640 1.115500
vt -0.009423 1.127140
vt -0.029239 1.144430
vt -0.035287 1.127140
vt -0.025372 1.118450
vt -0.003376 1.144430
vt -0.013267 1.153070
vt 0.007154 1.140310
vt -0.000994 1.117010
vt -0.023948 1.105380
vt -0.265098 1.331350
vt -0.285529 1.329910
vt -0.267566 1.318290
vt -0.277790 1.340040
vt -0.299642 1.353220
vt -0.288265 1.357340
vt -0.278767 1.346900
vt -0.258347 1.338680
vt -0.273158 1.356620
vt -0.268876 1.334170
vt -0.296094 1.360480
vt -0.294740 1.349100
vt -0.265958 1.327750
vt -0.272217 1.345660
vt -0.277448 1.318790
vt -0.295198 1.327750
vt -0.289970 1.354610
vt -0.301457 1.345660
vt -0.266494 1.353220
vt -0.289430 1.364880
vt -0.258347 1.329910
vt -0.284740 1.353220
vt -0.265872 1.354610
vt -0.266808 1.364880
vt -0.279740 1.345660
vt -0.298852 1.329910
vt -0.290581 1.327750
vt -0.277448 1.335860
vt -0.258347 1.346370
vt -0.265958 1.349730
vt -0.296094 1.324570
vt -0.295198 1.332840
vt -0.273140 1.328400
vt -0.274924 1.340040
vt -0.294740 1.357340
vt -0.300787 1.340040
vt -0.290873 1.331350
vt -0.268876 1.357340
vt -0.278767 1.365980
vt -0.258347 1.353220
vt -0.266494 1.329910
vt -0.289448 1.318290
vt -0.309953 0.684303
vt -0.289247 0.695730
vt -0.297112 0.699234
vt -0.305964 0.676294
vt -0.324770 0.676837
vt -0.325134 0.666561
vt -0.317867 0.701270
vt -0.303034 0.675578
vt -0.299624 0.703232
vt -0.292210 0.690391
vt -0.328687 0.686453
vt -0.321273 0.673611
vt -0.284851 0.687408
vt -0.298781 0.668212
vt -0.322370 0.665747
vt -0.332021 0.695730
vt -0.317248 0.684303
vt -0.324662 0.699234
vt -0.322370 0.676294
vt -0.299006 0.676837
vt -0.298796 0.666561
vt -0.325948 0.692039
vt -0.305964 0.695730
vt -0.325160 0.705420
vt -0.312330 0.684786
vt -0.289247 0.676294
vt -0.299922 0.670360
vt -0.318546 0.667424
vt -0.304207 0.692260
vt -0.320658 0.693450
vt -0.327822 0.681042
vt -0.294952 0.678608
vt -0.302115 0.666201
vt -0.284851 0.682463
vt -0.322370 0.704125
vt -0.298796 0.701633
vt -0.322370 0.695730
vt -0.298326 0.692039
vt -0.298781 0.705420
vt -0.314757 0.684786
vt -0.332021 0.676294
vt -0.321921 0.670360
vt 0.152310 0.793005
vt 0.173016 0.804431
vt 0.165152 0.807936
vt 0.156300 0.784995
vt 0.137493 0.785538
vt 0.137130 0.775262
vt 0.144397 0.809971
vt 0.159230 0.784280
vt 0.162639 0.811934
vt 0.170053 0.799092
vt 0.133576 0.795154
vt 0.140990 0.782313
vt 0.177412 0.796110
vt 0.163483 0.776913
vt 0.139893 0.774448
vt 0.130242 0.804431
vt 0.145015 0.793005
vt 0.137601 0.807936
vt 0.139893 0.784995
vt 0.163258 0.785538
vt 0.163467 0.775262
vt 0.136316 0.800741
vt 0.156300 0.804431
vt 0.137103 0.814121
vt 0.149934 0.793488
vt 0.173016 0.784995
vt 0.162342 0.779062
vt 0.143717 0.776126
vt 0.158056 0.800961
vt 0.141605 0.802152
vt 0.134442 0.789744
vt 0.167312 0.787310
vt 0.160148 0.774902
vt 0.177412 0.791165
vt 0.139893 0.812826
vt 0.163467 0.810335
vt 0.139893 0.804431
vt 0.163937 0.800741
vt 0.163483 0.814121
vt 0.147506 0.793488
vt 0.130242 0.784995
vt 0.140343 0.779062
vt -0.467749 0.793005
vt -0.447043 0.804431
vt -0.454908 0.807936
vt -0.463760 0.784995
vt -0.482566 0.785538
vt -0.482930 0.775262
vt -0.475663 0.809971
vt -0.460830 0.784280
vt -0.457420 0.811934
vt -0.450006 0.799092
vt -0.486483 0.795154
vt -0.479069 0.782313
vt -0.442647 0.796110
vt -0.456577 0.776913
vt -0.480166 0.774448
vt -0.489817 0.804431
vt -0.475044 0.793005
vt -0.482458 0.807936
vt -0.480166 0.784995
vt -0.456802 0.785538
vt -0.456592 0.775262
vt -0.483744 0.800741
vt -0.463760 0.804431
vt -0.482956 0.814121
vt -0.470126 0.793488
vt -0.447043 0.784995
vt -0.457718 0.779062
vt -0.476342 0.776126
vt -0.462003 0.800961
vt -0.478454 0.802152
vt -0.485618 0.789744
vt -0.452748 0.787310
vt -0.459911 0.774902
vt -0.442647 0.791165
vt -0.480166 0.812826
vt -0.456592 0.810335
vt -0.480166 0.804431
vt -0.456122 0.800741
vt -0.456577 0.814121
vt -0.472553 0.793488
vt -0.489817 0.784995
vt -0.479717 0.779062
vt 0.069445 1.300920
vt 0.049014 1.299480
vt 0.066978 1.287850
vt 0.056753 1.309600
vt 0.034902 1.322780
vt 0.046279 1.326900
vt 0.055776 1.316470
vt 0.076197 1.308250
vt 0.061385 1.326180
vt 0.065667 1.303730
vt 0.038449 1.330040
vt 0.039804 1.318670
vt 0.068586 1.297320
vt 0.062327 1.315220
vt 0.057096 1.288360
vt 0.039346 1.297320
vt 0.044574 1.324170
vt 0.033087 1.315220
vt 0.068049 1.322780
vt 0.045114 1.334440
vt 0.076197 1.299480
vt 0.049803 1.322780
vt 0.068672 1.324170
vt 0.067736 1.334440
vt 0.054804 1.315220
vt 0.035691 1.299480
vt 0.043963 1.297320
vt 0.057096 1.305430
vt 0.076197 1.315930
vt 0.068586 1.319290
vt 0.038450 1.294140
vt 0.039346 1.302410
vt 0.061404 1.297970
vt 0.059620 1.309600
vt 0.039804 1.326900
vt 0.033756 1.309600
vt 0.043671 1.300920
vt 0.065667 1.326900
vt 0.055776 1.335540
vt 0.076197 1.322780
vt 0.068049 1.299480
vt 0.045095 1.287850
vt 0.386607 0.618811
vt 0.366176 0.617370
vt 0.384139 0.605744
vt 0.373915 0.627497
vt 0.352063 0.640674
vt 0.363440 0.644795
vt 0.372938 0.634360
vt 0.393358 0.626143
vt 0.378547 0.644075
vt 0.382829 0.621628
vt 0.355611 0.647937
vt 0.356965 0.636560
vt 0.385747 0.615211
vt 0.379488 0.633113
vt 0.374257 0.606251
vt 0.356507 0.615211
vt 0.361735 0.642067
vt 0.350248 0.633113
vt 0.385211 0.640674
vt 0.362275 0.652336
vt 0.393358 0.617370
vt 0.366965 0.640674
vt 0.385833 0.642067
vt 0.384897 0.652336
vt 0.371965 0.633113
vt 0.352853 0.617370
vt 0.361124 0.615211
vt 0.374257 0.623322
vt 0.393358 0.633824
vt 0.385747 0.637184
vt 0.355611 0.612031
vt 0.356507 0.620302
vt 0.378565 0.615861
vt 0.376781 0.627497
vt 0.356965 0.644795
vt 0.350918 0.627497
vt 0.360832 0.618811
vt 0.382829 0.644795
vt 0.372938 0.653434
vt 0.393358 0.640674
vt 0.385211 0.617370
vt 0.362257 0.605744
vt -0.265098 0.961581
vt -0.285529 0.960140
vt -0.267566 0.948514
vt -0.277790 0.970267
vt -0.299642 0.983444
vt -0.288265 0.987564
vt -0.278767 0.977130
vt -0.258347 0.968913
vt -0.273158 0.986845
vt -0.268876 0.964397
vt -0.296094 0.990706
vt -0.294740 0.979329
vt -0.265958 0.957980
vt -0.272217 0.975883
vt -0.277448 0.949020
vt -0.295198 0.957980
vt -0.289970 0.984836
vt -0.301457 0.975883
vt -0.266494 0.983444
vt -0.289430 0.995106
vt -0.258347 0.960140
vt -0.284740 0.983444
vt -0.265872 0.984836
vt -0.266808 0.995106
vt -0.279740 0.975883
vt -0.298852 0.960140
vt -0.290581 0.957980
vt -0.277448 0.966091
vt -0.258347 0.976594
vt -0.265958 0.979954
vt -0.296094 0.954800
vt -0.295198 0.963072
vt -0.273140 0.958630
vt -0.274924 0.970267
vt -0.294740 0.987564
vt -0.300787 0.970267
vt -0.290873 0.961581
vt -0.268876 0.987564
vt -0.278767 0.996204
vt -0.258347 0.983444
vt -0.266494 0.960140
vt -0.289448 0.948514
vt -0.415501 0.367322
vt -0.405951 0.330631
vt -0.405951 0.372132
vt -0.415501 0.335441
vt -0.391951 0.366783
vt -0.391951 0.335980
vt -0.378140 0.363154
vt -0.403729 0.353567
vt -0.370695 0.353603
vt -0.436763 0.353603
vt -0.429318 0.363154
vt -0.426363 0.339603
vt -0.403729 0.339650
vt -0.381095 0.339603
vt -0.378140 0.335441
vt -0.429318 0.335441
vt -0.403729 0.319490
vt -0.378140 0.367322
vt -0.429318 0.367322
vt -0.403729 0.383273
vt -0.403729 0.392869
vt -0.403729 0.309895
vt -0.401507 0.372132
vt -0.391957 0.335441
vt -0.391957 0.367322
vt -0.401507 0.330631
vt -0.415507 0.335980
vt -0.415507 0.366783
vt -0.426363 0.366783
vt -0.410469 0.356137
vt -0.413269 0.362221
vt -0.413504 0.362731
vt -0.414195 0.341878
vt -0.410469 0.369324
vt -0.426363 0.335980
vt -0.403729 0.382211
vt -0.415598 0.336375
vt -0.403085 0.372033
vt -0.403729 0.320552
vt -0.395818 0.369324
vt -0.403085 0.336375
vt -0.390689 0.336375
vt -0.381095 0.335980
vt -0.392105 0.341829
vt -0.381095 0.366783
vt -0.392783 0.362731
vt -0.395818 0.356137
vt -0.393000 0.362259
vt -0.685577 0.334385
vt -0.676026 0.297694
vt -0.676026 0.329576
vt -0.685577 0.292884
vt -0.699577 0.329037
vt -0.699577 0.298233
vt -0.687799 0.311449
vt -0.662209 0.301863
vt -0.654764 0.311413
vt -0.720833 0.311413
vt -0.713388 0.301863
vt -0.710432 0.325413
vt -0.687799 0.325367
vt -0.665165 0.325413
vt -0.710432 0.329037
vt -0.665165 0.329037
vt -0.687798 0.344464
vt -0.665165 0.298233
vt -0.710432 0.298233
vt -0.687798 0.282805
vt -0.690020 0.292884
vt -0.690020 0.334385
vt -0.699571 0.329576
vt -0.699571 0.297694
vt -0.676020 0.329037
vt -0.676020 0.298233
vt -0.687798 0.311449
vt -0.713387 0.301863
vt -0.687798 0.325367
vt -0.713388 0.329576
vt -0.713388 0.297694
vt -0.662209 0.329576
vt -0.687799 0.345526
vt -0.662209 0.297694
vt -0.687799 0.281743
vt -0.687799 0.355122
vt -0.687799 0.272148
vt 0.482800 0.540172
vt 0.492351 0.503481
vt 0.492351 0.535362
vt 0.482800 0.498671
vt 0.468800 0.534823
vt 0.468800 0.504020
vt 0.480578 0.517236
vt 0.506168 0.507649
vt 0.513613 0.517200
vt 0.447544 0.517200
vt 0.454989 0.507649
vt 0.457945 0.531200
vt 0.480578 0.531154
vt 0.503212 0.531200
vt 0.457945 0.534823
vt 0.503212 0.534823
vt 0.480579 0.550251
vt 0.503212 0.504020
vt 0.457945 0.504020
vt 0.480579 0.488592
vt 0.478357 0.498671
vt 0.478357 0.540172
vt 0.468806 0.535362
vt 0.468806 0.503481
vt 0.492357 0.534823
vt 0.492357 0.504020
vt 0.480579 0.517236
vt 0.480579 0.531154
vt 0.454989 0.535362
vt 0.454989 0.503481
vt 0.506168 0.535362
vt 0.480578 0.551313
vt 0.506168 0.503481
vt 0.480578 0.487530
vt 0.480578 0.560909
vt 0.480578 0.477935
vt 0.462947 0.925183
vt 0.472498 0.888492
vt 0.472498 0.920373
vt 0.462947 0.883682
vt 0.448947 0.919834
vt 0.448947 0.889031
vt 0.460725 0.902247
vt 0.486314 0.892660
vt 0.493760 0.902211
vt 0.427691 0.902211
vt 0.435136 0.892660
vt 0.438091 0.916211
vt 0.460725 0.916164
vt 0.483359 0.916211
vt 0.438091 0.919834
vt 0.483359 0.919834
vt 0.460725 0.935262
vt 0.483359 0.889031
vt 0.438091 0.889031
vt 0.460725 0.873603
vt 0.458504 0.883682
vt 0.458504 0.925183
vt 0.448953 0.920373
vt 0.448953 0.888492
vt 0.472504 0.919834
vt 0.472504 0.889031
vt 0.486315 0.892660
vt 0.435136 0.920373
vt 0.435136 0.888492
vt 0.486314 0.920373
vt 0.460725 0.936324
vt 0.486314 0.888492
vt 0.460725 0.872541
vt 0.460725 0.945919
vt 0.460725 0.862945
vt 0.097789 0.613449
vt 0.107340 0.576758
vt 0.107340 0.608640
vt 0.097789 0.571948
vt 0.083789 0.608101
vt 0.083789 0.577297
vt 0.095567 0.590513
vt 0.121157 0.580927
vt 0.128602 0.590477
vt 0.062533 0.590477
vt 0.069978 0.580927
vt 0.072934 0.604477
vt 0.095567 0.604431
vt 0.118201 0.604477
vt 0.072934 0.608101
vt 0.118201 0.608101
vt 0.095568 0.623528
vt 0.118201 0.577297
vt 0.072934 0.577297
vt 0.095568 0.561869
vt 0.093346 0.571948
vt 0.093346 0.613449
vt 0.083795 0.608640
vt 0.083795 0.576758
vt 0.107346 0.608101
vt 0.107346 0.577297
vt 0.095568 0.590513
vt 0.095568 0.604431
vt 0.069978 0.608640
vt 0.069978 0.576758
vt 0.121157 0.608640
vt 0.095567 0.624590
vt 0.121157 0.576758
vt 0.095567 0.560807
vt 0.095567 0.634186
vt 0.095567 0.551212
vt 9.998880 -4.984880
vt 9.998890 -4.991470
vt 10.001100 -4.984880
vt 10.001100 -4.991470
vt 9.998890 -4.991980
vt 10.001100 -4.991980
vt 9.998890 -4.998070
vt 10.001100 -4.998070
vt 9.998910 -5.012330
vt 10.001100 -5.012330
vt 9.998910 -5.017830
vt 10.001100 -5.017830
vt 10.007300 -4.998880
vt 10.000100 -5.001090
vt 10.007300 -5.001090
vt 10.000100 -4.998880
vt 9.992670 -4.998880
vt 9.992670 -5.001090
vt 10.001100 -5.012370
vt 9.998900 -4.998070
vt 9.998880 -5.012370
vt 9.998880 -5.017830
vt 9.998900 -4.991950
vt 10.001100 -4.991950
vt 9.998900 -4.991470
vt 9.998910 -4.984880
vt 10.012500 -4.998910
vt 9.999940 -4.998910
vt 10.012500 -5.001120
vt 9.999940 -5.001120
vt 9.987550 -4.998910
vt 9.987550 -5.001120
vt 10.007300 -4.998070
vt 10.000100 -5.017830
vt 10.011000 -5.012370
vt 10.012500 -5.017830
vt 9.988950 -5.012330
vt 9.987550 -5.017830
vt 9.992670 -4.998070
vt 10.000100 -4.982170
vt 9.992670 -4.984880
vt 9.989870 -4.991980
vt 9.989640 -4.991470
vt 10.007300 -4.984880
vt 10.010100 -4.991950
vt 10.010400 -4.991470
s 1
usemtl Meshpart1Mtl.001
f 1/1/1 2/2/2 3/3/3
f 3/3/3 2/2/2 4/4/4
f 2/2/2 1/1/1 5/5/5
f 4/4/4 2/2/2 6/6/6
f 7/7/7 5/5/5 1/1/1
f 4/4/4 6/6/6 8/8/8
f 5/5/5 7/7/7 9/9/9
f 8/8/8 6/6/6 10/10/10
f 12/11/11 13/2/2 11/12/12
f 13/2/2 14/13/13 11/12/12
f 13/2/2 12/11/11 15/6/14
f 16/5/15 14/13/13 13/2/2
f 17/14/16 15/6/14 12/11/11
f 14/13/13 16/5/15 18/15/17
f 15/6/14 17/14/16 19/10/10
f 20/9/9 18/15/17 16/5/15
f 21/16/18 22/17/19 23/18/20
f 22/17/19 21/16/18 24/19/21
f 25/20/22 26/21/23 27/22/24
f 25/20/22 27/22/24 28/23/25
f 29/24/26 30/20/27 31/25/28
f 30/20/27 29/24/26 32/21/29
f 33/26/30 34/27/31 35/28/32
f 35/28/32 34/27/31 36/29/33
f 36/29/33 37/30/34 35/28/32
f 37/30/34 36/29/33 38/31/34
f 39/32/35 40/33/35 41/34/36
f 40/33/35 42/35/36 41/34/36
f 43/16/37 44/36/38 45/37/39
f 44/36/38 43/16/37 46/18/40
f 47/38/41 48/39/42 49/40/43
f 50/41/44 51/42/45 52/43/46
f 53/44/47 54/45/47 55/39/48
f 55/39/48 54/45/47 56/41/48
f 57/46/49 58/47/50 59/48/50
f 58/47/50 57/46/49 60/49/49
f 61/50/51 62/51/52 63/52/51
f 62/51/52 64/53/52 63/52/51
f 65/46/53 66/50/54 67/52/54
f 65/46/53 67/52/54 68/49/53
f 70/54/55 69/55/56 71/56/57
f 74/57/58 73/58/9 72/59/7
f 73/58/9 74/57/58 75/60/59
f 78/61/60 77/62/61 76/63/17
f 77/62/61 78/61/60 79/64/62
f 80/63/17 81/58/63 82/61/64
f 82/61/64 81/58/63 83/60/65
f 85/62/61 86/65/66 84/55/56
f 86/65/66 85/62/61 87/64/67
f 88/66/68 89/67/68 90/68/68
f 91/69/68 90/68/68 89/67/68
f 90/68/68 91/69/68 92/70/68
f 91/69/68 89/67/68 93/71/68
f 69/55/56 94/65/69 71/56/57
f 97/56/57 95/72/70 96/54/71
f 95/72/70 97/56/57 98/73/72
f 101/73/73 100/74/74 99/72/70
f 100/74/74 101/73/73 102/75/75
f 105/57/76 103/59/7 104/74/74
f 105/57/76 104/74/74 106/75/77
f 107/76/78 108/77/79 109/78/80
f 108/77/79 107/76/78 110/79/81
f 111/80/82 112/81/83 113/82/84
f 112/81/83 111/80/82 114/83/82
f 115/83/85 116/84/22 117/85/25
f 116/84/22 115/83/85 118/80/86
f 119/86/23 120/77/87 121/87/24
f 119/86/23 122/78/88 120/77/87
f 123/88/68 124/89/68 125/90/68
f 124/89/68 123/88/68 126/91/68
f 127/90/68 128/92/68 129/93/68
f 128/92/68 127/90/68 130/89/68
f 128/92/68 131/94/89 132/93/68
f 131/94/89 128/92/68 133/95/90
f 134/96/91 135/88/68 136/97/91
f 135/88/68 134/96/91 137/91/68
f 138/98/92 139/99/93 140/88/94
f 138/98/92 140/88/94 141/90/92
f 142/91/95 143/100/96 144/89/96
f 143/100/96 142/91/95 145/101/97
f 146/98/92 147/93/98 148/102/99
f 147/93/98 146/98/92 149/90/92
f 150/100/96 151/92/100 152/89/96
f 151/92/100 150/100/96 153/103/101
f 154/104/68 155/77/68 156/105/68
f 155/77/68 154/104/68 157/87/68
f 158/106/68 159/107/68 160/79/68
f 160/79/68 161/81/68 158/106/68
f 162/104/68 163/85/68 164/87/68
f 163/85/68 162/104/68 165/108/68
f 166/107/68 167/77/68 168/79/68
f 167/77/68 166/107/68 169/105/68
f 170/83/68 171/106/68 172/81/68
f 171/106/68 170/83/68 173/109/68
f 174/108/68 175/109/68 176/83/68
f 176/83/68 177/85/68 174/108/68
f 179/110/102 180/111/103 181/112/103
f 179/110/102 181/112/103 182/113/102
f 183/110/104 184/114/105 185/115/106
f 186/113/104 184/114/105 183/110/104
f 187/111/107 188/116/108 189/112/109
f 188/116/108 187/111/107 190/117/110
f 192/6/111 193/4/112 194/2/113
f 195/8/114 193/4/112 192/6/111
f 196/10/115 195/8/114 192/6/111
f 193/4/112 197/3/12 194/2/113
f 198/1/116 194/2/113 197/3/12
f 194/2/113 198/1/116 199/5/117
f 200/7/17 199/5/117 198/1/116
f 199/5/117 200/7/17 201/9/61
f 202/13/118 203/5/117 204/15/56
f 203/5/117 205/9/61 204/15/56
f 194/2/113 203/5/117 202/13/118
f 178/118/119 194/2/113 202/13/118
f 206/11/120 194/2/113 178/118/119
f 194/2/113 206/11/120 207/6/111
f 191/14/121 207/6/111 206/11/120
f 207/6/111 191/14/121 208/10/115
f 209/119/122 210/120/123 211/121/124
f 210/120/123 209/119/122 212/122/122
f 213/119/125 214/123/126 215/124/127
f 213/119/125 215/124/127 216/122/125
f 217/125/128 218/116/129 219/117/130
f 218/116/129 217/125/128 220/126/131
f 221/114/132 222/127/133 223/128/134
f 223/128/134 224/115/135 221/114/132
f 225/129/28 226/130/111 227/131/111
f 226/130/111 225/129/28 228/132/136
f 229/133/137 230/131/111 231/130/111
f 229/133/137 231/130/111 232/134/138
f 233/135/113 234/136/139 235/137/139
f 233/135/113 235/137/139 236/138/113
f 237/139/140 238/135/113 239/138/113
f 237/139/140 239/138/113 240/140/140
f 241/141/141 242/119/142 243/142/142
f 242/119/142 241/141/141 244/123/143
f 245/142/144 246/119/142 247/143/145
f 247/143/145 246/119/142 248/121/146
f 250/144/147 249/145/148 251/146/149
f 252/147/150 253/148/151 254/149/152
f 255/113/113 256/112/153 257/150/113
f 258/151/153 257/150/113 256/112/153
f 259/152/154 260/153/155 261/154/154
f 260/153/155 259/152/154 262/149/156
f 263/145/157 264/152/154 265/155/158
f 266/154/154 265/155/158 264/152/154
f 267/125/159 268/156/160 269/126/161
f 269/126/161 268/156/160 270/153/162
f 271/127/163 272/157/164 273/128/165
f 272/157/164 271/127/163 274/155/166
f 275/114/167 276/113/113 277/158/167
f 277/158/167 276/113/113 278/150/113
f 279/159/168 280/112/113 281/116/168
f 280/112/113 279/159/168 282/151/113
f 283/148/169 284/116/168 285/126/170
f 284/116/168 283/148/169 286/159/168
f 287/127/171 288/114/167 289/146/172
f 289/146/172 288/114/167 290/158/167
f 291/146/172 292/155/173 293/127/171
f 292/155/173 291/146/172 294/145/174
f 295/126/170 296/153/155 297/148/169
f 297/148/169 296/153/155 298/149/175
f 299/153/176 300/160/177 301/154/177
f 302/155/178 304/154/179 303/160/177
f 305/148/180 306/161/181 307/159/182
f 306/161/181 305/148/180 308/147/44
f 309/146/183 310/162/184 311/144/185
f 309/146/183 312/158/186 310/162/184
f 313/163/187 314/164/188 315/150/189
f 313/163/187 315/150/189 316/151/190
f 317/158/191 318/164/188 319/162/192
f 318/164/188 317/158/191 320/150/193
f 321/163/187 322/151/194 323/159/195
f 323/159/195 324/161/196 321/163/187
f 325/6/197 326/8/198 327/4/199
f 325/6/197 328/10/200 326/8/198
f 329/2/201 325/6/197 327/4/199
f 329/2/201 327/4/199 330/3/202
f 331/1/203 329/2/201 330/3/202
f 329/2/201 331/1/203 332/5/204
f 333/7/56 332/5/204 331/1/203
f 332/5/204 333/7/56 334/9/205
f 335/28/206 336/27/207 337/29/208
f 336/27/207 335/28/206 338/26/209
f 339/18/210 340/19/211 341/17/212
f 339/18/210 342/16/213 340/19/211
f 329/2/201 343/11/214 344/6/215
f 345/14/216 344/6/215 343/11/214
f 344/6/215 345/14/216 346/10/200
f 343/11/214 329/2/201 347/12/217
f 348/13/218 347/12/217 329/2/201
f 348/13/218 329/2/201 349/5/219
f 350/15/70 348/13/218 349/5/219
f 350/15/70 349/5/219 351/9/205
f 352/20/78 353/22/83 354/23/81
f 352/20/78 355/21/84 353/22/83
f 356/20/220 357/24/221 358/21/222
f 357/24/221 356/20/220 359/25/223
f 360/34/224 361/33/140 362/35/224
f 361/33/140 360/34/224 363/32/140
f 364/16/225 365/18/226 366/36/227
f 366/36/227 367/37/145 364/16/225
f 368/38/228 369/39/229 370/40/230
f 371/42/231 373/43/232 372/41/233
f 374/29/234 375/30/235 376/28/234
f 375/30/235 374/29/234 377/31/235
f 378/39/236 379/45/237 380/41/236
f 379/45/237 378/39/236 381/44/237
f 383/165/200 384/166/238 382/63/198
f 384/166/238 383/165/200 385/167/239
f 386/168/240 384/166/238 385/167/239
f 389/169/241 387/72/8 388/54/242
f 387/72/8 389/169/241 390/170/243
f 391/168/244 390/170/243 389/169/241
f 392/171/245 393/63/121 394/166/246
f 395/168/247 392/171/245 394/166/246
f 398/171/245 396/55/248 397/62/115
f 396/55/248 398/171/245 399/172/249
f 400/168/250 399/172/249 398/171/245
f 402/54/251 401/55/16 403/169/241
f 403/169/241 401/55/16 404/172/252
f 405/168/247 403/169/241 404/172/252
f 406/62/115 393/63/121 392/171/245
f 409/173/253 408/165/254 407/59/216
f 408/165/254 409/173/253 410/167/239
f 411/168/247 410/167/239 409/173/253
f 412/59/255 413/74/256 414/173/257
f 414/173/257 413/74/256 415/174/258
f 416/168/259 414/173/257 415/174/258
f 419/170/260 418/74/256 417/72/261
f 418/74/256 419/170/260 420/174/258
f 421/168/247 420/174/258 419/170/260
f 422/175/262 423/176/263 424/177/263
f 423/176/263 422/175/262 425/178/264
f 426/179/265 427/178/266 428/175/262
f 426/179/265 428/175/262 429/180/267
f 430/181/268 431/180/267 432/182/268
f 430/181/268 433/179/269 431/180/267
f 434/181/268 435/183/270 436/184/271
f 435/183/270 434/181/268 437/182/268
f 438/185/272 439/184/273 440/183/270
f 439/184/273 438/185/272 441/186/274
f 442/176/263 443/186/275 444/185/276
f 442/176/263 444/185/276 445/177/263
f 446/187/247 447/183/247 448/188/247
f 447/183/247 446/187/247 449/185/247
f 450/189/247 451/180/247 452/190/247
f 451/180/247 450/189/247 453/182/247
f 454/185/247 455/191/247 456/177/247
f 455/191/247 454/185/247 457/187/247
f 458/191/247 459/192/247 460/175/247
f 460/175/247 461/177/247 458/191/247
f 462/189/247 463/183/247 464/182/247
f 463/183/247 462/189/247 465/188/247
f 466/175/247 467/190/247 468/180/247
f 467/190/247 466/175/247 469/192/247
f 470/193/277 471/194/278 472/195/279
f 472/195/279 473/196/280 470/193/277
f 474/197/176 475/198/177 476/199/281
f 475/198/177 474/197/176 477/200/282
f 478/201/283 480/195/278 479/194/284
f 480/195/278 478/201/283 481/202/285
f 482/203/178 483/198/286 484/204/287
f 483/198/286 482/203/178 485/199/177
f 486/205/247 487/196/288 488/195/247
f 486/205/247 489/200/288 487/196/288
f 489/200/288 486/205/247 490/198/247
f 491/202/289 492/205/247 493/195/247
f 494/204/289 492/205/247 491/202/289
f 492/205/247 494/204/289 495/198/247
f 496/206/290 497/207/291 498/208/291
f 496/206/290 498/208/291 499/209/290
f 500/208/291 501/207/291 502/210/292
f 500/208/291 502/210/292 503/211/292
f 504/206/290 505/212/293 506/213/293
f 504/206/290 507/209/294 505/212/293
f 508/214/295 509/215/296 510/216/296
f 509/215/296 508/214/295 511/217/297
f 512/218/298 513/216/299 514/219/300
f 514/219/300 513/216/299 515/215/301
f 516/220/302 517/214/303 518/221/304
f 517/214/303 516/220/302 519/217/305
f 521/124/212 522/122/306 523/119/307
f 521/124/212 523/119/307 524/222/308
f 525/120/309 526/119/307 527/122/307
f 526/119/307 525/120/309 528/121/18
f 530/1/310 531/2/311 529/3/312
f 531/2/311 532/4/313 529/3/312
f 531/2/311 530/1/310 533/5/314
f 534/7/70 533/5/314 530/1/310
f 533/5/314 534/7/70 535/9/74
f 532/4/313 531/2/311 536/6/315
f 536/6/315 537/8/255 532/4/313
f 537/8/255 536/6/315 538/10/256
f 531/2/311 539/11/316 540/6/315
f 541/14/261 540/6/315 539/11/316
f 540/6/315 541/14/261 542/10/256
f 539/11/316 531/2/311 520/12/3
f 531/2/311 543/13/317 520/12/3
f 543/13/317 531/2/311 544/5/314
f 544/5/314 545/15/7 543/13/317
f 545/15/7 544/5/314 546/9/74
f 547/219/318 548/223/319 549/218/320
f 548/223/319 547/219/318 550/224/321
f 551/220/322 552/225/323 553/226/324
f 552/225/323 551/220/322 554/221/325
f 555/130/315 556/129/326 557/132/327
f 556/129/326 555/130/315 558/131/315
f 559/130/315 560/134/328 561/227/329
f 559/130/315 561/227/329 562/131/315
f 563/139/330 564/138/311 565/140/330
f 564/138/311 563/139/330 566/135/311
f 567/135/311 568/228/331 569/138/311
f 568/228/331 567/135/311 570/229/331
f 571/119/332 572/141/333 573/222/334
f 572/141/333 571/119/332 574/142/332
f 575/119/332 576/121/335 577/230/39
f 575/119/332 577/230/39 578/142/336
f 580/231/337 579/232/338 581/233/339
f 582/234/340 583/235/341 584/236/342
f 585/215/343 586/237/311 587/238/343
f 586/237/311 585/215/343 588/217/311
f 589/239/344 590/240/345 591/232/346
f 590/240/345 589/239/344 592/241/344
f 593/239/344 594/242/347 595/241/344
f 594/242/347 593/239/344 596/234/348
f 597/224/349 598/243/350 599/223/351
f 598/243/350 597/224/349 600/240/352
f 601/244/353 602/226/354 603/225/355
f 604/242/356 602/226/354 601/244/353
f 605/219/357 606/215/311 607/245/357
f 607/245/357 606/215/311 608/238/311
f 609/246/358 610/217/311 611/220/358
f 610/217/311 609/246/358 612/237/311
f 613/240/359 614/233/360 615/232/361
f 614/233/360 613/240/359 616/224/362
f 617/226/363 618/242/347 619/236/364
f 618/242/347 620/234/365 619/236/364
f 621/245/357 622/233/360 623/219/357
f 623/219/357 622/233/360 624/224/362
f 625/220/358 626/236/364 627/246/358
f 626/236/364 625/220/358 628/226/363
f 630/247/278 629/240/366 631/241/367
f 632/242/368 633/247/278 634/241/278
f 635/233/369 636/245/370 637/248/371
f 635/233/369 637/248/371 638/231/372
f 639/249/373 640/236/374 641/235/375
f 640/236/374 639/249/373 642/246/376
f 643/238/377 644/237/378 645/250/379
f 643/238/377 645/250/379 646/251/380
f 647/250/379 648/246/381 649/249/382
f 648/246/381 647/250/379 650/237/383
f 651/245/384 652/251/380 653/248/385
f 652/251/380 651/245/384 654/238/386
usemtl Meshpart2Mtl.001
f 656/252/387 657/253/388 655/254/389
f 656/252/387 658/255/390 657/253/388
f 660/256/391 661/257/392 659/252/393
f 662/255/394 659/252/393 661/257/392
f 664/258/395 663/259/396 666/260/397
f 664/258/398 667/261/387 665/262/399
f 668/261/400 669/258/401 670/263/402
f 669/258/401 671/264/403 670/263/402
f 669/258/401 672/265/404 671/264/403
f 672/265/404 669/258/401 673/260/405
f 674/266/406 675/267/407 676/268/408
f 675/267/407 674/266/406 677/269/406
f 678/270/406 677/269/406 674/266/406
f 677/269/406 678/270/406 679/271/408
f 682/272/409 681/273/410 680/274/411
f 682/272/409 680/274/411 683/275/412
f 685/273/413 686/272/414 684/276/415
f 687/277/416 684/276/415 686/272/414
f 692/258/417 688/261/418 690/262/412
f 692/258/419 689/278/420 691/260/421
f 693/265/422 695/258/423 694/260/424
f 695/258/423 693/265/422 697/264/425
f 695/258/423 697/264/425 698/263/426
f 696/261/427 695/258/423 698/263/426
f 699/279/428 700/280/428 701/281/428
f 699/279/428 701/281/428 702/282/429
f 700/280/428 703/283/428 701/281/428
f 703/283/428 700/280/428 704/284/429
f 705/281/430 706/285/431 707/282/431
f 708/279/432 707/282/431 706/285/431
f 710/283/433 712/284/434 711/286/434
f 709/280/420 711/286/434 712/284/434
f 717/287/435 713/288/436 715/289/437
f 718/290/438 714/291/439 716/292/439
f 718/290/438 713/288/436 717/287/435
f 714/291/439 718/290/438 717/287/435
f 719/293/440 720/294/441 721/295/441
f 721/295/441 720/294/441 722/296/440
f 723/297/442 720/294/441 719/293/440
f 720/294/441 723/297/442 724/298/442
f 725/294/443 726/299/444 727/296/445
f 726/299/444 725/294/443 728/300/443
f 725/294/443 729/301/446 728/300/443
f 729/301/446 725/294/443 730/298/437
f 731/302/444 733/303/447 732/304/445
f 733/303/447 731/302/444 734/305/448
f 734/305/448 735/306/439 733/303/447
f 735/306/439 734/305/448 736/307/439
f 737/308/449 739/309/450 738/310/449
f 739/309/450 737/308/449 740/311/451
f 741/312/452 739/309/450 740/311/451
f 741/312/452 740/311/451 742/313/453
f 743/314/454 744/315/455 745/316/454
f 743/314/454 745/316/454 746/317/455
f 744/315/455 743/314/454 747/318/456
f 743/314/454 748/319/457 747/318/456
f 749/320/458 753/315/459 751/318/460
f 753/315/459 750/321/461 752/316/462
f 753/315/459 749/320/458 754/322/463
f 750/321/461 753/315/459 754/322/463
f 755/323/464 756/324/449 757/325/449
f 756/324/449 755/323/464 758/326/465
f 759/327/458 758/326/465 755/323/464
f 758/326/465 759/327/458 760/328/460
f 765/329/466 761/330/467 763/331/468
f 766/332/469 762/333/470 764/334/471
f 766/332/469 761/330/467 765/329/466
f 762/333/470 766/332/469 765/329/466
f 767/335/472 768/336/472 769/337/472
f 769/337/472 768/336/472 770/338/472
f 771/339/472 768/336/472 767/335/472
f 768/336/472 771/339/472 772/340/472
f 773/336/473 774/341/474 775/338/475
f 774/341/474 773/336/473 776/342/476
f 773/336/473 777/343/477 776/342/476
f 777/343/477 773/336/473 778/340/478
f 779/344/479 781/345/480 780/346/481
f 781/345/480 779/344/479 782/347/482
f 782/347/482 783/348/471 781/345/480
f 783/348/471 782/347/482 784/349/483
f 785/350/484 787/351/485 786/352/486
f 787/351/485 785/350/484 788/353/487
f 789/354/488 787/351/485 788/353/487
f 789/354/488 788/353/487 790/355/489
f 791/356/490 792/357/490 793/358/490
f 791/356/490 793/358/490 794/359/491
f 792/357/490 791/356/490 795/360/490
f 791/356/490 796/361/491 795/360/490
f 797/362/492 801/357/493 799/360/494
f 801/357/493 798/363/488 800/358/489
f 801/357/493 797/362/492 802/364/495
f 798/363/488 801/357/493 802/364/495
f 803/365/496 804/366/484 805/367/486
f 804/366/484 803/365/496 806/368/497
f 807/369/498 806/368/497 803/365/496
f 806/368/497 807/369/498 808/370/499
f 813/371/500 809/372/501 811/373/502
f 814/374/503 810/375/504 812/376/504
f 814/374/503 809/372/501 813/371/500
f 810/375/504 814/374/503 813/371/500
f 815/377/505 816/378/506 817/379/505
f 817/379/505 816/378/506 818/380/506
f 819/381/507 816/378/506 815/377/505
f 816/378/506 819/381/507 820/382/507
f 821/378/508 822/383/509 823/380/510
f 822/383/509 821/378/508 824/384/508
f 821/378/508 825/385/511 824/384/508
f 825/385/511 821/378/508 826/382/502
f 827/386/512 829/387/513 828/388/514
f 829/387/513 827/386/512 830/389/515
f 830/389/515 831/390/504 829/387/513
f 831/390/504 830/389/515 832/391/504
f 833/392/516 835/393/517 834/394/516
f 835/393/517 833/392/516 836/395/518
f 837/396/519 835/393/517 836/395/518
f 837/396/519 836/395/518 838/397/520
f 839/398/521 840/399/522 841/400/522
f 839/398/521 841/400/522 842/401/523
f 840/399/522 839/398/521 843/402/521
f 839/398/521 844/403/521 843/402/521
f 845/404/524 849/399/525 847/402/526
f 849/399/525 846/405/519 848/400/520
f 849/399/525 845/404/524 850/406/527
f 846/405/519 849/399/525 850/406/527
f 851/407/528 852/408/516 853/409/516
f 852/408/516 851/407/528 854/410/529
f 855/411/530 854/410/529 851/407/528
f 854/410/529 855/411/530 856/412/531
f 857/413/532 859/414/533 858/415/534
f 859/414/533 857/413/532 860/416/535
f 860/416/535 861/417/536 859/414/533
f 861/417/536 860/416/535 862/418/537
f 863/419/538 864/420/539 865/421/538
f 864/420/539 863/419/538 866/422/540
f 869/419/541 867/423/536 868/424/537
f 867/423/536 869/419/541 870/421/541
f 871/425/542 872/426/542 873/427/542
f 872/426/542 874/428/542 873/427/542
f 875/429/543 874/428/542 872/426/542
f 874/428/542 875/429/543 876/430/544
f 877/429/545 878/431/546 879/432/545
f 878/431/546 877/429/545 880/426/547
f 881/433/548 878/431/546 880/426/547
f 881/433/548 880/426/547 882/425/549
f 885/434/550 883/435/545 884/436/551
f 883/435/545 885/434/550 886/437/552
f 887/438/553 886/437/552 885/434/550
f 886/437/552 887/438/553 888/439/554
f 893/440/555 889/441/556 891/442/557
f 890/443/558 893/440/555 892/444/554
f 889/441/556 893/440/555 894/445/555
f 893/440/555 890/443/558 894/445/555
f 895/446/559 896/447/560 897/448/559
f 897/448/559 898/449/559 895/446/559
f 899/450/561 896/447/560 895/446/559
f 896/447/560 899/450/561 900/451/559
f 902/450/562 903/446/563 901/452/564
f 904/453/565 901/452/564 903/446/563
f 905/449/534 904/453/565 903/446/563
f 905/449/534 906/454/534 904/453/565
f 907/455/566 909/456/567 908/457/566
f 909/456/567 907/455/566 910/458/568
f 910/458/568 911/459/569 909/456/567
f 911/459/569 910/458/568 912/460/570
f 913/461/571 914/462/572 915/463/571
f 914/462/572 913/461/571 916/464/573
f 919/461/574 917/465/575 918/466/576
f 917/465/575 919/461/574 920/463/574
f 921/467/577 922/468/577 923/469/578
f 922/468/577 924/470/577 923/469/578
f 925/471/577 924/470/577 922/468/577
f 924/470/577 925/471/577 926/472/577
f 927/471/579 928/473/580 929/474/579
f 928/473/580 927/471/579 930/468/581
f 931/475/582 928/473/580 930/468/581
f 931/475/582 930/468/581 932/467/583
f 935/476/584 933/477/585 934/478/585
f 933/477/585 935/476/584 936/479/586
f 937/480/587 936/479/586 935/476/584
f 936/479/586 937/480/587 938/481/588
f 943/482/589 939/483/590 941/484/591
f 940/485/592 943/482/589 942/486/593
f 939/483/590 943/482/589 944/487/589
f 943/482/589 940/485/592 944/487/589
f 945/488/594 946/489/595 947/490/594
f 947/490/594 948/491/594 945/488/594
f 949/492/596 946/489/595 945/488/594
f 946/489/595 949/492/596 950/493/597
f 952/492/573 953/488/598 951/494/599
f 954/495/600 951/494/599 953/488/598
f 955/491/601 954/495/600 953/488/598
f 955/491/601 956/496/566 954/495/600
f 957/497/602 959/498/603 958/499/604
f 959/498/603 957/497/602 960/500/605
f 960/500/605 961/501/606 959/498/603
f 961/501/606 960/500/605 962/502/607
f 963/503/608 964/504/609 965/505/608
f 964/504/609 963/503/608 966/506/610
f 969/503/611 967/507/612 968/508/613
f 967/507/612 969/503/611 970/505/614
f 971/509/615 972/510/616 973/511/615
f 972/510/616 974/512/617 973/511/615
f 975/513/615 974/512/617 972/510/616
f 974/512/617 975/513/615 976/514/615
f 977/513/618 978/515/619 979/516/620
f 978/515/619 977/513/618 980/510/621
f 981/517/622 978/515/619 980/510/621
f 981/517/622 980/510/621 982/509/623
f 985/518/624 983/519/625 984/520/620
f 983/519/625 985/518/624 986/521/626
f 987/522/627 986/521/626 985/518/624
f 986/521/626 987/522/627 988/523/628
f 993/524/629 989/525/630 991/526/631
f 990/527/632 993/524/629 992/528/633
f 989/525/630 993/524/629 994/529/629
f 993/524/629 990/527/632 994/529/629
f 995/530/634 996/531/634 997/532/634
f 997/532/634 998/533/634 995/530/634
f 999/534/635 996/531/634 995/530/634
f 996/531/634 999/534/635 1000/535/636
f 1002/534/637 1003/530/638 1001/536/609
f 1004/537/639 1001/536/609 1003/530/638
f 1005/533/640 1004/537/639 1003/530/638
f 1005/533/640 1006/538/604 1004/537/639
f 1011/539/641 1007/540/642 1009/541/643
f 1012/542/644 1008/543/516 1010/544/516
f 1012/542/644 1007/540/642 1011/539/641
f 1008/543/516 1012/542/644 1011/539/641
f 1013/545/645 1014/546/646 1015/547/647
f 1015/547/647 1014/546/646 1016/548/645
f 1017/549/645 1014/546/646 1013/545/645
f 1014/546/646 1017/549/645 1018/550/646
f 1019/546/648 1020/551/649 1021/548/650
f 1020/551/649 1019/546/648 1022/552/648
f 1019/546/648 1023/553/651 1022/552/648
f 1023/553/651 1019/546/648 1024/550/643
f 1025/554/652 1027/555/653 1026/556/654
f 1027/555/653 1025/554/652 1028/557/655
f 1028/557/655 1029/558/516 1027/555/653
f 1029/558/516 1028/557/655 1030/559/516
f 1031/560/504 1033/561/656 1032/562/504
f 1033/561/656 1031/560/504 1034/563/657
f 1035/564/658 1033/561/656 1034/563/657
f 1035/564/658 1034/563/657 1036/565/659
f 1037/566/660 1038/567/660 1039/568/660
f 1037/566/660 1039/568/660 1040/569/661
f 1038/567/660 1037/566/660 1041/570/661
f 1037/566/660 1042/571/660 1041/570/661
f 1043/572/662 1047/567/663 1045/570/664
f 1047/567/663 1044/573/658 1046/568/665
f 1047/567/663 1043/572/662 1048/574/666
f 1044/573/658 1047/567/663 1048/574/666
f 1049/575/667 1050/576/504 1051/577/504
f 1050/576/504 1049/575/667 1052/578/668
f 1053/579/669 1052/578/668 1049/575/667
f 1052/578/668 1053/579/669 1054/580/670
f 1059/581/671 1055/582/672 1057/583/673
f 1060/584/674 1056/585/486 1058/586/486
f 1060/584/674 1055/582/672 1059/581/671
f 1056/585/486 1060/584/674 1059/581/671
f 1061/587/675 1062/588/675 1063/589/675
f 1063/589/675 1062/588/675 1064/590/675
f 1065/591/675 1062/588/675 1061/587/675
f 1062/588/675 1065/591/675 1066/592/675
f 1067/588/676 1068/593/677 1069/590/678
f 1068/593/677 1067/588/676 1070/594/679
f 1067/588/676 1071/595/680 1070/594/679
f 1071/595/680 1067/588/676 1072/592/673
f 1073/596/681 1075/597/682 1074/598/683
f 1075/597/682 1073/596/681 1076/599/684
f 1076/599/684 1077/600/486 1075/597/682
f 1077/600/486 1076/599/684 1078/601/484
f 1079/602/471 1081/603/685 1080/604/470
f 1081/603/685 1079/602/471 1082/605/686
f 1083/606/687 1081/603/685 1082/605/686
f 1083/606/687 1082/605/686 1084/607/688
f 1085/608/689 1086/609/689 1087/610/689
f 1085/608/689 1087/610/689 1088/611/689
f 1086/609/689 1085/608/689 1089/612/689
f 1085/608/689 1090/613/689 1089/612/689
f 1091/614/690 1095/609/691 1093/612/692
f 1095/609/691 1092/615/687 1094/610/688
f 1095/609/691 1091/614/690 1096/616/693
f 1092/615/687 1095/609/691 1096/616/693
f 1097/617/694 1098/618/470 1099/619/470
f 1098/618/470 1097/617/694 1100/620/695
f 1101/621/696 1100/620/695 1097/617/694
f 1100/620/695 1101/621/696 1102/622/697
f 1107/623/698 1103/624/699 1105/625/700
f 1108/626/701 1104/627/702 1106/628/449
f 1108/626/701 1103/624/699 1107/623/698
f 1104/627/702 1108/626/701 1107/623/698
f 1109/629/703 1110/630/703 1111/631/704
f 1111/631/704 1110/630/703 1112/632/703
f 1113/633/705 1110/630/703 1109/629/703
f 1110/630/703 1113/633/705 1114/634/705
f 1115/630/706 1116/635/707 1117/632/708
f 1116/635/707 1115/630/706 1118/636/706
f 1115/630/706 1119/637/709 1118/636/706
f 1119/637/709 1115/630/706 1120/634/700
f 1121/638/707 1123/639/710 1122/640/708
f 1123/639/710 1121/638/707 1124/641/711
f 1124/641/711 1125/642/449 1123/639/710
f 1125/642/449 1124/641/711 1126/643/449
f 1127/644/439 1129/645/712 1128/646/439
f 1129/645/712 1127/644/439 1130/647/713
f 1131/648/714 1129/645/712 1130/647/713
f 1131/648/714 1130/647/713 1132/649/715
f 1133/650/716 1134/651/717 1135/652/717
f 1133/650/716 1135/652/717 1136/653/717
f 1134/651/717 1133/650/716 1137/654/718
f 1133/650/716 1138/655/717 1137/654/718
f 1139/656/719 1143/651/720 1141/654/721
f 1143/651/720 1140/657/722 1142/652/723
f 1143/651/720 1139/656/719 1144/658/724
f 1140/657/722 1143/651/720 1144/658/724
f 1145/659/725 1146/660/439 1147/661/439
f 1146/660/439 1145/659/725 1148/662/726
f 1149/663/727 1148/662/726 1145/659/725
f 1148/662/726 1149/663/727 1150/664/721
f 1151/665/728 1153/666/729 1152/667/728
f 1153/666/729 1151/665/728 1154/668/730
f 1154/668/730 1155/669/731 1153/666/729
f 1155/669/731 1154/668/730 1156/670/732
f 1157/671/733 1158/672/734 1159/673/733
f 1158/672/734 1157/671/733 1160/674/735
f 1163/671/736 1161/675/731 1162/676/732
f 1161/675/731 1163/671/736 1164/673/736
f 1165/677/737 1166/678/738 1167/679/737
f 1166/678/738 1168/680/739 1167/679/737
f 1169/681/737 1168/680/739 1166/678/738
f 1168/680/739 1169/681/737 1170/682/737
f 1171/681/740 1172/683/741 1173/684/742
f 1172/683/741 1171/681/740 1174/678/743
f 1175/685/744 1172/683/741 1174/678/743
f 1175/685/744 1174/678/743 1176/677/745
f 1179/686/746 1177/687/747 1178/688/747
f 1177/687/747 1179/686/746 1180/689/748
f 1181/690/749 1180/689/748 1179/686/746
f 1180/689/748 1181/690/749 1182/691/750
f 1187/692/751 1183/693/752 1185/694/753
f 1184/695/754 1187/692/751 1186/696/755
f 1183/693/752 1187/692/751 1188/697/751
f 1187/692/751 1184/695/754 1188/697/751
f 1189/698/756 1190/699/757 1191/700/756
f 1191/700/756 1192/701/756 1189/698/756
f 1193/702/756 1190/699/757 1189/698/756
f 1190/699/757 1193/702/756 1194/703/758
f 1196/702/759 1197/698/760 1195/704/761
f 1198/705/762 1195/704/761 1197/698/760
f 1199/701/763 1198/705/762 1197/698/760
f 1199/701/763 1200/706/764 1198/705/762
f 1201/707/765 1203/708/766 1202/709/765
f 1203/708/766 1201/707/765 1204/710/767
f 1204/710/767 1205/711/768 1203/708/766
f 1205/711/768 1204/710/767 1206/712/769
f 1207/713/770 1208/714/771 1209/715/770
f 1208/714/771 1207/713/770 1210/716/772
f 1213/713/773 1211/717/774 1212/718/775
f 1211/717/774 1213/713/773 1214/715/776
f 1215/719/777 1216/720/778 1217/721/777
f 1216/720/778 1218/722/778 1217/721/777
f 1219/723/777 1218/722/778 1216/720/778
f 1218/722/778 1219/723/777 1220/724/777
f 1221/723/779 1222/725/780 1223/726/781
f 1222/725/780 1221/723/779 1224/720/782
f 1225/727/783 1222/725/780 1224/720/782
f 1225/727/783 1224/720/782 1226/719/784
f 1229/728/785 1227/729/786 1228/730/787
f 1227/729/786 1229/728/785 1230/731/788
f 1231/732/789 1230/731/788 1229/728/785
f 1230/731/788 1231/732/789 1232/733/790
f 1237/734/791 1233/735/792 1235/736/793
f 1234/737/794 1237/734/791 1236/738/795
f 1233/735/792 1237/734/791 1238/739/791
f 1237/734/791 1234/737/794 1238/739/791
f 1239/740/796 1240/741/797 1241/742/796
f 1241/742/796 1242/743/796 1239/740/796
f 1243/744/796 1240/741/797 1239/740/796
f 1240/741/797 1243/744/796 1244/745/798
f 1246/744/772 1247/740/799 1245/746/800
f 1248/747/801 1245/746/800 1247/740/799
f 1249/743/802 1248/747/801 1247/740/799
f 1249/743/802 1250/748/765 1248/747/801
f 1251/749/803 1253/750/804 1252/751/805
f 1253/750/804 1251/749/803 1254/752/806
f 1254/752/806 1255/753/807 1253/750/804
f 1255/753/807 1254/752/806 1256/754/808
f 1257/755/809 1258/756/810 1259/757/809
f 1258/756/810 1257/755/809 1260/758/811
f 1263/755/812 1261/759/807 1262/760/808
f 1261/759/807 1263/755/812 1264/757/812
f 1265/761/813 1266/762/813 1267/763/814
f 1266/762/813 1268/764/815 1267/763/814
f 1269/765/813 1268/764/815 1266/762/813
f 1268/764/815 1269/765/813 1270/766/813
f 1271/765/816 1272/767/817 1273/768/816
f 1272/767/817 1271/765/816 1274/762/818
f 1275/769/819 1272/767/817 1274/762/818
f 1275/769/819 1274/762/818 1276/761/820
f 1279/770/821 1277/771/822 1278/772/822
f 1277/771/822 1279/770/821 1280/773/823
f 1281/774/824 1280/773/823 1279/770/821
f 1280/773/823 1281/774/824 1282/775/825
f 1287/776/826 1283/777/827 1285/778/828
f 1284/779/829 1287/776/826 1286/780/830
f 1283/777/827 1287/776/826 1288/781/826
f 1287/776/826 1284/779/829 1288/781/826
f 1289/782/831 1290/783/832 1291/784/833
f 1291/784/833 1292/785/833 1289/782/831
f 1293/786/834 1290/783/832 1289/782/831
f 1290/783/832 1293/786/834 1294/787/833
f 1296/786/835 1297/782/836 1295/788/837
f 1298/789/838 1295/788/837 1297/782/836
f 1299/785/839 1298/789/838 1297/782/836
f 1299/785/839 1300/790/839 1298/789/838
f 1351/791/840 1353/792/841 1352/793/842
f 1353/792/841 1351/791/840 1354/794/843
f 1357/792/844 1355/795/845 1356/793/846
f 1355/795/845 1357/792/844 1358/796/847
f 1359/797/848 1360/798/849 1361/799/850
f 1363/800/851 1360/798/849 1362/801/840
f 1364/802/845 1365/803/852 1366/798/852
f 1367/804/853 1366/798/852 1365/803/852
f 1366/798/852 1368/800/846 1364/802/845
f 1366/798/852 1367/804/853 1369/799/854
f 1370/805/855 1371/806/855 1372/807/856
f 1371/806/855 1370/805/855 1373/808/153
f 1371/806/855 1373/808/153 1374/809/153
f 1374/809/153 1373/808/153 1375/810/855
f 1377/811/857 1376/809/848 1378/810/857
f 1378/810/857 1380/808/858 1377/811/857
f 1382/807/859 1379/806/860 1381/812/859
f 1381/812/859 1383/805/861 1382/807/859
f 1385/813/862 1386/814/863 1384/815/864
f 1386/814/863 1385/813/862 1387/816/865
f 1390/817/866 1389/813/854 1388/818/853
f 1389/813/854 1390/817/866 1391/816/867
f 1393/800/868 1394/798/869 1392/801/863
f 1396/797/861 1394/798/869 1395/799/870
f 1401/798/871 1399/804/847 1397/799/844
f 1401/798/871 1400/800/867 1398/802/866
f 1399/804/847 1401/798/871 1402/803/871
f 1398/802/866 1402/803/871 1401/798/871
f 1403/819/311 1404/820/311 1405/821/311
f 1403/819/311 1405/821/311 1406/822/311
f 1404/820/311 1403/819/311 1407/823/311
f 1406/822/311 1408/824/311 1403/819/311
f 1407/823/311 1403/819/311 1409/825/311
f 1408/824/311 1410/826/311 1403/819/311
f 1407/823/311 1409/825/311 1411/827/311
f 1410/826/311 1408/824/311 1412/828/311
f 1409/825/311 1413/829/311 1411/827/311
f 1414/830/311 1410/826/311 1412/828/311
f 1411/827/311 1413/829/311 1415/831/311
f 1413/829/311 1416/832/343 1415/831/311
f 1413/829/311 1417/833/872 1416/832/343
f 1417/833/872 1418/834/311 1416/832/343
f 1410/826/311 1414/830/311 1419/835/311
f 1419/835/311 1418/834/311 1417/833/872
f 1420/836/311 1419/835/311 1414/830/311
f 1419/835/311 1421/837/311 1418/834/311
f 1422/838/311 1419/835/311 1420/836/311
f 1421/837/311 1419/835/311 1422/838/311
f 1424/839/873 1425/840/874 1423/841/875
f 1424/839/873 1426/842/876 1425/840/874
f 1428/843/877 1429/844/878 1427/839/879
f 1430/842/880 1427/839/879 1429/844/878
f 1432/845/881 1431/846/882 1434/847/883
f 1432/845/884 1435/848/873 1433/849/885
f 1436/848/886 1437/845/887 1438/850/888
f 1437/845/887 1439/851/887 1438/850/888
f 1437/845/887 1440/852/889 1439/851/887
f 1440/852/889 1437/845/887 1441/847/890
f 1442/853/891 1443/854/891 1444/855/892
f 1443/854/891 1442/853/891 1445/856/891
f 1446/857/893 1445/856/891 1442/853/891
f 1445/856/891 1446/857/893 1447/858/892
f 1450/859/894 1449/860/895 1448/861/896
f 1450/859/894 1448/861/896 1451/862/897
f 1453/860/890 1454/859/898 1452/863/889
f 1455/864/899 1452/863/889 1454/859/898
f 1460/865/900 1456/848/901 1458/866/897
f 1460/865/902 1457/846/903 1459/847/904
f 1461/852/905 1463/865/906 1462/847/907
f 1463/865/906 1461/852/905 1465/867/906
f 1463/865/906 1465/867/906 1466/850/899
f 1464/848/908 1463/865/906 1466/850/899
f 1467/868/909 1468/869/909 1469/870/910
f 1467/868/909 1469/870/910 1470/871/910
f 1468/869/909 1471/872/909 1469/870/910
f 1471/872/909 1468/869/909 1472/873/910
f 1473/870/911 1474/874/912 1475/871/912
f 1476/868/885 1475/871/912 1474/874/912
f 1478/872/913 1480/873/914 1479/875/914
f 1477/869/903 1479/875/914 1480/873/914
f 1482/876/915 1483/877/916 1481/878/917
f 1482/876/915 1484/879/918 1483/877/916
f 1486/880/919 1487/881/920 1485/876/921
f 1488/879/922 1485/876/921 1487/881/920
f 1490/882/923 1489/883/924 1492/884/925
f 1490/882/923 1493/885/926 1491/886/927
f 1494/885/921 1495/882/928 1496/887/919
f 1495/882/928 1497/888/928 1496/887/919
f 1495/882/928 1498/889/929 1497/888/928
f 1498/889/929 1495/882/928 1499/884/930
f 1500/890/113 1501/891/113 1502/892/113
f 1501/891/113 1500/890/113 1503/893/113
f 1504/894/113 1503/893/113 1500/890/113
f 1503/893/113 1504/894/113 1505/895/113
f 1508/896/931 1507/897/932 1506/898/924
f 1508/896/931 1506/898/924 1509/899/933
f 1511/897/930 1512/896/934 1510/900/929
f 1513/901/935 1510/900/929 1512/896/934
f 1518/902/936 1514/885/937 1516/886/938
f 1518/902/936 1515/883/939 1517/884/940
f 1519/889/920 1521/902/941 1520/884/922
f 1521/902/941 1519/889/920 1523/903/941
f 1521/902/941 1523/903/941 1524/887/935
f 1522/885/934 1521/902/941 1524/887/935
f 1525/904/343 1526/905/942 1527/906/343
f 1525/904/343 1527/906/343 1528/907/942
f 1526/905/942 1529/908/942 1527/906/343
f 1529/908/942 1526/905/942 1530/909/343
f 1531/906/943 1532/910/944 1533/907/944
f 1534/904/945 1533/907/944 1532/910/944
f 1536/908/933 1538/909/946 1537/911/946
f 1535/905/947 1537/911/946 1538/909/946
f 1540/912/948 1541/913/949 1539/914/950
f 1540/912/948 1542/915/951 1541/913/949
f 1544/916/952 1545/917/953 1543/912/954
f 1546/915/955 1543/912/954 1545/917/953
f 1548/918/956 1547/919/957 1550/920/958
f 1548/918/959 1551/921/948 1549/922/960
f 1552/921/961 1553/918/962 1554/923/952
f 1553/918/962 1555/924/962 1554/923/952
f 1553/918/962 1556/925/963 1555/924/962
f 1556/925/963 1553/918/962 1557/920/964
f 1558/926/965 1559/927/965 1560/928/966
f 1559/927/965 1558/926/965 1561/929/966
f 1562/930/966 1561/929/966 1558/926/965
f 1561/929/966 1562/930/966 1563/931/966
f 1566/932/967 1565/933/968 1564/934/969
f 1566/932/967 1564/934/969 1567/935/970
f 1569/933/971 1570/932/972 1568/936/973
f 1571/937/974 1568/936/973 1570/932/972
f 1576/918/975 1572/921/976 1574/922/977
f 1576/918/978 1573/938/949 1575/920/979
f 1577/925/953 1579/918/980 1578/920/955
f 1579/918/980 1577/925/953 1581/924/980
f 1579/918/980 1581/924/980 1582/923/981
f 1580/921/982 1579/918/980 1582/923/981
f 1583/939/983 1584/940/983 1585/941/983
f 1583/939/983 1585/941/983 1586/942/983
f 1584/940/983 1587/943/983 1585/941/983
f 1587/943/983 1584/940/983 1588/944/984
f 1589/941/957 1590/945/985 1591/942/985
f 1592/939/986 1591/942/985 1590/945/985
f 1594/943/977 1596/944/987 1595/946/987
f 1593/940/988 1595/946/987 1596/944/987
f 1598/947/989 1599/948/990 1597/949/991
f 1598/947/989 1600/950/992 1599/948/990
f 1602/951/993 1603/952/994 1601/947/995
f 1604/950/996 1601/947/995 1603/952/994
f 1606/953/997 1605/954/998 1608/955/999
f 1606/953/1000 1609/956/989 1607/957/991
f 1610/956/1001 1611/953/1002 1612/958/1003
f 1611/953/1002 1613/959/1002 1612/958/1003
f 1611/953/1002 1614/960/1004 1613/959/1002
f 1614/960/1004 1611/953/1002 1615/955/1005
f 1616/961/1006 1617/962/1006 1618/963/1007
f 1617/962/1006 1616/961/1006 1619/964/1006
f 1620/965/1006 1619/964/1006 1616/961/1006
f 1619/964/1006 1620/965/1006 1621/966/1007
f 1624/967/1008 1623/968/1009 1622/969/1010
f 1624/967/1008 1622/969/1010 1625/970/1011
f 1627/968/1012 1628/967/1013 1626/971/1014
f 1629/972/1015 1626/971/1014 1628/967/1013
f 1634/973/1016 1630/956/1017 1632/957/1018
f 1634/973/1019 1631/954/990 1633/955/992
f 1635/960/1020 1637/973/1021 1636/955/1022
f 1637/973/1021 1635/960/1020 1639/974/1021
f 1637/973/1021 1639/974/1021 1640/958/1023
f 1638/956/1024 1637/973/1021 1640/958/1023
f 1641/975/1025 1642/976/1026 1643/977/1026
f 1641/975/1025 1643/977/1026 1644/978/1027
f 1642/976/1026 1645/979/1025 1643/977/1026
f 1645/979/1025 1642/976/1026 1646/980/1027
f 1647/977/998 1648/981/1028 1649/978/1028
f 1650/975/1029 1649/978/1028 1648/981/1028
f 1652/979/1030 1654/980/1031 1653/982/1031
f 1651/976/990 1653/982/1031 1654/980/1031
usemtl Meshpart15Mtl
f 1301/983/1032 1303/984/1033 1302/985/1032
f 1304/986/1034 1302/985/1032 1303/984/1033
f 1304/986/1034 1303/984/1033 1305/987/1035
f 1305/987/1035 1306/988/1035 1304/986/1034
f 1305/987/1035 1307/989/1036 1306/988/1035
f 1308/990/1037 1306/988/1035 1307/989/1036
f 1307/989/1036 1309/991/1038 1308/990/1037
f 1310/992/1038 1308/990/1037 1309/991/1038
f 1309/991/1038 1311/993/1039 1310/992/1038
f 1312/994/1039 1310/992/1038 1311/993/1039
f 1314/995/1040 1315/996/68 1313/997/1040
f 1315/996/68 1314/995/1040 1316/998/68
f 1316/998/68 1317/999/1041 1315/996/68
f 1318/1000/1041 1315/996/68 1317/999/1041
f 1319/1001/1042 1320/1002/1043 1321/1003/1042
f 1321/1003/1042 1322/994/1042 1319/1001/1042
f 1322/994/1042 1321/1003/1042 1323/1004/1044
f 1320/1002/1043 1319/1001/1042 1324/990/1045
f 1324/990/1045 1325/1005/1046 1320/1002/1043
f 1325/1005/1046 1324/990/1045 1326/1006/1047
f 1325/1005/1046 1326/1006/1047 1327/986/1048
f 1327/986/1048 1328/1007/1048 1325/1005/1046
f 1327/986/1048 1329/1008/1049 1328/1007/1048
f 1329/1008/1049 1327/986/1048 1330/985/1049
f 1331/1009/247 1332/1010/247 1333/1011/247
f 1334/1012/247 1333/1011/247 1332/1010/247
f 1332/1010/247 1335/1013/247 1334/1012/247
f 1336/1014/247 1334/1012/247 1335/1013/247
f 1337/1015/311 1338/1016/311 1339/1017/311
f 1338/1016/311 1340/1018/1050 1339/1017/311
f 1338/1016/311 1341/1019/343 1342/1020/343
f 1338/1016/311 1343/1021/311 1341/1019/343
f 1338/1016/311 1337/1015/311 1343/1021/311
f 1344/1022/311 1343/1021/311 1337/1015/311
f 1345/1023/311 1343/1021/311 1344/1022/311
f 1343/1021/311 1345/1023/311 1346/1024/1051
f 1346/1024/1051 1345/1023/311 1347/1025/1052
f 1344/1022/311 1337/1015/311 1348/1026/311
f 1348/1026/311 1337/1015/311 1349/1027/311
f 1348/1026/311 1349/1027/311 1350/1028/311
