# Blender 5.1.1
# www.blender.org
mtllib keythrower.mtl
o 82581379887778
v -2.787924 0.368761 0.147965
v -2.787924 0.368761 -0.033533
v -2.787924 0.281292 0.147965
v -2.787924 0.281292 -0.033533
v -2.787924 0.569732 0.147965
v -2.787924 0.569732 -0.033533
v -2.787924 0.482267 0.147965
v -2.787924 0.482267 -0.033533
v -2.655924 0.467545 -0.033533
v -2.655924 0.383482 0.147965
v -2.655924 0.467545 0.147965
v -2.655924 0.383482 -0.033533
v -2.536313 0.584454 0.147965
v -2.536313 0.499686 -0.033533
v -2.536313 0.499686 0.147965
v -2.536313 0.584454 -0.033533
v -2.536313 0.266571 -0.033533
v -2.536313 0.266571 0.147965
v -2.536313 0.351340 0.147965
v -2.536313 0.351340 -0.033533
v -2.389517 0.584454 0.147965
v -2.389517 0.499686 -0.033533
v -2.389517 0.499686 0.147965
v -2.389518 0.584454 -0.033533
v -2.389517 0.266571 -0.033533
v -2.389518 0.266571 0.147965
v -2.389517 0.351340 0.147965
v -2.389517 0.351340 -0.033533
v -2.168825 0.188204 0.112773
v -2.168825 0.188204 0.014192
v -2.169113 0.135756 -0.006840
v -2.168690 0.208933 0.063483
v -2.169113 0.135756 0.133805
v -2.168825 0.083308 0.112773
v -2.168825 0.083308 0.014192
v -2.168690 0.062580 0.063483
v -2.168825 0.188204 0.112773
v -2.117284 0.259172 0.063483
v -2.168690 0.208933 0.063483
v -2.168825 0.188204 0.014192
v -2.117823 0.224101 0.146343
v -2.117823 0.224101 -0.019378
v -2.118146 0.135756 0.181805
v -2.118146 0.135756 -0.054840
v -2.169113 0.135756 0.133805
v -2.169113 0.135756 -0.006840
v -2.168825 0.083308 0.112773
v -2.168825 0.083308 0.014192
v -2.117823 0.047412 0.146343
v -2.117823 0.047412 -0.019378
v -2.117284 0.012341 0.063483
v -2.168690 0.062580 0.063483
v -2.099264 -0.307947 0.103616
v -2.099264 0.095756 0.103616
v -2.099264 0.095756 0.023349
v -2.099264 -0.307947 0.023349
v -2.787924 0.569732 -0.033533
v -2.787924 0.569732 0.147965
v -2.773202 0.584454 0.147965
v -2.773202 0.584454 -0.033533
v -2.787924 0.368761 -0.033533
v -2.787924 0.368761 0.147965
v -2.773202 0.383482 0.147965
v -2.773202 0.383482 -0.033533
v -2.787924 0.281292 0.147965
v -2.773202 0.266571 -0.033533
v -2.773202 0.266571 0.147965
v -2.787924 0.281292 -0.033533
v -2.773202 0.467545 -0.033533
v -2.773202 0.467545 0.147965
v -2.787924 0.482267 0.147965
v -2.787924 0.482267 -0.033533
v -2.787924 0.569732 0.147965
v -2.773202 0.482267 0.160233
v -2.773202 0.569732 0.160233
v -2.787924 0.482267 0.147965
v -2.787924 0.368761 0.147965
v -2.773202 0.281292 0.160233
v -2.773202 0.368761 0.160233
v -2.787924 0.281292 0.147965
v -2.773202 0.368761 -0.045802
v -2.773202 0.281292 -0.045802
v -2.787924 0.281292 -0.033533
v -2.787924 0.368761 -0.033533
v -2.787924 0.482267 -0.033533
v -2.773202 0.569732 -0.045802
v -2.773202 0.482267 -0.045802
v -2.787924 0.569732 -0.033533
v 2.337655 0.451791 0.087422
v 2.285706 0.434115 0.112604
v 2.337655 0.434116 0.094744
v 2.285706 0.464421 0.100052
v 2.285706 0.476973 0.069747
v 2.337655 0.416441 0.087422
v 2.285706 0.403811 0.100052
v 2.285706 0.391258 0.069747
v 2.354060 0.434116 0.069747
v 2.337655 0.409119 0.069747
v 2.337655 0.459111 0.069747
v 2.337655 0.451791 0.052072
v 2.285706 0.464421 0.039443
v 2.285706 0.434115 0.026890
v 2.337655 0.434116 0.044751
v 2.337655 0.416441 0.052072
v 2.285706 0.403811 0.039443
v -2.641202 0.368761 0.160233
v -2.641202 0.482267 0.160233
v -2.655924 0.467545 0.147965
v -2.655924 0.383482 0.147965
v 2.285706 0.380174 0.069747
v 2.285706 0.403811 0.100052
v 2.285706 0.395973 0.107890
v 2.285706 0.391258 0.069747
v 2.285706 0.434115 0.112604
v 2.285706 0.395973 0.031605
v 2.285706 0.434115 0.123689
v 2.285706 0.403811 0.039443
v 2.285706 0.472258 0.107890
v 2.285706 0.434115 0.026890
v 2.285706 0.464421 0.100052
v 2.285706 0.434115 0.015806
v 2.285706 0.488057 0.069747
v 2.285706 0.472258 0.031605
v 2.285706 0.476973 0.069747
v 2.285706 0.464421 0.039443
v -2.641202 0.368761 -0.045802
v -2.655924 0.467545 -0.033533
v -2.641202 0.482267 -0.045802
v -2.655924 0.383482 -0.033533
v 1.927168 -0.064289 0.115959
v 1.786970 0.084487 0.115959
v 1.927168 -0.064289 0.023536
v 1.786970 0.084487 0.023536
v 1.780939 0.315634 0.023536
v 1.780939 0.315634 0.115959
v 2.474453 -0.068756 0.023536
v 2.474454 -0.068756 0.115959
v 2.611988 0.157168 0.023536
v 2.611988 0.157168 0.115959
v 2.787924 0.271510 0.023536
v 2.787924 0.271510 0.115959
v 2.787924 0.434116 0.023536
v 2.787924 0.434116 0.115959
v 2.787924 0.596721 0.115959
v 2.787924 0.596721 0.023536
v 2.611988 0.711064 0.115959
v 2.611988 0.711064 0.023536
v 2.474453 0.936988 0.115959
v 2.474453 0.936988 0.023536
v 1.927168 0.932521 0.115959
v 1.927168 0.932521 0.023536
v 1.786970 0.783746 0.115959
v 1.786970 0.783746 0.023536
v 1.780939 0.552598 0.023536
v 1.780939 0.552598 0.115959
v 2.285706 0.472258 0.107890
v 2.233757 0.500211 0.069747
v 2.233757 0.480852 0.116484
v 2.233757 0.434115 0.135842
v 2.285706 0.488057 0.069747
v 2.285706 0.434115 0.123689
v 2.285706 0.472258 0.031605
v 2.285706 0.395973 0.107890
v 2.233757 0.480852 0.023011
v 2.233757 0.387379 0.116484
v 2.233757 0.434115 0.003653
v 2.233757 0.368021 0.069747
v 2.285706 0.434115 0.015806
v 2.285706 0.380174 0.069747
v 2.285706 0.395973 0.031605
v 2.233757 0.387379 0.023011
v 2.233757 0.387379 0.116484
v 2.233757 0.434115 0.152653
v 2.233757 0.375492 0.128370
v 2.233757 0.351210 0.069747
v 2.233757 0.434115 0.135842
v 2.233757 0.368021 0.069747
v 2.233757 0.480852 0.116484
v 2.233757 0.387379 0.023011
v 2.233757 0.492739 0.128370
v 2.233757 0.375492 0.011124
v 2.233757 0.517021 0.069747
v 2.233757 0.434115 -0.013158
v 2.233757 0.500211 0.069747
v 2.233757 0.434115 0.003653
v 2.233757 0.480852 0.023011
v 2.233757 0.492739 0.011124
v -2.521591 0.569732 0.160233
v -2.536313 0.499686 0.147965
v -2.521591 0.484964 0.160233
v -2.536313 0.584454 0.147965
v -2.536313 0.351340 0.147965
v -2.536313 0.266571 0.147965
v -2.521591 0.281292 0.160233
v -2.521591 0.366062 0.160233
v -2.536313 0.499686 -0.033533
v -2.536313 0.584454 -0.033533
v -2.521591 0.569732 -0.045802
v -2.521591 0.484964 -0.045802
v -2.521591 0.281292 -0.045802
v -2.536313 0.351340 -0.033533
v -2.521591 0.366062 -0.045802
v -2.536313 0.266571 -0.033533
v 2.174973 0.560697 0.069747
v 2.233757 0.492739 0.011124
v 2.174973 0.523622 -0.019759
v 2.174973 0.434115 -0.056834
v 2.233757 0.517021 0.069747
v 2.233757 0.434115 -0.013158
v 2.233757 0.492739 0.128370
v 2.233757 0.375492 0.011124
v 2.174973 0.523622 0.159254
v 2.174973 0.344609 -0.019759
v 2.174973 0.434115 0.196328
v 2.174973 0.307534 0.069747
v 2.233757 0.434115 0.152653
v 2.233757 0.351210 0.069747
v 2.233757 0.375492 0.128370
v 2.174973 0.344609 0.159254
v -2.773202 0.584454 0.147965
v -2.787924 0.569732 0.147965
v -2.773202 0.569732 0.160233
v -2.773202 0.584454 -0.033533
v -2.773202 0.569732 -0.045802
v -2.787924 0.569732 -0.033533
v 2.174973 0.548445 0.184076
v 2.174973 0.560697 0.069747
v 2.174973 0.595801 0.069747
v 2.174973 0.548445 -0.044581
v 2.174973 0.523622 0.159254
v 2.174973 0.523622 -0.019759
v 2.174973 0.434115 0.231432
v 2.174973 0.434115 -0.091939
v 2.174973 0.434115 0.196328
v 2.174973 0.434115 -0.056834
v 2.174973 0.319787 0.184076
v 2.174973 0.319787 -0.044581
v 2.174973 0.344609 0.159254
v 2.174973 0.344609 -0.019759
v 2.174973 0.307534 0.069747
v 2.174973 0.272429 0.069747
v -2.374795 0.569732 0.160233
v -2.389517 0.499686 0.147965
v -2.374795 0.484964 0.160233
v -2.389517 0.584454 0.147965
v -2.389517 0.351340 0.147965
v -2.389518 0.266571 0.147965
v -2.374795 0.281292 0.160233
v -2.374795 0.366062 0.160233
v -2.374795 0.281292 -0.045802
v -2.389517 0.351340 -0.033533
v -2.374795 0.366062 -0.045802
v -2.389517 0.266571 -0.033533
v -2.389517 0.499686 -0.033533
v -2.389518 0.584454 -0.033533
v -2.374795 0.569732 -0.045802
v -2.374795 0.484964 -0.045802
v -2.308329 0.382784 0.160233
v -2.308329 0.468242 0.160233
v -2.319858 0.456713 0.150625
v -2.319858 0.394313 0.150625
v -2.773202 0.368761 0.160233
v -2.773202 0.383482 0.147965
v -2.787924 0.368761 0.147965
v -2.773202 0.266571 0.147965
v -2.773202 0.281292 0.160233
v -2.787924 0.281292 0.147965
v -2.773202 0.368761 -0.045802
v -2.787924 0.368761 -0.033533
v -2.773202 0.383482 -0.033533
v -2.308329 0.468242 -0.045802
v -2.308329 0.382784 -0.045802
v -2.319858 0.394313 -0.036194
v -2.319858 0.456713 -0.036194
v -2.773202 0.266571 -0.033533
v -2.787924 0.281292 -0.033533
v -2.773202 0.281292 -0.045802
v 2.060140 0.505698 0.141329
v 1.994520 0.594947 0.069748
v 1.994520 0.547841 0.183473
v 1.994520 0.434115 0.230579
v 2.060140 0.535349 0.069747
v 2.060140 0.434115 0.170981
v 2.060140 0.505698 -0.001835
v 2.060139 0.362533 0.141329
v 1.994520 0.547841 -0.043977
v 1.994520 0.320390 0.183473
v 1.994520 0.434115 -0.091085
v 1.994520 0.273284 0.069748
v 2.060139 0.434115 -0.031486
v 2.060140 0.332883 0.069747
v 2.060139 0.362533 -0.001835
v 1.994520 0.320390 -0.043977
v -2.773202 0.467545 0.147965
v -2.773202 0.482267 0.160233
v -2.787924 0.482267 0.147965
v -2.773202 0.467545 -0.033533
v -2.787924 0.482267 -0.033533
v -2.773202 0.482267 -0.045802
v -1.503480 0.198922 0.120376
v -1.117924 0.224186 0.063482
v -1.504228 0.223051 0.063482
v -1.503480 0.198922 0.006589
v -1.117362 0.199486 0.121440
v -1.117362 0.199486 0.005525
v -1.501877 0.135757 0.145189
v -1.501877 0.135757 -0.018225
v -1.116830 0.135757 0.146646
v -1.116830 0.135757 -0.019681
v -1.117362 0.072029 0.121440
v -1.117362 0.072029 0.005525
v -1.503480 0.072592 0.120376
v -1.503480 0.072592 0.006589
v -1.117924 0.047328 0.063482
v -1.504228 0.048464 0.063482
v -2.203479 0.495030 0.120376
v -0.317923 0.520294 0.063482
v -2.204227 0.519158 0.063482
v -2.203479 0.495030 0.006589
v -0.317362 0.495592 0.121440
v -0.317362 0.495592 0.005525
v -2.201876 0.431865 0.145189
v -2.201876 0.431865 -0.018225
v -0.316829 0.431865 0.146646
v -0.316829 0.431865 -0.019681
v -0.317362 0.368136 0.121440
v -0.317362 0.368136 0.005525
v -2.203479 0.368699 0.120376
v -2.203479 0.368699 0.006589
v -0.317922 0.343435 0.063482
v -2.204227 0.344570 0.063482
v 1.701649 0.539659 0.175290
v 1.701649 0.544923 0.069748
v 1.701649 0.583377 0.069748
v 1.701649 0.539659 -0.035796
v 1.701649 0.512468 0.148100
v 1.701649 0.512468 -0.008605
v 1.701649 0.434115 0.180555
v 1.701649 0.434115 -0.041060
v 1.701649 0.434115 0.219009
v 1.701649 0.434115 -0.079514
v 1.701649 0.328572 0.175290
v 1.701649 0.328572 -0.035796
v 1.701649 0.355763 0.148100
v 1.701649 0.355763 -0.008605
v 1.701649 0.323308 0.069748
v 1.701649 0.284855 0.069748
v -1.078567 0.086151 0.020303
v -0.969934 0.067632 0.063482
v -1.079219 0.067772 0.063482
v -1.078567 0.086151 0.106661
v -0.970597 0.086058 0.020200
v -0.970597 0.086058 0.106764
v -0.971986 0.135757 0.000843
v -0.971986 0.135757 0.126121
v -1.077202 0.135757 0.000974
v -1.077202 0.135757 0.125991
v -1.078567 0.185364 0.020303
v -1.078567 0.185364 0.106661
v -0.970597 0.185456 0.020200
v -0.970597 0.185456 0.106764
v -0.969934 0.203883 0.063482
v -1.079219 0.203742 0.063482
v 1.593840 0.431865 0.002349
v 1.692514 0.383489 0.021437
v 1.592483 0.383233 0.021277
v 1.692514 0.431865 0.002712
v 1.692514 0.365532 0.063482
v 1.692514 0.480240 0.021437
v 1.591835 0.365258 0.063482
v 1.592483 0.480496 0.021277
v 1.592484 0.383233 0.105686
v 1.692514 0.498197 0.063482
v 1.692514 0.383489 0.105527
v 1.591835 0.498470 0.063482
v 1.593840 0.431865 0.124615
v 1.592483 0.480496 0.105686
v 1.692514 0.431865 0.124252
v 1.692514 0.480240 0.105527
v -0.970597 0.185456 0.106764
v -0.931224 0.224842 0.063482
v -0.969934 0.203883 0.063482
v -0.970597 0.185456 0.020200
v -0.931794 0.199942 0.121907
v -0.931794 0.199942 0.005057
v -0.932331 0.135757 0.147301
v -0.932331 0.135757 -0.020337
v -0.971986 0.135757 0.126121
v -0.971986 0.135757 0.000843
v -0.970597 0.086058 0.106764
v -0.970597 0.086058 0.020200
v -0.931794 0.071573 0.121907
v -0.931794 0.071573 0.005057
v -0.931224 0.046673 0.063482
v -0.969934 0.067632 0.063482
v 1.593840 0.431865 0.002349
v 1.551381 0.431865 -0.019493
v 1.592483 0.480496 0.021277
v 1.592483 0.383233 0.021277
v 1.550842 0.495464 0.005660
v 1.550842 0.368265 0.005660
v 1.550280 0.520108 0.063482
v 1.550279 0.343621 0.063482
v 1.591835 0.498470 0.063482
v 1.591835 0.365258 0.063482
v 1.592483 0.480496 0.105686
v 1.592484 0.383233 0.105686
v 1.550842 0.495464 0.121304
v 1.550842 0.368265 0.121304
v 1.551381 0.431865 0.146457
v 1.593840 0.431865 0.124615
v -0.931794 0.071573 0.005057
v -0.730975 0.045829 0.063482
v -0.931224 0.046673 0.063482
v -0.931794 0.071573 0.121907
v -0.730485 0.070894 0.004517
v -0.730485 0.070894 0.122447
v -0.729943 0.135757 -0.021170
v -0.729943 0.135757 0.148134
v -0.932331 0.135757 -0.020337
v -0.932331 0.135757 0.147301
v -0.931794 0.199942 0.005057
v -0.931794 0.199942 0.121907
v -0.730485 0.200620 0.004517
v -0.730485 0.200620 0.122447
v -0.730975 0.225685 0.063482
v -0.931224 0.224842 0.063482
v -1.787264 -0.099243 0.023349
v -1.735264 -0.073135 0.103616
v -1.787264 -0.099243 0.103616
v -1.787264 -0.220936 0.103616
v -1.787264 -0.220936 0.023349
v -1.735264 -0.073135 0.023349
v -1.683264 -0.099243 0.103616
v -1.683264 -0.099243 0.023349
v -1.683264 -0.242946 0.023349
v -1.683264 -0.242946 0.103616
v -0.435525 0.199357 0.121304
v -0.477167 0.184389 0.105686
v -0.436065 0.135757 0.146457
v -0.434963 0.224000 0.063482
v -0.478523 0.135757 0.124615
v -0.476518 0.202363 0.063482
v -0.477167 0.087125 0.105686
v -0.477167 0.184389 0.021277
v -0.435525 0.072158 0.121304
v -0.435525 0.199357 0.005660
v -0.434963 0.047513 0.063482
v -0.436065 0.135757 -0.019493
v -0.476518 0.069151 0.063482
v -0.478523 0.135757 0.002349
v -0.477167 0.087125 0.021277
v -0.435525 0.072158 0.005660
v -2.099264 -0.307947 0.103616
v -2.099264 -0.307947 0.023349
v -1.995263 -0.307947 0.103616
v -1.995263 -0.307947 0.023349
v -1.683264 -0.242946 0.103616
v -1.683264 -0.242946 0.023349
v -1.579264 -0.242946 0.103616
v -1.579264 -0.242946 0.023349
v -1.891264 -0.220936 0.023349
v -1.787264 -0.220936 0.103616
v -1.891264 -0.220936 0.103616
v -1.787264 -0.220936 0.023349
v -0.278566 0.382258 0.020303
v -0.036391 0.363739 0.063482
v -0.279217 0.363879 0.063482
v -0.278565 0.382258 0.106661
v -0.037055 0.382166 0.020200
v -0.037055 0.382166 0.106764
v -0.038444 0.431865 0.000843
v -0.038444 0.431865 0.126121
v -0.277201 0.431865 0.000974
v -0.277201 0.431865 0.125991
v -0.278566 0.481471 0.020303
v -0.278565 0.481471 0.106661
v -0.037055 0.481563 0.020200
v -0.037055 0.481563 0.106764
v -0.036391 0.499990 0.063482
v -0.279217 0.499849 0.063482
v 0.186298 0.645615 0.075436
v 0.204526 0.624783 0.082993
v 0.204526 0.645615 0.082700
v 0.186298 0.624783 0.075443
v 0.178748 0.624783 0.057216
v 0.222753 0.624783 0.075443
v 0.178748 0.645615 0.057216
v 0.222753 0.645615 0.074655
v 0.186298 0.624783 0.038988
v 0.298958 0.833488 0.058750
v 0.230303 0.624783 0.057216
v 0.186298 0.645615 0.038981
v 0.204526 0.645615 0.031145
v 0.204526 0.624783 0.031438
v 0.298958 0.833488 0.022296
v 0.222753 0.645615 0.038199
v 0.222753 0.624783 0.038988
v 0.230303 0.645615 0.056143
v 0.328417 0.800799 0.039007
v 0.311160 0.819948 0.014284
v 0.323362 0.806407 0.021008
v 0.323362 0.806407 0.057747
v 0.311160 0.819948 0.065897
v 0.501361 0.892454 0.004451
v 0.501358 0.884904 -0.015915
v 0.501367 0.910681 0.014893
v 0.673778 0.854053 -0.057434
v 0.501361 0.892454 -0.033445
v 0.670029 0.847499 -0.078228
v 0.501367 0.910681 -0.037773
v 0.673778 0.854053 -0.094616
v 0.794037 0.713684 -0.154029
v 0.800059 0.718238 -0.134569
v 0.814598 0.729232 -0.122223
v 0.501373 0.928909 -0.027428
v 0.682828 0.869875 -0.097188
v 0.814598 0.729232 -0.172742
v 0.501375 0.936459 -0.008989
v 0.691878 0.885697 -0.085137
v 0.695627 0.892250 -0.066086
v 0.829136 0.740226 -0.163837
v 0.835158 0.744780 -0.144199
v 0.293903 0.839097 0.040523
v 0.501373 0.928909 0.008606
v 0.691878 0.885697 -0.049236
v 0.682828 0.869875 -0.045012
v 0.829136 0.740226 -0.125464
v 0.156230 -0.086969 0.141216
v 0.156230 -0.086969 -0.026784
v 0.240230 -0.086969 0.057216
v 0.215627 -0.086969 -0.002181
v 0.215627 -0.086969 0.116613
v 0.072230 -0.086969 0.057216
v 0.096833 -0.086969 -0.002181
v 0.096833 -0.086969 0.116613
v 0.099250 0.645615 0.075443
v 0.117478 0.624783 0.082993
v 0.117478 0.645615 0.082993
v 0.099250 0.624783 0.075443
v 0.135705 0.624783 0.075443
v 0.091701 0.645615 0.057216
v 0.091701 0.624783 0.057216
v 0.118169 0.721934 0.027024
v 0.099250 0.645615 0.038989
v 0.099250 0.624783 0.038989
v 0.109178 0.709766 0.014445
v 0.117478 0.645615 0.031438
v 0.117478 0.624783 0.031438
v 0.114418 0.693529 0.004645
v 0.135705 0.645615 0.038989
v 0.135705 0.624783 0.038989
v 0.130819 0.682735 0.003365
v 0.141313 0.710706 -0.061057
v 0.143255 0.645615 0.057216
v 0.143255 0.624783 0.057216
v 0.135705 0.645615 0.075443
v 0.152523 0.712112 0.033733
v 0.157763 0.695875 0.023933
v 0.148773 0.683707 0.011354
v 0.186105 0.716495 -0.046342
v 0.136123 0.722906 0.035013
v 0.155361 0.698755 -0.054206
v 0.173915 0.701153 -0.048110
v 0.166970 0.682663 -0.085826
v 0.186641 0.682034 -0.084442
v 0.170744 0.747746 -0.056788
v 0.184792 0.735795 -0.049936
v 0.201617 0.685830 -0.096711
v 0.203127 0.691829 -0.115446
v 0.201155 0.636744 -0.112466
v 0.152190 0.745349 -0.062883
v 0.140000 0.730006 -0.064651
v 0.170615 0.697146 -0.131054
v 0.190285 0.696516 -0.129671
v 0.154128 0.687350 -0.100051
v 0.155638 0.693349 -0.118786
v 0.153666 0.638264 -0.115806
v 0.170152 0.648059 -0.146809
v 0.189823 0.647430 -0.145426
v 0.155175 0.644263 -0.134540
v 0.243590 0.667991 0.057216
v 0.156230 0.667991 -0.030144
v 0.156230 0.667991 0.144576
v 0.218003 0.667991 -0.004557
v 0.218003 0.667991 0.118988
v 0.068870 0.667992 0.057216
v 0.094457 0.667992 0.118988
v 0.094457 0.667992 -0.004557
v -0.037055 0.481563 0.106764
v 0.002319 0.520949 0.063482
v -0.036391 0.499990 0.063482
v -0.037055 0.481563 0.020200
v 0.001749 0.496049 0.121907
v 0.001749 0.496049 0.005057
v 0.001211 0.431865 0.147301
v 0.001211 0.431865 -0.020337
v -0.038444 0.431865 0.126121
v -0.038444 0.431865 0.000843
v -0.037055 0.382166 0.106764
v -0.037055 0.382166 0.020200
v 0.001749 0.367680 0.121907
v 0.001749 0.367680 0.005057
v 0.002319 0.342780 0.063482
v -0.036391 0.363739 0.063482
v 0.655903 0.081961 0.114439
v 0.655903 0.081961 0.012525
v 0.656154 0.135757 -0.009103
v 0.655783 0.060552 0.063482
v 0.656154 0.135757 0.136066
v 0.655903 0.189554 0.114439
v 0.655903 0.189554 0.012525
v 0.655783 0.210962 0.063482
v 0.218003 0.667991 -0.004557
v 0.156230 0.647992 -0.051984
v 0.156230 0.667991 -0.030144
v 0.094457 0.667992 -0.004557
v 0.233446 0.647992 -0.020000
v 0.079013 0.647992 -0.020000
v 0.265430 0.647992 0.057216
v 0.068870 0.667992 0.057216
v 0.243590 0.667991 0.057216
v 0.047029 0.647992 0.057216
v 0.218003 0.667991 0.118988
v 0.079014 0.647992 0.134432
v 0.233446 0.647992 0.134432
v 0.094457 0.667992 0.118988
v 0.156230 0.647992 0.166416
v 0.156230 0.667991 0.144576
v 0.631741 0.209763 0.132087
v 0.655783 0.210962 0.063482
v 0.631261 0.238915 0.063482
v 0.631741 0.209763 -0.005124
v 0.655903 0.189554 0.114439
v 0.655903 0.189554 0.012525
v 0.631973 0.135757 0.161649
v 0.631973 0.135757 -0.034686
v 0.656154 0.135757 0.136066
v 0.656154 0.135757 -0.009103
v 0.655903 0.081961 0.114439
v 0.655903 0.081961 0.012525
v 0.631741 0.061752 0.132087
v 0.631741 0.061752 -0.005124
v 0.655783 0.060552 0.063482
v 0.631261 0.032599 0.063482
v 0.016264 0.072381 0.121221
v -0.014635 0.087381 0.105527
v 0.016850 0.047728 0.063482
v 0.015797 0.135757 0.146293
v -0.013904 0.069424 0.063482
v -0.016191 0.135757 0.124252
v -0.014634 0.087381 0.021437
v -0.014635 0.184132 0.105527
v 0.016264 0.072381 0.005743
v 0.016264 0.199134 0.121221
v 0.015797 0.135757 -0.019329
v 0.016850 0.223786 0.063482
v -0.016191 0.135757 0.002712
v -0.013904 0.202090 0.063482
v -0.014634 0.184132 0.021437
v 0.016264 0.199134 0.005743
v 0.230044 0.634721 0.031698
v 0.230303 0.634721 0.057216
v 0.240614 0.634721 0.057216
v 0.230044 0.634721 0.082734
v 0.222753 0.634721 0.038988
v 0.222753 0.634721 0.075443
v 0.204526 0.634721 0.021127
v 0.204526 0.634721 0.082993
v 0.204526 0.634721 0.031438
v 0.204526 0.634721 0.093304
v 0.186298 0.634721 0.038988
v 0.186298 0.634721 0.075443
v 0.179007 0.634721 0.031698
v 0.179007 0.634721 0.082734
v 0.178748 0.634721 0.057216
v 0.168437 0.634721 0.057216
v 0.142996 0.634721 0.031698
v 0.143255 0.634721 0.057216
v 0.153566 0.634721 0.057216
v 0.142996 0.634721 0.082734
v 0.135705 0.634721 0.038989
v 0.135705 0.634721 0.075443
v 0.117478 0.634721 0.031438
v 0.117478 0.634721 0.082993
v 0.117478 0.634721 0.021127
v 0.117478 0.634721 0.093304
v 0.091959 0.634721 0.031698
v 0.099250 0.634721 0.075443
v 0.099250 0.634721 0.038989
v 0.091959 0.634721 0.082734
v 0.081389 0.634721 0.057216
v 0.091701 0.634721 0.057216
v 0.992051 0.239030 0.105555
v 0.951698 0.203949 0.094985
v 0.975230 0.194079 0.105555
v 0.968518 0.248900 0.094985
v 1.015583 0.229160 0.094985
v 0.941951 0.208037 0.069467
v 0.998763 0.184209 0.094985
v 0.958771 0.252988 0.069467
v 1.025331 0.225072 0.069467
v 0.968518 0.248900 0.043949
v 1.008510 0.180121 0.069467
v 0.951698 0.203949 0.043949
v 0.998763 0.184209 0.043949
v 0.992051 0.239030 0.033378
v 1.015583 0.229160 0.043949
v 0.975230 0.194079 0.033378
v -2.773202 0.584454 0.147965
v -2.614060 0.584454 0.147965
v -2.614060 0.584454 -0.033533
v -2.773202 0.584454 -0.033533
v -2.389517 0.584454 0.147965
v -2.210959 0.584454 0.147965
v -2.210959 0.584454 -0.033533
v -2.389518 0.584454 -0.033533
v -2.438449 0.584454 0.147965
v -2.438449 0.584454 -0.033533
v -2.536313 0.584454 0.147965
v -2.536313 0.584454 -0.033533
v -2.773202 0.584454 0.147965
v -2.628782 0.569732 0.160233
v -2.614060 0.584454 0.147965
v -2.773202 0.569732 0.160233
v -2.438449 0.584454 0.147965
v -2.536313 0.584454 0.147965
v -2.521591 0.569732 0.160233
v -2.453171 0.569732 0.160233
v -2.210959 0.584454 0.147965
v -2.389517 0.584454 0.147965
v -2.374795 0.569732 0.160233
v -2.210959 0.569732 0.160233
v 1.626561 0.248118 0.136674
v 1.485559 0.381703 0.003058
v 1.485559 0.381703 0.136436
v 1.149940 0.381951 0.002956
v 1.149940 0.381951 0.136538
v 1.626561 0.248118 0.002819
v 1.627188 0.016862 0.002231
v 1.627188 0.016862 0.137264
v 1.407013 -0.116678 0.003613
v 1.407013 -0.116678 0.135882
v 1.296452 -0.289232 0.137657
v 1.296452 -0.289232 0.001837
v 1.142602 -0.287300 0.136606
v 1.142602 -0.287300 0.002889
v 0.988751 -0.289232 0.001837
v 0.988751 -0.289232 0.137657
v 0.878191 -0.116678 0.003613
v 0.878191 -0.116678 0.135882
v 0.658015 0.016863 0.137264
v 0.658015 0.016863 0.002231
v 0.658642 0.248118 0.136674
v 0.658642 0.248118 0.002819
v 0.799645 0.381703 0.003058
v 0.799645 0.381703 0.136436
v 1.149940 0.381951 0.136538
v 1.149940 0.381951 0.002956
v -2.628782 0.569732 -0.045802
v -2.773202 0.569732 -0.045802
v -2.773202 0.584454 -0.033533
v -2.614060 0.584454 -0.033533
v -2.536313 0.584454 -0.033533
v -2.438449 0.584454 -0.033533
v -2.453171 0.569732 -0.045802
v -2.521591 0.569732 -0.045802
v -2.374795 0.569732 -0.045802
v -2.210959 0.584454 -0.033533
v -2.210959 0.569732 -0.045802
v -2.389518 0.584454 -0.033533
v -2.389517 0.499686 0.147965
v -2.438449 0.499686 0.147965
v -2.453171 0.484964 0.160233
v -2.374795 0.484964 0.160233
v -2.536313 0.499686 0.147965
v -2.614060 0.499686 0.147965
v -2.628782 0.484964 0.160233
v -2.521591 0.484964 0.160233
v 0.363248 0.383080 0.105810
v 0.661478 0.431865 0.124615
v 0.364348 0.431865 0.124876
v 0.363248 0.480649 0.105810
v 0.662834 0.383233 0.105686
v 0.662834 0.480496 0.105686
v 0.362708 0.365087 0.063482
v 0.362708 0.498642 0.063482
v 0.663483 0.365258 0.063482
v 0.663483 0.498470 0.063482
v 0.662834 0.383233 0.021277
v 0.662834 0.480496 0.021277
v 0.363248 0.383080 0.021154
v 0.363248 0.480649 0.021154
v 0.661478 0.431865 0.002349
v 0.364348 0.431865 0.002088
v 1.824267 0.098062 0.139748
v 1.818504 0.315634 0.139748
v 1.780939 0.315634 0.115959
v 1.786970 0.084487 0.115959
v 1.927168 -0.064289 0.115959
v 1.944859 -0.029324 0.139748
v 2.474454 -0.068756 0.115959
v 2.461088 -0.032923 0.139747
v 2.611988 0.157168 0.115959
v 2.588583 0.177702 0.139747
v 2.756278 0.287091 0.139747
v 2.787924 0.271510 0.115959
v 2.787924 0.434116 0.115959
v 2.756187 0.434116 0.139747
v 2.756278 0.581141 0.139747
v 2.787924 0.596721 0.115959
v 2.611988 0.711064 0.115959
v 2.588583 0.690530 0.139747
v 2.461088 0.901155 0.139747
v 2.474453 0.936988 0.115959
v 1.944859 0.897556 0.139748
v 1.927168 0.932521 0.115959
v 1.824267 0.770170 0.139748
v 1.786970 0.783746 0.115959
v 1.780939 0.552598 0.115959
v 1.818504 0.552598 0.139748
v -0.436065 0.135757 0.146457
v -0.211057 0.199357 0.121304
v -0.435525 0.199357 0.121304
v -0.434963 0.224000 0.063482
v -0.210517 0.135757 0.146457
v -0.211619 0.224000 0.063482
v -0.211057 0.072158 0.121304
v -0.211057 0.199357 0.005660
v -0.435525 0.072158 0.121304
v -0.435525 0.199357 0.005660
v -0.434963 0.047513 0.063482
v -0.436065 0.135757 -0.019493
v -0.211619 0.047513 0.063482
v -0.210517 0.135757 -0.019493
v -0.211057 0.072158 0.005660
v -0.435525 0.072158 0.005660
v -0.176326 -0.089622 -0.137369
v -0.207174 -0.568257 -0.137369
v -0.225358 -0.149689 -0.137369
v 0.507070 -0.568257 -0.137369
v 0.476222 -0.089622 -0.137369
v 0.525253 -0.149689 -0.137369
v 0.354900 -0.892736 -0.137369
v -0.055004 -0.892736 -0.137369
v -2.536313 0.499686 0.147965
v -2.536313 0.499686 -0.033533
v -2.614060 0.499686 0.147965
v -2.614060 0.499686 -0.033533
v -2.389517 0.499686 0.147965
v -2.389517 0.499686 -0.033533
v -2.438449 0.499686 0.147965
v -2.438449 0.499686 -0.033533
v 0.480382 -0.203325 0.216415
v 0.254222 -0.336347 0.216415
v 0.465666 -0.542088 0.216415
v 0.246285 -0.296443 0.216415
v 0.246285 -0.376251 0.216415
v 0.225587 -0.407227 0.216415
v 0.271264 -0.666858 0.216415
v 0.335682 -0.819257 0.216415
v -0.035787 -0.819257 0.216415
v 0.028631 -0.666858 0.216415
v 0.421671 -0.131400 0.216415
v 0.223681 -0.262614 0.216415
v 0.189851 -0.240010 0.216415
v 0.149947 -0.232072 0.216415
v -0.165770 -0.542088 0.216415
v 0.074307 -0.407227 0.216413
v 0.053610 -0.376251 0.216413
v 0.045672 -0.336347 0.216415
v -0.180486 -0.203325 0.216415
v 0.053610 -0.296443 0.216415
v -0.121775 -0.131400 0.216415
v 0.110043 -0.240010 0.216415
v 0.076214 -0.262614 0.216415
v 0.016850 0.047728 0.063482
v 0.303651 0.047728 0.063482
v 0.016264 0.072381 0.121221
v 0.016264 0.072381 0.005743
v 0.304238 0.072381 0.121221
v 0.304238 0.072381 0.005743
v 0.304704 0.135757 0.146293
v 0.304704 0.135757 -0.019329
v 0.015797 0.135757 0.146293
v 0.015797 0.135757 -0.019329
v 0.016264 0.199134 0.121221
v 0.016264 0.199134 0.005743
v 0.304238 0.199134 0.121221
v 0.304238 0.199134 0.005743
v 0.303651 0.223786 0.063482
v 0.016850 0.223786 0.063482
v 0.444127 0.052825 0.063482
v 0.547129 0.076619 0.116660
v 0.443599 0.075874 0.117520
v 0.547889 0.053949 0.063482
v 0.545499 0.135757 0.139695
v 0.547129 0.076619 0.010304
v 0.443049 0.135757 0.141136
v 0.443599 0.075874 0.009444
v 0.443599 0.195640 0.117520
v 0.545499 0.135757 -0.012732
v 0.547128 0.194896 0.116660
v 0.443049 0.135757 -0.014173
v 0.444127 0.218689 0.063482
v 0.443599 0.195640 0.009444
v 0.547889 0.217565 0.063482
v 0.547128 0.194896 0.010304
v -2.521591 0.484964 -0.045802
v -2.628782 0.484964 -0.045802
v -2.614060 0.499686 -0.033533
v -2.536313 0.499686 -0.033533
v -2.453171 0.484964 -0.045802
v -2.389517 0.499686 -0.033533
v -2.374795 0.484964 -0.045802
v -2.438449 0.499686 -0.033533
v 0.001749 0.367680 0.005057
v 0.302568 0.341936 0.063482
v 0.002319 0.342780 0.063482
v 0.001749 0.367680 0.121907
v 0.303057 0.367001 0.004517
v 0.303057 0.367001 0.122447
v 0.303599 0.431865 -0.021170
v 0.303599 0.431865 0.148134
v 0.001211 0.431865 -0.020337
v 0.001211 0.431865 0.147301
v 0.001749 0.496049 0.005057
v 0.001749 0.496049 0.121907
v 0.303057 0.496728 0.004517
v 0.303057 0.496728 0.122447
v 0.302568 0.521793 0.063482
v 0.002319 0.520949 0.063482
v 0.079014 0.647992 0.134432
v 0.047029 0.567992 0.057216
v 0.079014 0.567992 0.134432
v 0.047029 0.647992 0.057216
v 0.156230 0.647992 0.166416
v 0.079013 0.567992 -0.020000
v 0.156230 0.567992 0.166416
v 0.079013 0.647992 -0.020000
v 0.233446 0.647992 0.134432
v 0.156230 0.567992 -0.051984
v 0.233446 0.567992 0.134432
v 0.156230 0.647992 -0.051984
v 0.265430 0.647992 0.057216
v 0.233446 0.567992 -0.020000
v 0.265430 0.567992 0.057216
v 0.233446 0.647992 -0.020000
v 0.421671 -0.131400 0.216415
v 0.480382 -0.203325 0.216415
v 0.546406 -0.159229 0.171988
v 0.475963 -0.072932 0.171988
v 0.528749 -0.565679 0.171988
v -0.121775 -0.131400 0.216415
v 0.465666 -0.542088 0.216415
v -0.176068 -0.072932 0.171988
v 0.335682 -0.819257 0.216415
v -0.246511 -0.159229 0.171988
v 0.372794 -0.898229 0.171988
v -0.180486 -0.203325 0.216415
v -0.072898 -0.898229 0.171988
v -0.228854 -0.565679 0.171988
v -0.035787 -0.819257 0.216415
v -0.165770 -0.542088 0.216415
v -0.278913 -0.137588 -0.060664
v -0.202713 -0.044238 -0.060665
v -0.176326 -0.089622 -0.137369
v 0.502609 -0.044238 -0.060665
v -0.225358 -0.149689 -0.137369
v 0.476222 -0.089622 -0.137369
v -0.259813 -0.577257 -0.060664
v 0.578808 -0.137588 -0.060664
v -0.207174 -0.568257 -0.137369
v 0.525253 -0.149689 -0.137369
v -0.055004 -0.892736 -0.137369
v 0.559708 -0.577257 -0.060664
v -0.091111 -0.936987 -0.060665
v 0.507070 -0.568257 -0.137369
v 0.391007 -0.936987 -0.060665
v 0.354900 -0.892736 -0.137369
v 1.824267 0.098062 -0.000252
v 1.780939 0.315634 0.023536
v 1.818504 0.315634 -0.000252
v 1.786970 0.084487 0.023536
v 1.927168 -0.064289 0.023536
v 1.944859 -0.029324 -0.000252
v 2.474453 -0.068756 0.023536
v 2.461088 -0.032923 -0.000253
v 2.611988 0.157168 0.023536
v 2.588583 0.177702 -0.000253
v 2.756278 0.287091 -0.000253
v 2.787924 0.271510 0.023536
v 2.787924 0.434116 0.023536
v 2.756187 0.434116 -0.000253
v 2.756278 0.581141 -0.000253
v 2.787924 0.596721 0.023536
v 2.611988 0.711064 0.023536
v 2.588583 0.690530 -0.000253
v 2.461088 0.901155 -0.000253
v 2.474453 0.936988 0.023536
v 1.944859 0.897556 -0.000252
v 1.927168 0.932521 0.023536
v 1.824267 0.770170 -0.000252
v 1.786970 0.783746 0.023536
v 1.780939 0.552598 0.023536
v 1.818504 0.552598 -0.000252
v -2.319858 0.394313 0.150625
v -2.374795 0.394313 0.150625
v -2.374795 0.382784 0.160233
v -2.308329 0.382784 0.160233
v -2.583858 0.394313 0.150625
v -2.595387 0.382784 0.160233
v -2.655924 0.383482 0.147965
v -2.773202 0.383482 0.147965
v -2.773202 0.368761 0.160233
v -2.641202 0.368761 0.160233
v 1.150566 0.355883 0.163503
v 1.440083 0.263397 0.159898
v 1.476191 0.355069 0.161166
v 1.150618 0.264760 0.163398
v 1.599907 0.235082 0.161245
v 1.502295 0.184760 0.159948
v 1.603448 0.025340 0.161712
v 1.497663 0.062346 0.159791
v 1.395075 -0.101988 0.160704
v 1.311758 -0.006612 0.162576
v 1.233812 -0.159692 0.159975
v 1.285914 -0.267214 0.161865
v 1.142602 -0.267291 0.161110
v 1.142602 -0.162856 0.161248
v 1.051392 -0.159693 0.159975
v 0.999290 -0.267214 0.161865
v 0.890129 -0.101988 0.160704
v 0.973446 -0.006612 0.162576
v 0.787541 0.062346 0.159791
v 0.681756 0.025340 0.161712
v 0.782909 0.184760 0.159948
v 0.685297 0.235082 0.161245
v 0.845122 0.263397 0.159898
v 0.809013 0.355069 0.161166
v 1.150566 0.355883 0.163503
v 1.150618 0.264760 0.163398
v -2.628782 0.281292 0.160233
v -2.773202 0.281292 0.160233
v -2.773202 0.266571 0.147965
v -2.614060 0.266571 0.147965
v -2.536313 0.266571 0.147965
v -2.438449 0.266571 0.147965
v -2.453171 0.281292 0.160233
v -2.521591 0.281292 0.160233
v -2.374795 0.281292 0.160233
v -2.210959 0.266571 0.147965
v -2.210959 0.281292 0.160233
v -2.389518 0.266571 0.147965
v -2.628782 0.281292 0.160233
v -2.641202 0.368761 0.160233
v -2.773202 0.281292 0.160233
v -2.773202 0.368761 0.160233
v -2.628782 0.366062 0.160233
v -2.595387 0.382784 0.160233
v -2.521591 0.366062 0.160233
v -2.453171 0.281292 0.160233
v -2.521591 0.281292 0.160233
v -2.453171 0.366062 0.160233
v -2.374795 0.382784 0.160233
v -2.374795 0.366062 0.160233
v -2.595387 0.468242 0.160233
v -2.308329 0.382784 0.160233
v -2.374795 0.281292 0.160233
v -2.210959 0.281292 0.160233
v -2.210959 0.569732 0.160233
v -2.308329 0.468242 0.160233
v -2.374795 0.569732 0.160233
v -2.374795 0.484964 0.160233
v -2.374795 0.468242 0.160233
v -2.453171 0.484964 0.160233
v -2.453171 0.569732 0.160233
v -2.521591 0.569732 0.160233
v -2.521591 0.484964 0.160233
v -2.628782 0.484964 0.160233
v -2.641202 0.482267 0.160233
v -2.628782 0.569732 0.160233
v -2.773202 0.569732 0.160233
v -2.773202 0.482267 0.160233
v 1.150618 0.264760 0.163398
v 1.430374 0.234986 0.132103
v 1.440083 0.263397 0.159898
v 1.149902 0.236106 0.136057
v 1.502295 0.184760 0.159948
v 1.478302 0.170803 0.132415
v 1.497663 0.062346 0.159791
v 1.470776 0.066912 0.132464
v 1.311758 -0.006612 0.162576
v 1.300028 0.006774 0.138914
v 1.226335 -0.140317 0.133440
v 1.233812 -0.159692 0.159975
v 1.142602 -0.162856 0.161248
v 1.142602 -0.144261 0.136986
v 1.058869 -0.140317 0.133440
v 1.051392 -0.159693 0.159975
v 0.973446 -0.006612 0.162576
v 0.985176 0.006774 0.138914
v 0.814428 0.066912 0.132464
v 0.787541 0.062346 0.159791
v 0.806901 0.170803 0.132415
v 0.782909 0.184760 0.159948
v 0.854830 0.234986 0.132103
v 0.845122 0.263397 0.159898
v 1.150618 0.264760 0.163398
v 1.149902 0.236106 0.136057
v 0.703936 0.431865 0.146457
v 1.551381 0.431865 0.146457
v 0.704476 0.495464 0.121304
v 0.704476 0.368265 0.121304
v 1.550842 0.495464 0.121304
v 1.550842 0.368265 0.121304
v 1.550280 0.520108 0.063482
v 1.550279 0.343621 0.063482
v 0.705038 0.520108 0.063482
v 0.705038 0.343621 0.063482
v 1.550842 0.495464 0.005660
v 0.704476 0.368265 0.005660
v 0.704476 0.495464 0.005660
v 1.550842 0.368265 0.005660
v 1.551381 0.431865 -0.019493
v 0.703936 0.431865 -0.019493
v -2.583858 0.394313 -0.036194
v -2.521591 0.382784 -0.045802
v -2.595387 0.382784 -0.045802
v -2.521591 0.394313 -0.036194
v -2.453171 0.382784 -0.045802
v -2.453171 0.394313 -0.036194
v -2.319858 0.394313 -0.036194
v -2.308329 0.382784 -0.045802
v -2.374795 0.456713 0.150625
v -2.319858 0.456713 -0.036194
v -2.319858 0.456713 0.150625
v -2.583858 0.456713 -0.036194
v -2.319858 0.394313 -0.036194
v -2.583858 0.456713 0.150625
v -2.319858 0.394313 0.150625
v -2.583858 0.394313 -0.036194
v -2.374795 0.394313 0.150625
v -2.583858 0.394313 0.150625
v -2.453171 0.394313 -0.036194
v -2.521591 0.394313 -0.036194
v 1.149940 0.381951 0.136538
v 1.476191 0.355069 0.161166
v 1.485559 0.381703 0.136436
v 1.150566 0.355883 0.163503
v 1.626561 0.248118 0.136674
v 1.599907 0.235082 0.161245
v 1.627188 0.016862 0.137264
v 1.603448 0.025340 0.161712
v 1.407013 -0.116678 0.135882
v 1.395075 -0.101988 0.160704
v 1.285914 -0.267214 0.161865
v 1.296452 -0.289232 0.137657
v 1.142602 -0.287300 0.136606
v 1.142602 -0.267291 0.161110
v 0.999290 -0.267214 0.161865
v 0.988751 -0.289232 0.137657
v 0.878191 -0.116678 0.135882
v 0.890129 -0.101988 0.160704
v 0.681756 0.025340 0.161712
v 0.658015 0.016863 0.137264
v 0.685297 0.235082 0.161245
v 0.658642 0.248118 0.136674
v 0.809013 0.355069 0.161166
v 0.799645 0.381703 0.136436
v 1.149940 0.381951 0.136538
v 1.150566 0.355883 0.163503
v -2.773202 0.368761 -0.045802
v -2.655924 0.383482 -0.033533
v -2.641202 0.368761 -0.045802
v -2.773202 0.383482 -0.033533
v 1.944859 -0.029324 0.139748
v 1.934281 0.138103 0.139748
v 1.824267 0.098062 0.139748
v 1.818504 0.315634 0.139748
v 1.941219 0.315634 0.139748
v 1.999223 0.078121 0.139748
v 2.461088 -0.032923 0.139747
v 2.418220 0.082017 0.139747
v 2.588583 0.177702 0.139747
v 2.482734 0.270566 0.139747
v 2.638645 0.345004 0.139747
v 2.756278 0.287091 0.139747
v 2.756187 0.434116 0.139747
v 2.638792 0.434116 0.139747
v 2.638645 0.523228 0.139747
v 2.756278 0.581141 0.139747
v 2.588583 0.690530 0.139747
v 2.482734 0.597666 0.139747
v 2.418220 0.786215 0.139747
v 2.461088 0.901155 0.139747
v 1.999222 0.790111 0.139748
v 1.944859 0.897556 0.139748
v 1.934280 0.730128 0.139748
v 1.824267 0.770170 0.139748
v 1.818504 0.552598 0.139748
v 1.941219 0.552598 0.139748
v -2.773202 0.266571 -0.033533
v -2.628782 0.281292 -0.045802
v -2.614060 0.266571 -0.033533
v -2.773202 0.281292 -0.045802
v -2.438449 0.266571 -0.033533
v -2.536313 0.266571 -0.033533
v -2.521591 0.281292 -0.045802
v -2.453171 0.281292 -0.045802
v -2.210959 0.266571 -0.033533
v -2.389517 0.266571 -0.033533
v -2.374795 0.281292 -0.045802
v -2.210959 0.281292 -0.045802
v -2.521591 0.281292 -0.045802
v -2.453171 0.366062 -0.045802
v -2.453171 0.281292 -0.045802
v -2.521591 0.366062 -0.045802
v -2.453171 0.382784 -0.045802
v -2.374795 0.366062 -0.045802
v -2.521591 0.382784 -0.045802
v -2.595387 0.382784 -0.045802
v -2.308329 0.382784 -0.045802
v -2.374795 0.281292 -0.045802
v -2.210959 0.281292 -0.045802
v -2.210959 0.569732 -0.045802
v -2.628782 0.366062 -0.045802
v -2.308329 0.468242 -0.045802
v -2.374795 0.569732 -0.045802
v -2.374795 0.484964 -0.045802
v -2.453171 0.484964 -0.045802
v -2.641202 0.368761 -0.045802
v -2.628782 0.281292 -0.045802
v -2.773202 0.281292 -0.045802
v -2.773202 0.368761 -0.045802
v -2.595387 0.468242 -0.045802
v -2.641202 0.482267 -0.045802
v -2.521591 0.484964 -0.045802
v -2.453171 0.569732 -0.045802
v -2.521591 0.569732 -0.045802
v -2.628782 0.484964 -0.045802
v -2.628782 0.569732 -0.045802
v -2.773202 0.569732 -0.045802
v -2.773202 0.482267 -0.045802
v 0.215627 0.547992 -0.002181
v 0.215627 -0.086969 -0.002181
v 0.156230 -0.086969 -0.026784
v 0.240230 0.547992 0.057216
v 0.156230 0.547992 -0.026784
v 0.240230 -0.086969 0.057216
v 0.096833 -0.086969 -0.002181
v 0.215627 0.547992 0.116613
v 0.096832 0.547992 -0.002181
v 0.215627 -0.086969 0.116613
v 0.072230 -0.086969 0.057216
v 0.156230 0.547992 0.141216
v 0.072229 0.547992 0.057216
v 0.156230 -0.086969 0.141216
v 0.096833 -0.086969 0.116613
v 0.096833 0.547992 0.116613
v 1.476191 0.355069 -0.021671
v 1.599907 0.235082 -0.021752
v 1.440083 0.263397 -0.020404
v 1.150566 0.355883 -0.024008
v 1.150618 0.264760 -0.023903
v 1.502295 0.184760 -0.020454
v 1.603448 0.025340 -0.022218
v 1.497663 0.062346 -0.020296
v 1.395075 -0.101988 -0.021210
v 1.311758 -0.006612 -0.023080
v 1.233812 -0.159692 -0.020479
v 1.285914 -0.267214 -0.022369
v 1.142602 -0.267291 -0.021615
v 1.142602 -0.162856 -0.021752
v 1.051392 -0.159692 -0.020479
v 0.999290 -0.267214 -0.022369
v 0.890129 -0.101988 -0.021210
v 0.973446 -0.006612 -0.023081
v 0.787541 0.062346 -0.020296
v 0.681756 0.025341 -0.022218
v 0.782909 0.184760 -0.020454
v 0.685297 0.235082 -0.021752
v 0.845122 0.263397 -0.020404
v 0.809013 0.355069 -0.021671
v 1.150566 0.355883 -0.024008
v 1.150618 0.264760 -0.023903
v -2.773202 0.383482 0.147965
v -2.655924 0.383482 0.147965
v -2.773202 0.383482 -0.033533
v -2.655924 0.383482 -0.033533
v -2.521591 0.366062 0.160233
v -2.628782 0.366062 0.160233
v -2.614060 0.351340 0.147965
v -2.536313 0.351340 0.147965
v -2.453171 0.366062 0.160233
v -2.389517 0.351340 0.147965
v -2.374795 0.366062 0.160233
v -2.438449 0.351340 0.147965
v -1.995263 -0.307947 0.103616
v -1.995263 -0.099243 0.103616
v -2.099264 -0.307947 0.103616
v -2.099264 0.095756 0.103616
v -1.943264 -0.073136 0.103616
v -1.735264 -0.073135 0.103616
v -1.579264 0.095757 0.103616
v -1.891264 -0.099243 0.103616
v -1.683264 -0.099243 0.103616
v -1.579264 -0.242946 0.103616
v -1.683264 -0.242946 0.103616
v -1.787264 -0.099243 0.103616
v -1.787264 -0.220936 0.103616
v -1.891264 -0.220936 0.103616
v 1.430374 0.234986 0.007392
v 1.149902 0.236106 0.003437
v 1.150618 0.264760 -0.023903
v 1.440083 0.263397 -0.020404
v 1.502295 0.184760 -0.020454
v 1.478302 0.170803 0.007080
v 1.497663 0.062346 -0.020296
v 1.470776 0.066912 0.007030
v 1.311758 -0.006612 -0.023080
v 1.300028 0.006774 0.000581
v 1.226335 -0.140317 0.006054
v 1.233812 -0.159692 -0.020479
v 1.142602 -0.162856 -0.021752
v 1.142602 -0.144261 0.002509
v 1.058869 -0.140317 0.006054
v 1.051392 -0.159692 -0.020479
v 0.973446 -0.006612 -0.023081
v 0.985176 0.006774 0.000581
v 0.814428 0.066912 0.007030
v 0.787541 0.062346 -0.020296
v 0.806901 0.170803 0.007080
v 0.782909 0.184760 -0.020454
v 0.854830 0.234986 0.007392
v 0.845122 0.263397 -0.020404
v 1.150618 0.264760 -0.023903
v 1.149902 0.236106 0.003437
v -2.773202 0.266571 -0.033533
v -2.614060 0.266571 0.147965
v -2.773202 0.266571 0.147965
v -2.614060 0.266571 -0.033533
v -2.210959 0.266571 0.147965
v -2.389518 0.266571 0.147965
v -2.389517 0.266571 -0.033533
v -2.210959 0.266571 -0.033533
v -2.536313 0.266571 0.147965
v -2.536313 0.266571 -0.033533
v -2.438449 0.266571 0.147965
v -2.438449 0.266571 -0.033533
v 1.476191 0.355069 -0.021671
v 1.150566 0.355883 -0.024008
v 1.149940 0.381951 0.002956
v 1.485559 0.381703 0.003058
v 1.626561 0.248118 0.002819
v 1.599907 0.235082 -0.021752
v 1.627188 0.016862 0.002231
v 1.603448 0.025340 -0.022218
v 1.407013 -0.116678 0.003613
v 1.395075 -0.101988 -0.021210
v 1.285914 -0.267214 -0.022369
v 1.296452 -0.289232 0.001837
v 1.142602 -0.287300 0.002889
v 1.142602 -0.267291 -0.021615
v 0.999290 -0.267214 -0.022369
v 0.988751 -0.289232 0.001837
v 0.878191 -0.116678 0.003613
v 0.890129 -0.101988 -0.021210
v 0.681756 0.025341 -0.022218
v 0.658015 0.016863 0.002231
v 0.685297 0.235082 -0.021752
v 0.658642 0.248118 0.002819
v 0.809013 0.355069 -0.021671
v 0.799645 0.381703 0.003058
v 1.149940 0.381951 0.002956
v 1.150566 0.355883 -0.024008
v 1.934281 0.138103 -0.000252
v 1.818504 0.315634 -0.000252
v 1.941219 0.315634 -0.000252
v 1.824267 0.098062 -0.000252
v 1.944859 -0.029324 -0.000252
v 1.999223 0.078121 -0.000252
v 2.461088 -0.032923 -0.000253
v 2.418220 0.082017 -0.000253
v 2.588583 0.177702 -0.000253
v 2.482734 0.270566 -0.000253
v 2.638645 0.345004 -0.000253
v 2.756278 0.287091 -0.000253
v 2.756187 0.434116 -0.000253
v 2.638792 0.434116 -0.000253
v 2.638645 0.523228 -0.000253
v 2.756278 0.581141 -0.000253
v 2.588583 0.690530 -0.000253
v 2.482734 0.597666 -0.000253
v 2.418220 0.786215 -0.000253
v 2.461088 0.901155 -0.000253
v 1.999222 0.790111 -0.000252
v 1.944859 0.897556 -0.000252
v 1.934280 0.730128 -0.000252
v 1.824267 0.770170 -0.000252
v 1.818504 0.552598 -0.000252
v 1.941219 0.552598 -0.000252
v 0.883775 0.535612 -0.170136
v 0.890899 0.538113 -0.189730
v 0.866577 0.529574 -0.165224
v 0.963351 0.379624 -0.215734
v 0.883775 0.535612 -0.206210
v 0.849379 0.523537 -0.172322
v 0.957329 0.375070 -0.197325
v 0.942791 0.364076 -0.183163
v 1.099619 0.241715 -0.144232
v 1.103583 0.248141 -0.164277
v 0.928252 0.353082 -0.184804
v 0.842255 0.521036 -0.185457
v 1.090049 0.226202 -0.133846
v 1.252735 0.169178 -0.112633
v 1.080480 0.210689 -0.138622
v 1.260597 0.186198 -0.119164
v 1.252281 0.151525 -0.119061
v 1.452720 0.164188 -0.088836
v 1.259354 0.143505 -0.134461
v 1.454746 0.146245 -0.093173
v 1.458559 0.181808 -0.094831
v 1.271379 0.192426 -0.135107
v 1.523973 0.159199 -0.039505
v 1.468843 0.188554 -0.107799
v 1.278719 0.184184 -0.151055
v 1.530862 0.177419 -0.042595
v 1.547494 0.184683 -0.050054
v 1.529266 0.177419 0.026100
v 1.547494 0.184683 0.026100
v 1.521716 0.159199 0.026100
v 1.565721 0.176637 0.026100
v 1.529266 0.140964 0.026100
v 1.530862 0.140964 -0.042595
v 1.547494 0.133128 0.026100
v 1.564125 0.176637 -0.057513
v 1.573271 0.158126 0.026100
v 1.477539 0.180411 -0.120104
v 1.571014 0.158126 -0.060603
v 1.479547 0.162274 -0.124388
v 1.564125 0.140182 -0.057513
v 1.565721 0.140182 0.026100
v 1.278190 0.166421 -0.157400
v 1.473690 0.144927 -0.118043
v 1.547494 0.133128 -0.050054
v 1.463425 0.138316 -0.105172
v 1.270025 0.149673 -0.150238
v 1.090049 0.226202 -0.186578
v 1.080480 0.210689 -0.174801
v 1.076516 0.204263 -0.155187
v 0.922230 0.348528 -0.203049
v 0.928252 0.353082 -0.222331
v 0.849379 0.523537 -0.201029
v 0.942791 0.364076 -0.231432
v 1.099619 0.241715 -0.182059
v 0.957329 0.375070 -0.228745
v 0.866577 0.529574 -0.210123
v 0.800059 0.718238 -0.169263
v -2.389517 0.351340 -0.033533
v -2.438449 0.351340 -0.033533
v -2.453171 0.366062 -0.045802
v -2.374795 0.366062 -0.045802
v -2.536313 0.351340 -0.033533
v -2.614060 0.351340 -0.033533
v -2.628782 0.366062 -0.045802
v -2.521591 0.366062 -0.045802
v 1.771902 0.434115 0.230579
v 1.994520 0.434115 0.230579
v 1.771902 0.547841 0.183473
v 1.994520 0.547841 0.183473
v 1.994520 0.320390 0.183473
v 1.771902 0.594947 0.069748
v 1.771902 0.320390 0.183473
v 1.994520 0.594947 0.069748
v 1.994520 0.273284 0.069748
v 1.994520 0.547841 -0.043977
v 1.771902 0.273284 0.069748
v 1.771901 0.547841 -0.043977
v 1.994520 0.320390 -0.043977
v 1.771901 0.434115 -0.091085
v 1.771902 0.320390 -0.043977
v 1.994520 0.434115 -0.091085
v -1.735264 -0.073135 0.023349
v -1.891264 -0.099243 0.023349
v -1.943264 -0.073136 0.023349
v -1.787264 -0.099243 0.023349
v -1.891264 -0.220936 0.023349
v -1.787264 -0.220936 0.023349
v -2.099264 0.095756 0.023349
v -1.995263 -0.099243 0.023349
v -2.099264 -0.307947 0.023349
v -1.995263 -0.307947 0.023349
v -1.579264 0.095757 0.023349
v -1.683264 -0.099243 0.023349
v -1.579264 -0.242946 0.023349
v -1.683264 -0.242946 0.023349
v 0.475963 -0.072932 0.171988
v -0.202713 -0.044238 -0.060665
v -0.176068 -0.072932 0.171988
v -0.278913 -0.137588 -0.060664
v 0.502609 -0.044238 -0.060665
v -0.246511 -0.159229 0.171988
v 0.578808 -0.137588 -0.060664
v -0.259813 -0.577257 -0.060664
v 0.546406 -0.159229 0.171988
v -0.228854 -0.565679 0.171988
v 0.559708 -0.577257 -0.060664
v -0.072898 -0.898229 0.171988
v 0.528749 -0.565679 0.171988
v -0.091111 -0.936987 -0.060665
v 0.372794 -0.898229 0.171988
v 0.391007 -0.936987 -0.060665
v 0.364348 0.431865 0.124876
v 0.303599 0.431865 0.148134
v 0.363248 0.383080 0.105810
v 0.363248 0.480649 0.105810
v 0.303057 0.367001 0.122447
v 0.303057 0.496728 0.122447
v 0.302568 0.341936 0.063482
v 0.302568 0.521793 0.063482
v 0.362708 0.365087 0.063482
v 0.362708 0.498642 0.063482
v 0.363248 0.383080 0.021154
v 0.363248 0.480649 0.021154
v 0.303057 0.367001 0.004517
v 0.303057 0.496728 0.004517
v 0.303599 0.431865 -0.021170
v 0.364348 0.431865 0.002088
v 2.174973 0.548445 -0.044581
v 2.174973 0.434115 -0.091939
v 2.112088 0.434115 -0.091939
v 2.112088 0.319787 -0.044581
v 2.112088 0.548445 -0.044581
v 2.174973 0.319787 -0.044581
v 2.174973 0.595801 0.069747
v 2.112088 0.272429 0.069747
v 2.112088 0.595801 0.069747
v 2.174973 0.272429 0.069747
v 2.174973 0.548445 0.184076
v 2.112088 0.319787 0.184076
v 2.112088 0.548445 0.184076
v 2.174973 0.319787 0.184076
v 2.174973 0.434115 0.231432
v 2.112088 0.434115 0.231432
v 0.335135 0.184132 0.105527
v 0.304704 0.135757 0.146293
v 0.336692 0.135757 0.124252
v 0.335135 0.087381 0.105527
v 0.304238 0.199134 0.121221
v 0.304238 0.072381 0.121221
v 0.303651 0.223786 0.063482
v 0.303651 0.047728 0.063482
v 0.334405 0.202090 0.063482
v 0.334405 0.069424 0.063482
v 0.335135 0.184132 0.021437
v 0.335135 0.087381 0.021437
v 0.304238 0.199134 0.005743
v 0.304238 0.072381 0.005743
v 0.304704 0.135757 -0.019329
v 0.336692 0.135757 0.002712
v -2.374795 0.468242 0.160233
v -2.319858 0.456713 0.150625
v -2.308329 0.468242 0.160233
v -2.374795 0.456713 0.150625
v -2.583858 0.456713 0.150625
v -2.595387 0.468242 0.160233
v 1.818504 0.315634 0.139748
v 1.941219 0.315634 0.139748
v 1.941219 0.315634 -0.000252
v 1.980939 0.315634 0.115959
v 1.980939 0.315634 0.023536
v 1.818504 0.315634 -0.000252
v 1.780939 0.315634 0.115959
v 1.780939 0.315634 0.023536
v -2.773202 0.482267 0.160233
v -2.655924 0.467545 0.147965
v -2.641202 0.482267 0.160233
v -2.773202 0.467545 0.147965
v -2.583858 0.456713 -0.036194
v -2.308329 0.468242 -0.045802
v -2.319858 0.456713 -0.036194
v -2.595387 0.468242 -0.045802
v -2.614060 0.351340 0.147965
v -2.614060 0.351340 -0.033533
v -2.536313 0.351340 0.147965
v -2.536313 0.351340 -0.033533
v -2.438449 0.351340 0.147965
v -2.438449 0.351340 -0.033533
v -2.389517 0.351340 0.147965
v -2.389517 0.351340 -0.033533
v -2.655924 0.467545 -0.033533
v -2.773202 0.467545 -0.033533
v -2.773202 0.482267 -0.045802
v -2.641202 0.482267 -0.045802
v 0.406865 0.087032 0.021207
v 0.336692 0.135757 0.002712
v 0.405644 0.135757 0.002196
v 0.406865 0.184482 0.021207
v 0.335135 0.087381 0.021437
v 0.335135 0.184132 0.021437
v 0.407458 0.069048 0.063482
v 0.407458 0.202466 0.063482
v 0.334405 0.069424 0.063482
v 0.334405 0.202090 0.063482
v 0.335135 0.087381 0.105527
v 0.335135 0.184132 0.105527
v 0.406865 0.087032 0.105757
v 0.406865 0.184482 0.105757
v 0.336692 0.135757 0.124252
v 0.405644 0.135757 0.124768
v 0.168437 0.599180 0.057216
v 0.168437 0.634721 0.057216
v 0.179007 0.599180 0.031698
v 0.179007 0.634721 0.031698
v 0.179007 0.634721 0.082734
v 0.204526 0.599180 0.021127
v 0.179007 0.599180 0.082734
v 0.204526 0.634721 0.021127
v 0.204526 0.634721 0.093304
v 0.230044 0.599180 0.031698
v 0.204526 0.599180 0.093304
v 0.230044 0.634721 0.031698
v 0.230044 0.634721 0.082734
v 0.240614 0.599180 0.057216
v 0.230044 0.599180 0.082734
v 0.240614 0.634721 0.057216
v 1.974908 0.152891 0.115959
v 1.980939 0.315634 0.115959
v 1.941219 0.315634 0.139748
v 1.934281 0.138103 0.139748
v 1.999223 0.078121 0.139748
v 2.017462 0.114168 0.115959
v 2.418220 0.082017 0.139747
v 2.404562 0.118635 0.115959
v 2.482734 0.270566 0.139747
v 2.461647 0.289068 0.115959
v 2.608491 0.359849 0.115959
v 2.638645 0.345004 0.139747
v 2.638792 0.434116 0.139747
v 2.608491 0.434116 0.115959
v 2.608491 0.508382 0.115959
v 2.638645 0.523228 0.139747
v 2.482734 0.597666 0.139747
v 2.461647 0.579164 0.115959
v 2.404562 0.749596 0.115959
v 2.418220 0.786215 0.139747
v 2.017462 0.754063 0.115959
v 1.999222 0.790111 0.139748
v 1.974908 0.715341 0.115959
v 1.934280 0.730128 0.139748
v 1.941219 0.552598 0.139748
v 1.980939 0.552598 0.115959
v 0.177847 0.536365 -0.158661
v 0.202665 0.642743 -0.131200
v 0.197333 0.539022 -0.157183
v 0.210222 0.539715 -0.142271
v 0.163178 0.533301 -0.145839
v 0.217352 0.439557 -0.162140
v 0.198881 0.432776 -0.163579
v 0.230244 0.441898 -0.147390
v 0.208963 0.538038 -0.122661
v 0.278586 0.375111 -0.124293
v 0.230005 0.438427 -0.127970
v 0.186178 0.632947 -0.100198
v 0.194294 0.534974 -0.109840
v 0.166507 0.633577 -0.101580
v 0.174808 0.532318 -0.111318
v 0.161920 0.531625 -0.126229
v 0.216774 0.431179 -0.115255
v 0.198303 0.424397 -0.116696
v 0.185650 0.425527 -0.150865
v 0.185411 0.422056 -0.131444
v 0.245318 0.364896 -0.092022
v 0.259821 0.378103 -0.093334
v 0.243572 0.343228 -0.121124
v 0.238587 0.350451 -0.103533
v 0.309850 0.320007 -0.036740
v 0.273601 0.382334 -0.106701
v 0.257353 0.347459 -0.134492
v 0.311567 0.292031 -0.058968
v 0.271856 0.360666 -0.135803
v 0.325137 0.294744 -0.073000
v 0.342609 0.326555 -0.069845
v 0.337995 0.309044 -0.077463
v 0.370549 0.293569 0.013816
v 0.358122 0.278519 0.016171
v 0.305235 0.302496 -0.044005
v 0.339137 0.276653 0.021493
v 0.386780 0.295170 0.088936
v 0.369140 0.312986 0.015570
v 0.336277 0.337019 -0.054799
v 2.083379 0.362533 -0.001835
v 2.060139 0.434115 -0.031486
v 2.083380 0.434115 -0.031486
v 2.060140 0.505698 -0.001835
v 2.060139 0.362533 -0.001835
v 2.083379 0.505698 -0.001835
v 2.060140 0.332883 0.069747
v 2.060140 0.535349 0.069747
v 2.083380 0.332883 0.069747
v 2.083380 0.535349 0.069747
v 2.083379 0.362533 0.141329
v 2.083379 0.505698 0.141329
v 2.060139 0.362533 0.141329
v 2.060140 0.505698 0.141329
v 2.060140 0.434115 0.170981
v 2.083379 0.434115 0.170981
v 0.443599 0.075874 0.009444
v 0.406865 0.087032 0.021207
v 0.443049 0.135757 -0.014173
v 0.444127 0.052825 0.063482
v 0.405644 0.135757 0.002196
v 0.407458 0.069048 0.063482
v 0.406865 0.184482 0.021207
v 0.406865 0.087032 0.105757
v 0.443599 0.195640 0.009444
v 0.443599 0.075874 0.117520
v 0.444127 0.218689 0.063482
v 0.443049 0.135757 0.141136
v 0.407458 0.202466 0.063482
v 0.405644 0.135757 0.124768
v 0.406865 0.184482 0.105757
v 0.443599 0.195640 0.117520
v 1.701649 0.328572 -0.035796
v 1.701649 0.284855 0.069748
v 1.652282 0.284855 0.069748
v 1.652282 0.328572 0.175290
v 1.652282 0.328572 -0.035796
v 1.701649 0.328572 0.175290
v 1.701649 0.434115 -0.079514
v 1.652282 0.434115 0.219009
v 1.652282 0.434115 -0.079514
v 1.701649 0.434115 0.219009
v 1.701649 0.539659 -0.035796
v 1.652282 0.539659 0.175290
v 1.652282 0.539659 -0.035796
v 1.701649 0.539659 0.175290
v 1.701649 0.583377 0.069748
v 1.652282 0.583377 0.069748
v 0.383709 0.314216 0.091761
v 0.377614 0.278276 0.094954
v 0.322708 0.334307 -0.041158
v 0.354719 0.325396 0.020195
v 0.335735 0.323530 0.024882
v 0.370200 0.324257 0.101668
v 0.323308 0.308480 0.027301
v 0.427355 0.335482 0.133746
v 0.354166 0.319412 0.112987
v 0.324717 0.289063 0.026165
v 0.361580 0.273430 0.106558
v 0.348070 0.283471 0.116856
v 0.345000 0.302518 0.119170
v 0.397463 0.337779 0.171163
v 0.386628 0.350533 0.161146
v 0.387721 0.358878 0.142823
v 0.446206 0.430781 0.178245
v 0.426262 0.327136 0.151742
v 0.413880 0.328088 0.167186
v 0.461132 0.417900 0.177525
v 0.470648 0.408365 0.163110
v 0.469178 0.407762 0.143445
v 0.511742 0.481123 0.127850
v 0.416519 0.348236 0.123621
v 0.501427 0.474030 0.112130
v 0.508905 0.495019 0.142029
v 0.400102 0.357927 0.127367
v 0.457585 0.416444 0.130049
v 0.442658 0.429325 0.130770
v 0.484002 0.477896 0.104048
v 0.433142 0.438859 0.145184
v 0.535594 0.513693 0.073775
v 0.519482 0.506143 0.064453
v 0.469674 0.490456 0.108072
v 0.503371 0.513693 0.056239
v 0.527480 0.513693 0.014119
v 0.496697 0.531920 0.053785
v 0.466836 0.504353 0.121844
v 0.434612 0.439463 0.164850
v 0.477151 0.511446 0.137268
v 0.494576 0.507580 0.145623
v 0.519482 0.557698 0.068041
v 0.503371 0.550148 0.058509
v 0.542268 0.531920 0.078855
v 0.535594 0.550148 0.076993
v 0.543592 0.557698 0.025054
v 0.527480 0.550148 0.015502
v 0.520807 0.531920 0.011043
v 0.566377 0.531920 0.035583
v 0.559704 0.550148 0.033228
v 0.603470 0.497651 -0.019208
v 0.559704 0.513693 0.031263
v 0.578076 0.496803 -0.043923
v 0.562839 0.485925 -0.039770
v 0.594906 0.501660 -0.035103
v 0.620804 0.392846 -0.055269
v 0.558120 0.475399 -0.025162
v 0.635720 0.398685 -0.044308
v 0.603478 0.384841 -0.051731
v 0.670584 0.305185 -0.056636
v 0.639491 0.398940 -0.025271
v 0.593893 0.379361 -0.035788
v 0.566684 0.471390 -0.008864
v 0.543592 0.506143 0.022414
v 0.655657 0.292304 -0.055915
v 0.597663 0.379616 -0.016780
v 0.583514 0.476247 -0.000350
v 0.612581 0.385456 -0.005829
v 0.598751 0.487125 -0.004749
v 0.629906 0.393460 -0.009358
v 0.683647 0.313263 -0.023575
v 0.674132 0.303729 -0.009160
v 0.659206 0.290848 -0.008440
v 0.796430 0.219963 -0.035440
v 0.647612 0.282166 -0.021835
v 0.786060 0.203363 -0.032959
v 0.646142 0.282769 -0.041501
v 0.783608 0.186764 -0.043335
v 0.826039 0.182069 -0.008339
v 0.790511 0.179888 -0.060491
v 0.802724 0.186764 -0.074377
v 0.830489 0.158593 -0.035871
v 0.823587 0.165469 -0.018715
v 0.842703 0.165469 -0.049756
v 0.813094 0.203363 -0.076857
v 0.815545 0.219964 -0.066481
v 0.682178 0.313866 -0.043240
v 0.808643 0.226839 -0.049325
v 0.855524 0.198669 -0.041861
v 0.853073 0.182069 -0.052237
v 0.848622 0.205545 -0.024705
v 0.836409 0.198669 -0.010820
v 0.901886 0.167273 0.010997
v 0.891061 0.174068 0.025935
v 0.877764 0.166274 0.038140
v 0.903899 0.149869 0.002077
v 0.927975 0.161892 0.038988
v 0.937089 0.146107 0.031438
v 0.895920 0.132052 0.004399
v 0.978511 0.201901 0.043689
v 0.882623 0.124259 0.016604
v 0.946203 0.130321 0.038988
v 0.995320 0.194851 0.051239
v 0.961702 0.208951 0.051240
v 0.924200 0.168431 0.057216
v 1.002282 0.191931 0.069467
v 0.954740 0.211871 0.069467
v 0.927975 0.161892 0.075443
v 0.949978 0.123783 0.057216
v 0.871798 0.131054 0.031542
v 0.946203 0.130321 0.075443
v 0.995320 0.194851 0.087694
v 0.961702 0.208951 0.087694
v 0.978511 0.201901 0.095244
v 0.937089 0.146107 0.082993
v 0.869785 0.148458 0.040463
v 1.974908 0.152891 0.023536
v 1.941219 0.315634 -0.000252
v 1.980939 0.315634 0.023536
v 1.934281 0.138103 -0.000252
v 1.999223 0.078121 -0.000252
v 2.017462 0.114168 0.023536
v 2.418220 0.082017 -0.000253
v 2.404562 0.118635 0.023536
v 2.482734 0.270566 -0.000253
v 2.461647 0.289068 0.023536
v 2.608491 0.359849 0.023536
v 2.638645 0.345004 -0.000253
v 2.638792 0.434116 -0.000253
v 2.608491 0.434116 0.023536
v 2.608491 0.508382 0.023536
v 2.638645 0.523228 -0.000253
v 2.482734 0.597666 -0.000253
v 2.461647 0.579164 0.023536
v 2.404562 0.749596 0.023536
v 2.418220 0.786215 -0.000253
v 2.017461 0.754063 0.023536
v 1.999222 0.790111 -0.000252
v 1.974908 0.715341 0.023536
v 1.934280 0.730128 -0.000252
v 1.941219 0.552598 -0.000252
v 1.980939 0.552598 0.023536
v 0.951698 0.203949 0.094985
v 0.998763 0.184209 0.094985
v 0.975230 0.194079 0.105555
v 0.941951 0.208037 0.069467
v 1.008510 0.180121 0.069467
v 0.951698 0.203949 0.043949
v 0.998763 0.184209 0.043949
v 0.975230 0.194079 0.033378
v 0.631261 0.032599 0.063482
v 0.566241 0.032599 0.063482
v 0.631741 0.061752 -0.005124
v 0.565760 0.061752 -0.005124
v 0.565761 0.061752 0.132087
v 0.631973 0.135757 -0.034686
v 0.631741 0.061752 0.132087
v 0.565528 0.135757 -0.034686
v 0.631973 0.135757 0.161649
v 0.631741 0.209763 -0.005124
v 0.565528 0.135757 0.161649
v 0.565760 0.209763 -0.005124
v 0.565760 0.209763 0.132087
v 0.566241 0.238915 0.063482
v 0.631741 0.209763 0.132087
v 0.631261 0.238915 0.063482
v -2.773202 0.467545 0.147965
v -2.655924 0.467545 -0.033533
v -2.655924 0.467545 0.147965
v -2.773202 0.467545 -0.033533
v 0.091959 0.599180 0.082734
v 0.091959 0.634721 0.082734
v 0.081389 0.599180 0.057216
v 0.081389 0.634721 0.057216
v 0.117478 0.634721 0.093304
v 0.091959 0.599180 0.031698
v 0.117478 0.599180 0.093304
v 0.091959 0.634721 0.031698
v 0.142996 0.634721 0.082734
v 0.117478 0.599180 0.021127
v 0.142996 0.599180 0.082734
v 0.117478 0.634721 0.021127
v 0.153566 0.634721 0.057216
v 0.142996 0.599180 0.031698
v 0.153566 0.599180 0.057216
v 0.142996 0.634721 0.031698
v 1.818504 0.552598 -0.000252
v 1.818504 0.552598 0.139748
v 1.780939 0.552598 0.115959
v 1.780939 0.552598 0.023536
v 1.941219 0.552598 0.139748
v 1.941219 0.552598 -0.000252
v 1.980939 0.552598 0.115959
v 1.980939 0.552598 0.023536
v 1.470776 0.066912 0.132464
v 1.478302 0.170803 0.007080
v 1.470776 0.066912 0.007030
v 1.300028 0.006774 0.000581
v 1.478302 0.170803 0.132415
v 1.300028 0.006774 0.138914
v 1.430374 0.234986 0.132103
v 1.226335 -0.140317 0.133440
v 1.430374 0.234986 0.007392
v 1.149902 0.236106 0.136057
v 1.149902 0.236106 0.003437
v 1.226335 -0.140317 0.006054
v 1.142602 -0.144261 0.136986
v 1.142602 -0.144261 0.002509
v 1.058869 -0.140317 0.006054
v 1.058869 -0.140317 0.133440
v 0.985176 0.006774 0.000581
v 0.985176 0.006774 0.138914
v 0.814428 0.066912 0.132464
v 0.814428 0.066912 0.007030
v 0.806901 0.170803 0.007080
v 0.806901 0.170803 0.132415
v 0.854830 0.234986 0.132103
v 0.854830 0.234986 0.007392
v 1.149902 0.236106 0.136057
v 1.149902 0.236106 0.003437
v 0.565760 0.061752 -0.005124
v 0.566241 0.032599 0.063482
v 0.547889 0.053949 0.063482
v 0.565761 0.061752 0.132087
v 0.547129 0.076619 0.010304
v 0.547129 0.076619 0.116660
v 0.565528 0.135757 -0.034686
v 0.565528 0.135757 0.161649
v 0.545499 0.135757 -0.012732
v 0.545499 0.135757 0.139695
v 0.547128 0.194896 0.010304
v 0.547128 0.194896 0.116660
v 0.565760 0.209763 -0.005124
v 0.565760 0.209763 0.132087
v 0.547889 0.217565 0.063482
v 0.566241 0.238915 0.063482
v 0.233446 0.567992 -0.020000
v 0.265430 0.567992 0.057216
v 0.240230 0.547992 0.057216
v 0.233446 0.567992 0.134432
v 0.215627 0.547992 -0.002181
v 0.215627 0.547992 0.116613
v 0.156230 0.547992 -0.026784
v 0.156230 0.547992 0.141216
v 0.156230 0.567992 -0.051984
v 0.156230 0.567992 0.166416
v 0.096832 0.547992 -0.002181
v 0.079014 0.567992 0.134432
v 0.079013 0.567992 -0.020000
v 0.096833 0.547992 0.116613
v 0.072229 0.547992 0.057216
v 0.047029 0.567992 0.057216
v 0.704476 0.495464 0.121304
v 0.662834 0.480496 0.105686
v 0.703936 0.431865 0.146457
v 0.705038 0.520108 0.063482
v 0.661478 0.431865 0.124615
v 0.663483 0.498470 0.063482
v 0.662834 0.383233 0.105686
v 0.662834 0.480496 0.021277
v 0.704476 0.368265 0.121304
v 0.704476 0.495464 0.005660
v 0.705038 0.343621 0.063482
v 0.703936 0.431865 -0.019493
v 0.663483 0.365258 0.063482
v 0.661478 0.431865 0.002349
v 0.662834 0.383233 0.021277
v 0.704476 0.368265 0.005660
v -0.168059 0.135757 0.002349
v -0.016191 0.135757 0.002712
v -0.169415 0.087125 0.021277
v -0.169415 0.184389 0.021277
v -0.014634 0.087381 0.021437
v -0.014634 0.184132 0.021437
v -0.170064 0.069151 0.063482
v -0.170064 0.202363 0.063482
v -0.013904 0.069424 0.063482
v -0.013904 0.202090 0.063482
v -0.014635 0.087381 0.105527
v -0.014635 0.184132 0.105527
v -0.169415 0.087125 0.105686
v -0.169415 0.184389 0.105686
v -0.016191 0.135757 0.124252
v -0.168059 0.135757 0.124615
v -0.168059 0.135757 0.002349
v -0.210517 0.135757 -0.019493
v -0.169415 0.184389 0.021277
v -0.169415 0.087125 0.021277
v -0.211057 0.199357 0.005660
v -0.211057 0.072158 0.005660
v -0.211619 0.224000 0.063482
v -0.211619 0.047513 0.063482
v -0.170064 0.202363 0.063482
v -0.170064 0.069151 0.063482
v -0.169415 0.184389 0.105686
v -0.169415 0.087125 0.105686
v -0.211057 0.199357 0.121304
v -0.211057 0.072158 0.121304
v -0.210517 0.135757 0.146457
v -0.168059 0.135757 0.124615
v -0.279217 0.363879 0.063482
v -0.317922 0.343435 0.063482
v -0.278566 0.382258 0.020303
v -0.278565 0.382258 0.106661
v -0.317362 0.368136 0.005525
v -0.317362 0.368136 0.121440
v -0.316829 0.431865 -0.019681
v -0.316829 0.431865 0.146646
v -0.277201 0.431865 0.000974
v -0.277201 0.431865 0.125991
v -0.278566 0.481471 0.020303
v -0.278565 0.481471 0.106661
v -0.317362 0.495592 0.005525
v -0.317362 0.495592 0.121440
v -0.317923 0.520294 0.063482
v -0.279217 0.499849 0.063482
v 1.150618 0.264760 -0.023903
v 1.149940 0.381951 0.002956
v 1.150566 0.355883 -0.024008
v 1.149902 0.236106 0.003437
v 1.149902 0.236106 0.136057
v 1.149940 0.381951 0.136538
v 1.150618 0.264760 0.163398
v 1.150566 0.355883 0.163503
v -0.670294 0.086973 0.105810
v -0.478523 0.135757 0.124615
v -0.669195 0.135757 0.124876
v -0.670294 0.184541 0.105810
v -0.477167 0.087125 0.105686
v -0.477167 0.184389 0.105686
v -0.670835 0.068979 0.063482
v -0.670835 0.202535 0.063482
v -0.476518 0.069151 0.063482
v -0.476518 0.202363 0.063482
v -0.477167 0.087125 0.021277
v -0.477167 0.184389 0.021277
v -0.670294 0.086973 0.021154
v -0.670294 0.184541 0.021154
v -0.478523 0.135757 0.002349
v -0.669195 0.135757 0.002088
v -0.669195 0.135757 0.124876
v -0.729943 0.135757 0.148134
v -0.670294 0.086973 0.105810
v -0.670294 0.184541 0.105810
v -0.730485 0.070894 0.122447
v -0.730485 0.200620 0.122447
v -0.730975 0.045829 0.063482
v -0.730975 0.225685 0.063482
v -0.670835 0.068979 0.063482
v -0.670835 0.202535 0.063482
v -0.670294 0.086973 0.021154
v -0.670294 0.184541 0.021154
v -0.730485 0.070894 0.004517
v -0.730485 0.200620 0.004517
v -0.729943 0.135757 -0.021170
v -0.669195 0.135757 0.002088
v -1.995263 -0.307947 0.103616
v -1.995263 -0.099243 0.023349
v -1.995263 -0.099243 0.103616
v -1.995263 -0.307947 0.023349
v -1.943264 -0.073136 0.103616
v -1.943264 -0.073136 0.023349
v -1.891264 -0.099243 0.103616
v -1.891264 -0.099243 0.023349
v -1.891264 -0.220936 0.023349
v -1.891264 -0.220936 0.103616
v -2.210959 0.569732 0.160233
v -2.196237 0.569732 0.147965
v -2.210959 0.584454 0.147965
v -2.196237 0.569732 -0.033533
v -2.210959 0.569732 -0.045802
v -2.210959 0.584454 -0.033533
v -2.210959 0.281292 0.160233
v -2.210959 0.266571 0.147965
v -2.196237 0.281292 0.147965
v -2.210959 0.281292 -0.045802
v -2.196237 0.281292 -0.033533
v -2.210959 0.266571 -0.033533
v 1.652282 0.539659 0.175290
v 1.652282 0.434115 0.132197
v 1.652282 0.434115 0.219009
v 1.652282 0.328572 0.175290
v 1.652282 0.478274 0.113906
v 1.652282 0.389956 0.113906
v 1.652282 0.496565 0.069748
v 1.652282 0.284855 0.069748
v 1.652282 0.583377 0.069748
v 1.652282 0.371665 0.069748
v 1.652282 0.478274 0.025589
v 1.652282 0.389956 0.025589
v 1.652282 0.539659 -0.035796
v 1.652282 0.328572 -0.035796
v 1.652282 0.434115 -0.079514
v 1.652282 0.434115 0.007298
v 1.771902 0.320390 -0.043977
v 1.701649 0.355763 -0.008605
v 1.771901 0.434115 -0.091085
v 1.771902 0.273284 0.069748
v 1.701649 0.434115 -0.041060
v 1.701649 0.323308 0.069748
v 1.701649 0.512468 -0.008605
v 1.701649 0.355763 0.148100
v 1.771901 0.547841 -0.043977
v 1.771902 0.320390 0.183473
v 1.771902 0.594947 0.069748
v 1.771902 0.434115 0.230579
v 1.701649 0.544923 0.069748
v 1.701649 0.434115 0.180555
v 1.701649 0.512468 0.148100
v 1.771902 0.547841 0.183473
v -1.079219 0.067772 0.063482
v -1.117924 0.047328 0.063482
v -1.078567 0.086151 0.020303
v -1.078567 0.086151 0.106661
v -1.117362 0.072029 0.005525
v -1.117362 0.072029 0.121440
v -1.116830 0.135757 -0.019681
v -1.116830 0.135757 0.146646
v -1.077202 0.135757 0.000974
v -1.077202 0.135757 0.125991
v -1.078567 0.185364 0.020303
v -1.078567 0.185364 0.106661
v -1.117362 0.199486 0.005525
v -1.117362 0.199486 0.121440
v -1.117924 0.224186 0.063482
v -1.079219 0.203742 0.063482
v -2.196237 0.281292 0.147965
v -2.196237 0.569732 0.147965
v -2.210959 0.569732 0.160233
v -2.210959 0.281292 0.160233
v -2.210959 0.281292 -0.045802
v -2.196237 0.569732 -0.033533
v -2.196237 0.281292 -0.033533
v -2.210959 0.569732 -0.045802
v -2.196237 0.569732 0.147965
v -2.210959 0.584454 -0.033533
v -2.210959 0.584454 0.147965
v -2.196237 0.569732 -0.033533
v -2.438449 0.351340 0.147965
v -2.453171 0.281292 0.160233
v -2.438449 0.266571 0.147965
v -2.453171 0.366062 0.160233
v -2.438449 0.499686 0.147965
v -2.438449 0.584454 0.147965
v -2.453171 0.569732 0.160233
v -2.453171 0.484964 0.160233
v -2.438449 0.351340 -0.033533
v -2.438449 0.266571 -0.033533
v -2.453171 0.281292 -0.045802
v -2.453171 0.366062 -0.045802
v -2.438449 0.499686 -0.033533
v -2.453171 0.569732 -0.045802
v -2.438449 0.584454 -0.033533
v -2.453171 0.484964 -0.045802
v -2.196237 0.281292 -0.033533
v -2.196237 0.281292 0.147965
v -2.210959 0.266571 0.147965
v -2.210959 0.266571 -0.033533
v -2.595387 0.468242 0.160233
v -2.583858 0.394313 0.150625
v -2.583858 0.456713 0.150625
v -2.595387 0.382784 0.160233
v 2.112088 0.434115 0.231432
v 2.112088 0.548445 0.184076
v 2.083379 0.505698 0.141329
v 2.083379 0.434115 0.170981
v 2.083380 0.535349 0.069747
v 2.112088 0.319787 0.184076
v 2.112088 0.595801 0.069747
v 2.083379 0.362533 0.141329
v 2.112088 0.548445 -0.044581
v 2.083380 0.332883 0.069747
v 2.083379 0.505698 -0.001835
v 2.112088 0.272429 0.069747
v 2.112088 0.434115 -0.091939
v 2.112088 0.319787 -0.044581
v 2.083380 0.434115 -0.031486
v 2.083379 0.362533 -0.001835
v -2.614060 0.351340 0.147965
v -2.628782 0.281292 0.160233
v -2.614060 0.266571 0.147965
v -2.628782 0.366062 0.160233
v -2.628782 0.569732 0.160233
v -2.628782 0.484964 0.160233
v -2.614060 0.499686 0.147965
v -2.614060 0.584454 0.147965
v -2.595387 0.382784 -0.045802
v -2.595387 0.468242 -0.045802
v -2.583858 0.456713 -0.036194
v -2.583858 0.394313 -0.036194
v -2.628782 0.281292 -0.045802
v -2.628782 0.366062 -0.045802
v -2.614060 0.351340 -0.033533
v -2.614060 0.266571 -0.033533
v -2.614060 0.499686 -0.033533
v -2.628782 0.569732 -0.045802
v -2.614060 0.584454 -0.033533
v -2.628782 0.484964 -0.045802
v -1.503480 0.198922 0.120376
v -1.547924 0.135757 0.181329
v -1.501877 0.135757 0.145189
v -1.503480 0.072592 0.120376
v -1.548346 0.223857 0.146003
v -1.548346 0.047658 0.146003
v -1.548926 0.258784 0.063482
v -1.548926 0.012730 0.063482
v -1.504228 0.223051 0.063482
v -1.504228 0.048464 0.063482
v -1.503480 0.198922 0.006589
v -1.503480 0.072592 0.006589
v -1.548346 0.223857 -0.019038
v -1.548346 0.047658 -0.019038
v -1.547924 0.135757 -0.054364
v -1.501877 0.135757 -0.018225
v -1.579264 0.095757 0.103616
v -1.579264 -0.242946 0.103616
v -1.579264 -0.242946 0.023349
v -1.579264 0.095757 0.023349
v 2.404562 0.118635 0.115959
v 2.017462 0.114168 0.023536
v 2.017462 0.114168 0.115959
v 2.404562 0.118635 0.023536
v 1.974908 0.152891 0.023536
v 2.461647 0.289068 0.115959
v 1.974908 0.152891 0.115959
v 1.980939 0.315634 0.115959
v 1.980939 0.315634 0.023536
v 2.461647 0.289068 0.023536
v 2.608491 0.359849 0.115959
v 2.608491 0.359849 0.023536
v 2.608491 0.434116 0.115959
v 2.608491 0.434116 0.023536
v 2.608491 0.508382 0.023536
v 2.608491 0.508382 0.115959
v 2.461647 0.579164 0.023536
v 2.461647 0.579164 0.115959
v 2.404562 0.749596 0.023536
v 2.404562 0.749596 0.115959
v 2.017462 0.754063 0.115959
v 2.017461 0.754063 0.023536
v 1.974908 0.715341 0.115959
v 1.974908 0.715341 0.023536
v 1.980939 0.552598 0.115959
v 1.980939 0.552598 0.023536
v -2.118146 0.135756 -0.054840
v -1.548346 0.223857 -0.019038
v -1.547924 0.135757 -0.054364
v -1.548346 0.047658 -0.019038
v -2.117823 0.224101 -0.019378
v -2.117823 0.047412 -0.019378
v -2.117284 0.259172 0.063483
v -2.117284 0.012341 0.063483
v -1.548926 0.258784 0.063482
v -1.548926 0.012730 0.063482
v -1.548346 0.223857 0.146003
v -1.548346 0.047658 0.146003
v -2.117823 0.224101 0.146343
v -2.117823 0.047412 0.146343
v -2.118146 0.135756 0.181805
v -1.547924 0.135757 0.181329
v -2.196237 0.569732 0.147965
v -2.196237 0.281292 0.147965
v -2.196237 0.281292 -0.033533
v -2.196237 0.569732 -0.033533
v -2.438449 0.584454 -0.033533
v -2.438449 0.584454 0.147965
v -2.438449 0.499686 0.147965
v -2.438449 0.499686 -0.033533
v -2.438449 0.266571 0.147965
v -2.438449 0.351340 -0.033533
v -2.438449 0.351340 0.147965
v -2.438449 0.266571 -0.033533
v -2.614060 0.584454 -0.033533
v -2.614060 0.584454 0.147965
v -2.614060 0.499686 0.147965
v -2.614060 0.499686 -0.033533
v -2.614060 0.266571 0.147965
v -2.614060 0.351340 -0.033533
v -2.614060 0.351340 0.147965
v -2.614060 0.266571 -0.033533
vn -1.0000 0.0005 -0.0005
vn -0.6933 0.5066 0.5125
vn -0.6992 0.7149 -0.0005
vn -0.6993 0.7149 -0.0005
vn -0.6933 0.5066 -0.5125
vn -0.6924 0.4862 0.5331
vn -0.6924 0.4862 -0.5331
vn -0.6863 0.0005 0.7273
vn -0.6864 0.0006 -0.7273
vn -0.6863 0.0005 -0.7273
vn -0.6933 -0.5066 0.5125
vn -0.6933 -0.5066 -0.5125
vn -0.6924 -0.4862 0.5331
vn -0.6924 -0.4862 -0.5331
vn -0.6991 -0.7150 -0.0000
vn -0.6993 -0.7149 -0.0005
vn -0.7071 0.7071 -0.0005
vn -0.7071 0.7071 -0.0003
vn -0.7071 0.7071 -0.0000
vn -0.7071 -0.7071 -0.0005
vn -0.7071 -0.7071 -0.0003
vn -0.7071 -0.7071 -0.0000
vn -0.6402 0.0005 0.7682
vn -0.6402 0.0006 0.7682
vn -0.6402 0.0005 -0.7682
vn -0.6402 0.0003 -0.7682
vn 0.5701 0.5671 0.5945
vn 0.3250 0.0005 0.9457
vn 0.5534 0.0005 0.8329
vn 0.3248 0.6424 0.6941
vn 0.3250 0.9457 -0.0005
vn 0.5700 -0.5671 0.5945
vn 0.3248 -0.6424 0.6941
vn 0.3250 -0.9457 -0.0005
vn 1.0000 0.0003 -0.0003
vn 0.5829 -0.8126 -0.0005
vn 0.5829 0.8126 -0.0005
vn 0.5701 0.5671 -0.5945
vn 0.3248 0.6424 -0.6941
vn 0.3250 0.0005 -0.9457
vn 0.5535 0.0005 -0.8329
vn 0.5701 -0.5671 -0.5945
vn 0.3248 -0.6424 -0.6941
vn -0.6402 0.0003 0.7682
vn -0.6403 0.0007 0.7682
vn 1.0000 0.0005 -0.0005
vn -0.6402 -0.0000 -0.7682
vn -0.3999 -0.9166 -0.0005
vn -0.9247 -0.3806 -0.0004
vn -0.3999 -0.9165 -0.0005
vn -0.9248 -0.3805 -0.0005
vn -0.9997 -0.0259 -0.0004
vn 0.4861 -0.8739 -0.0004
vn 0.4862 -0.8739 -0.0003
vn 0.7173 -0.6967 -0.0003
vn 0.7173 -0.6968 -0.0004
vn 0.8787 -0.4773 -0.0006
vn 0.8788 -0.4773 -0.0005
vn 0.8788 0.4772 -0.0003
vn 0.8788 0.4772 -0.0004
vn 0.7173 0.6968 -0.0004
vn 0.4861 0.8739 -0.0004
vn 0.4862 0.8739 -0.0003
vn -0.3999 0.9165 -0.0005
vn -0.4000 0.9165 -0.0003
vn -0.9247 0.3806 -0.0004
vn -0.9247 0.3806 -0.0005
vn -0.9997 0.0259 -0.0004
vn -0.9997 0.0260 -0.0003
vn 0.2280 0.6772 0.6996
vn 0.2281 0.9736 -0.0004
vn 0.2280 0.6636 0.7125
vn 0.2281 0.0004 0.9736
vn 0.2282 0.9736 -0.0005
vn 0.2280 0.6772 -0.6996
vn 0.2280 -0.6772 0.6996
vn 0.2280 0.6636 -0.7125
vn 0.2280 -0.6636 0.7125
vn 0.2281 0.0004 -0.9736
vn 0.2281 -0.9736 -0.0004
vn 0.2282 -0.9736 -0.0005
vn 0.2280 -0.6772 -0.6996
vn 0.2280 -0.6636 -0.7125
vn -0.6402 -0.0000 0.7682
vn 0.5965 0.8026 -0.0007
vn 0.5964 0.5700 -0.5652
vn 0.5963 0.5406 -0.5934
vn 0.5965 0.0007 -0.8026
vn 0.5965 0.8026 -0.0005
vn 0.5964 0.5700 0.5652
vn 0.5964 -0.5700 -0.5651
vn 0.5963 0.5406 0.5934
vn 0.5963 -0.5406 -0.5934
vn 0.5965 0.0005 0.8026
vn 0.5965 -0.8026 -0.0006
vn 0.5965 0.0007 0.8026
vn 0.5965 -0.8026 -0.0005
vn 0.5964 -0.5700 0.5652
vn 0.5963 -0.5406 0.5934
vn -0.5389 0.5389 0.6474
vn -0.5390 0.5390 -0.6472
vn -0.6402 0.0006 -0.7682
vn -0.5389 -0.5389 0.6474
vn -0.5390 0.5390 -0.6473
vn -0.6402 0.0007 -0.7682
vn -0.5390 -0.5390 -0.6473
vn 0.6727 0.5281 0.5183
vn 0.6725 0.7401 -0.0004
vn 0.6721 0.4981 0.5479
vn 0.6726 0.0006 0.7400
vn 0.6725 0.0004 0.7401
vn 0.6727 0.5281 -0.5183
vn 0.6727 -0.5281 0.5183
vn 0.6721 0.4981 -0.5479
vn 0.6721 -0.4981 0.5479
vn 0.6726 0.0005 -0.7400
vn 0.6725 -0.7401 -0.0004
vn 0.6726 0.0006 -0.7400
vn 0.6726 -0.7400 -0.0005
vn 0.6727 -0.5281 -0.5183
vn 0.6721 -0.4981 -0.5479
vn -0.5390 -0.5390 0.6473
vn -0.5389 -0.5389 -0.6475
vn -0.0034 0.6813 0.7320
vn -0.0025 1.0000 -0.0004
vn -0.0025 1.0000 -0.0005
vn -0.0034 0.6812 -0.7321
vn -0.0034 0.6762 0.7367
vn -0.0034 0.6762 -0.7367
vn -0.0034 0.0005 1.0000
vn -0.0034 0.0005 -1.0000
vn -0.0036 0.0003 -1.0000
vn -0.0034 -0.6762 0.7367
vn -0.0034 -0.6762 -0.7367
vn -0.0034 -0.6812 0.7321
vn -0.0034 -0.6812 -0.7320
vn -0.0025 -1.0000 -0.0004
vn -0.0005 0.6813 0.7320
vn -0.0005 1.0000 -0.0006
vn -0.0005 1.0000 -0.0005
vn -0.0005 0.6813 -0.7320
vn -0.0005 0.6767 0.7363
vn -0.0004 0.6767 -0.7363
vn -0.0005 0.0003 1.0000
vn -0.0005 0.0003 -1.0000
vn -0.0004 0.0006 1.0000
vn -0.0004 0.0006 -1.0000
vn -0.0004 -0.6767 0.7363
vn -0.0005 -0.6767 -0.7363
vn -0.0005 -0.6813 0.7320
vn -0.0005 -0.6813 -0.7320
vn -0.0005 -1.0000 -0.0006
vn -0.0005 -1.0000 -0.0005
vn -0.0015 -0.6797 -0.7335
vn -0.0015 -1.0000 -0.0005
vn -0.0015 -0.6797 0.7335
vn -0.0015 -0.6797 -0.7334
vn -0.0015 -0.6797 0.7334
vn -0.0015 0.0005 -1.0000
vn -0.0015 0.0005 1.0000
vn -0.0014 0.0005 -1.0000
vn -0.0014 0.0004 1.0000
vn -0.0015 0.6797 -0.7335
vn -0.0015 0.6797 0.7334
vn -0.0015 0.6797 0.7335
vn -0.0015 1.0000 -0.0006
vn -0.0015 1.0000 -0.0005
vn 0.0034 0.0004 -1.0000
vn 0.0034 -0.6757 -0.7372
vn 0.0036 -0.6793 -0.7339
vn 0.0034 -1.0000 -0.0004
vn 0.0033 0.6757 -0.7372
vn 0.0035 -1.0000 -0.0005
vn 0.0034 0.6792 -0.7339
vn 0.0034 -0.6792 0.7339
vn 0.0034 1.0000 -0.0004
vn 0.0033 -0.6757 0.7372
vn 0.0034 0.0005 1.0000
vn 0.0036 0.6792 0.7339
vn 0.0034 0.0004 1.0000
vn 0.0034 0.6757 0.7372
vn -0.4744 0.6141 0.6307
vn -0.4746 0.8802 -0.0004
vn -0.4746 0.8802 -0.0005
vn -0.4744 0.6141 -0.6307
vn -0.4742 0.5905 0.6530
vn -0.4742 0.5905 -0.6530
vn -0.4733 0.0004 0.8809
vn -0.4733 0.0004 -0.8809
vn -0.4734 0.0005 0.8808
vn -0.4734 0.0005 -0.8809
vn -0.4744 -0.6141 0.6308
vn -0.4744 -0.6141 -0.6307
vn -0.4742 -0.5905 0.6530
vn -0.4742 -0.5905 -0.6530
vn -0.4746 -0.8802 -0.0005
vn 0.4587 0.0005 -0.8886
vn 0.4587 0.0006 -0.8886
vn 0.4608 0.6182 -0.6367
vn 0.4608 -0.6182 -0.6368
vn 0.4607 0.5955 -0.6581
vn 0.4607 -0.5955 -0.6581
vn 0.4607 0.8876 -0.0000
vn 0.4606 -0.8876 -0.0005
vn 0.4606 0.8876 -0.0005
vn 0.4607 -0.8876 -0.0005
vn 0.4608 0.6182 0.6368
vn 0.4608 -0.6182 0.6368
vn 0.4607 0.5955 0.6581
vn 0.4607 -0.5955 0.6581
vn 0.4587 0.0006 0.8886
vn 0.4587 0.0005 0.8886
vn -0.0045 -0.6767 -0.7363
vn -0.0044 -1.0000 -0.0005
vn -0.0044 -1.0000 -0.0006
vn -0.0044 -0.6767 0.7363
vn -0.0044 -0.6772 -0.7358
vn -0.0041 -0.6772 0.7358
vn -0.0045 0.0006 -1.0000
vn -0.0043 0.0004 1.0000
vn -0.0044 0.0004 -1.0000
vn -0.0044 0.0004 1.0000
vn -0.0044 0.6767 -0.7363
vn -0.0045 0.6767 0.7363
vn -0.0041 0.6772 -0.7358
vn -0.0044 0.6772 0.7358
vn -0.0044 1.0000 -0.0003
vn -0.0043 1.0000 -0.0003
vn 0.8511 -0.5249 -0.0005
vn -0.8511 -0.5249 -0.0005
vn -0.4607 0.5956 0.6581
vn -0.4608 0.6182 0.6368
vn -0.4587 0.0005 0.8886
vn -0.4607 0.8876 -0.0003
vn -0.4606 0.8876 -0.0005
vn -0.4608 -0.6182 0.6368
vn -0.4608 0.6182 -0.6368
vn -0.4607 -0.5955 0.6581
vn -0.4607 0.5956 -0.6581
vn -0.4606 -0.8876 -0.0005
vn -0.4587 0.0006 -0.8886
vn -0.4607 -0.8876 -0.0005
vn -0.4587 0.0005 -0.8886
vn -0.4608 -0.6182 -0.6368
vn -0.4607 -0.5955 -0.6581
vn -0.0005 -0.6797 -0.7335
vn -0.0005 -0.6797 0.7335
vn -0.0005 0.0005 -1.0000
vn -0.0005 0.0005 1.0000
vn -0.0005 0.0006 1.0000
vn -0.0005 0.6797 -0.7335
vn -0.0005 0.6797 0.7335
vn -0.6756 0.2096 0.7068
vn 0.0083 0.0161 0.9998
vn -0.0308 0.0747 0.9967
vn -0.6853 0.0034 0.7283
vn -1.0000 0.0005 0.0005
vn 0.6876 0.0220 0.7257
vn -0.9675 0.2525 0.0103
vn 0.6503 -0.1432 0.7460
vn -0.6913 -0.0034 -0.7226
vn -0.4020 0.5749 0.7126
vn 0.9999 0.0005 0.0122
vn -0.7089 0.1744 -0.6834
vn -0.0913 -0.0044 -0.9958
vn -0.0083 -0.0162 -0.9998
vn -0.5682 0.5106 -0.6454
vn 0.6072 -0.2301 -0.7605
vn 0.6881 -0.0230 -0.7252
vn 0.9562 -0.2927 0.0005
vn 0.6715 -0.7409 0.0122
vn -0.2066 0.0132 -0.9783
vn 0.3219 -0.5584 -0.7645
vn 0.5536 -0.4305 0.7129
vn 0.0933 0.1050 0.9901
vn 0.2898 -0.6797 0.6738
vn 0.1198 -0.9926 -0.0201
vn 0.2399 0.0054 0.9708
vn -0.1382 -0.7538 0.6424
vn -0.1803 -0.5683 -0.8028
vn -0.5044 -0.8629 -0.0317
vn -0.2642 0.1978 -0.9440
vn -0.5274 -0.2859 -0.8001
vn -0.8925 -0.4479 -0.0533
vn -0.5210 -0.5181 0.6783
vn 0.1011 -0.2887 0.9521
vn -0.2155 0.7471 -0.6288
vn -0.1618 0.3514 -0.9222
vn -0.0659 0.2701 -0.9606
vn -0.0933 0.9953 0.0239
vn 0.2144 0.7557 -0.6189
vn 0.5050 0.8628 0.0250
vn 0.5115 0.5037 -0.6962
vn 0.8623 0.5056 -0.0279
vn -0.6667 0.7449 0.0249
vn 0.0767 0.6827 0.7267
vn 0.4997 0.4597 0.7342
vn 0.2467 -0.2262 0.9423
vn 0.6893 0.1675 0.7049
vn -0.6572 0.2585 0.7080
vn -0.0191 0.2498 0.9681
vn -0.6883 0.0005 0.7254
vn 0.6883 0.0005 0.7254
vn -0.9870 0.1538 0.0473
vn -0.5620 0.7466 0.3560
vn -0.7453 -0.0933 -0.6602
vn -0.6883 0.0005 -0.7254
vn -0.9348 0.3289 -0.1345
vn -0.0396 -0.3248 -0.9450
vn -0.7706 -0.3289 -0.5459
vn 0.7072 -0.3152 -0.6329
vn 0.6883 0.0005 -0.7254
vn -0.1206 -0.7907 -0.6002
vn -0.8680 -0.4411 -0.2281
vn 0.9914 -0.0728 0.1089
vn 0.6320 0.1657 0.7571
vn 0.6835 0.4207 0.5965
vn 0.9559 -0.2008 0.2144
vn 0.6061 -0.7419 -0.2867
vn 0.9219 -0.1900 0.3376
vn 0.0712 0.7623 0.6433
vn -0.2956 -0.9553 0.0014
vn 0.4557 -0.8512 0.2603
vn -0.4305 -0.6436 0.6328
vn 0.3649 -0.5584 0.7450
vn 0.2936 0.9523 -0.0835
vn 0.8165 0.5478 0.1823
vn 0.9181 -0.1002 0.3835
vn 0.9123 0.3289 -0.2439
vn 0.8955 -0.0591 0.4411
vn -0.3639 0.8787 -0.3091
vn -0.8659 0.3453 -0.3619
vn -0.2594 0.5282 -0.8085
vn 0.4246 0.5321 -0.7325
vn -0.9600 -0.2506 0.1246
vn -0.8372 0.2801 -0.4697
vn -0.9546 -0.0913 0.2837
vn -0.2986 0.1881 -0.9357
vn 0.4089 0.1998 -0.8905
vn -0.8740 0.0738 -0.4802
vn -0.4734 0.0005 -0.8808
vn -0.4744 -0.6141 0.6307
vn -0.4746 -0.8802 -0.0004
vn 0.4841 0.7372 -0.4714
vn -0.0005 0.7372 -0.6757
vn -0.0004 0.7372 -0.6756
vn -0.4841 0.7372 -0.4714
vn 0.4538 0.7371 -0.5007
vn -0.4538 0.7371 -0.5007
vn 0.6756 0.7372 -0.0004
vn -0.6756 0.7373 -0.0004
vn 0.6756 0.7373 -0.0004
vn -0.6756 0.7372 -0.0004
vn 0.4841 0.7372 0.4714
vn -0.4538 0.7371 0.5007
vn 0.4538 0.7371 0.5007
vn -0.4841 0.7372 0.4714
vn -0.0002 0.7374 0.6755
vn -0.0004 0.7373 0.6756
vn 0.7399 0.4547 0.4957
vn 0.7520 0.6592 -0.0004
vn 0.7520 0.6591 -0.0005
vn 0.7399 0.4547 -0.4957
vn 0.7413 0.4687 0.4804
vn 0.7413 0.4687 -0.4804
vn 0.7283 0.0005 0.6853
vn 0.7283 0.0005 -0.6853
vn 0.7282 0.0005 0.6853
vn 0.7282 0.0005 -0.6853
vn 0.7413 -0.4687 0.4804
vn 0.7413 -0.4687 -0.4804
vn 0.7399 -0.4547 0.4957
vn 0.7399 -0.4547 -0.4957
vn 0.7520 -0.6592 -0.0004
vn -0.5733 -0.5488 0.6084
vn -0.5741 -0.5750 0.5829
vn -0.5743 -0.8187 -0.0005
vn -0.5721 0.0005 0.8202
vn -0.5743 -0.8186 -0.0005
vn -0.5741 -0.5751 -0.5829
vn -0.5741 0.5750 0.5829
vn -0.5732 -0.5488 -0.6084
vn -0.5732 0.5488 0.6084
vn -0.5721 0.0005 -0.8202
vn -0.5743 0.8187 -0.0005
vn -0.5743 0.8186 -0.0005
vn -0.5741 0.5750 -0.5829
vn -0.5732 0.5488 -0.6084
vn -0.0084 0.0034 1.0000
vn -0.6406 0.2399 0.7295
vn 0.0084 -0.0034 1.0000
vn -0.6489 0.2427 0.7211
vn 0.6406 -0.2399 0.7295
vn -0.9366 0.3503 -0.0005
vn 0.6489 -0.2427 0.7211
vn 0.9366 -0.3503 -0.0005
vn -0.6489 0.2427 -0.7211
vn -0.6406 0.2399 -0.7295
vn 0.6489 -0.2427 -0.7211
vn -0.0083 0.0034 -1.0000
vn 0.6406 -0.2399 -0.7295
vn 0.0083 -0.0034 -1.0000
vn -0.0000 0.6402 0.7682
vn -0.0005 0.6402 0.7682
vn -0.0003 0.6402 0.7682
vn -0.0006 0.6402 0.7682
vn 0.9182 0.3962 -0.0004
vn 0.3706 0.9288 -0.0000
vn 0.3707 0.9287 -0.0003
vn 0.0005 1.0000 -0.0005
vn 0.9181 0.3963 -0.0005
vn 0.8722 -0.4891 -0.0005
vn 0.6983 -0.7158 -0.0005
vn 0.6982 -0.7159 -0.0006
vn 0.4742 -0.8804 -0.0005
vn 0.4741 -0.8804 -0.0004
vn -0.4741 -0.8804 -0.0005
vn -0.4742 -0.8804 -0.0005
vn -0.6983 -0.7158 -0.0004
vn -0.6982 -0.7159 -0.0006
vn -0.8722 -0.4891 -0.0005
vn -0.9181 0.3963 -0.0005
vn -0.3708 0.9287 -0.0005
vn -0.0005 1.0000 -0.0004
vn -0.0006 1.0000 -0.0003
vn -0.0003 0.6402 -0.7682
vn -0.0005 0.6402 -0.7682
vn -0.0000 0.6402 -0.7682
vn -0.0006 0.6402 -0.7682
vn 0.0005 -0.6792 0.7339
vn 0.0005 0.0006 1.0000
vn 0.0005 0.0005 1.0000
vn 0.0005 0.6792 0.7339
vn 0.0005 -0.6803 0.7330
vn 0.0005 0.6803 0.7330
vn 0.0005 -1.0000 -0.0005
vn 0.0006 1.0000 -0.0003
vn 0.0005 -0.6803 -0.7330
vn 0.0005 0.6803 -0.7330
vn 0.0005 -0.6792 -0.7339
vn 0.0005 0.6792 -0.7339
vn 0.0005 0.0006 -1.0000
vn 0.0005 0.0005 -1.0000
vn -0.4724 -0.2008 0.8582
vn -0.5350 -0.0142 0.8448
vn -0.5349 -0.0141 0.8448
vn -0.4762 -0.1929 0.8579
vn -0.2126 -0.4736 0.8547
vn -0.2008 -0.4792 0.8544
vn 0.2447 -0.4713 0.8473
vn 0.2878 -0.4529 0.8438
vn 0.4352 -0.4253 0.7935
vn 0.4392 -0.4206 0.7938
vn 0.4890 -0.2741 0.8281
vn 0.4940 -0.2643 0.8283
vn 0.6004 0.0005 0.7997
vn 0.6003 0.0004 0.7998
vn 0.4890 0.2741 0.8281
vn 0.4940 0.2644 0.8283
vn 0.4352 0.4253 0.7935
vn 0.4390 0.4214 0.7935
vn 0.2878 0.4529 0.8438
vn 0.2447 0.4713 0.8473
vn -0.2008 0.4792 0.8544
vn -0.2126 0.4736 0.8547
vn -0.4724 0.2008 0.8582
vn -0.4762 0.1929 0.8579
vn -0.5349 0.0141 0.8448
vn -0.5350 0.0142 0.8448
vn -0.0002 0.6767 0.7363
vn -0.0005 -0.6767 0.7363
vn -0.0005 0.6767 -0.7363
vn -0.0002 -0.6767 -0.7363
vn -0.0004 0.0004 1.0000
vn 0.0112 -0.9999 -0.0004
vn 0.0122 -0.6807 0.7325
vn 0.0122 -0.6746 0.7381
vn 0.0122 0.0003 0.9999
vn 0.0122 -0.6807 -0.7325
vn 0.0122 0.0005 0.9999
vn 0.0122 -0.6746 -0.7381
vn 0.0122 0.6746 0.7381
vn 0.0122 0.0003 -0.9999
vn 0.0122 0.6807 0.7325
vn 0.0122 0.0005 -0.9999
vn 0.0112 0.9999 -0.0004
vn 0.0122 0.6746 -0.7381
vn 0.0122 0.6807 -0.7325
vn -0.0024 -0.6767 -0.7363
vn -0.0023 -1.0000 -0.0006
vn -0.0024 -1.0000 -0.0005
vn -0.0024 -0.6767 0.7363
vn -0.0024 -0.6772 -0.7358
vn -0.0027 -0.6772 0.7358
vn -0.0024 0.0005 -1.0000
vn -0.0024 0.0005 1.0000
vn -0.0025 0.0004 -1.0000
vn -0.0025 0.0004 1.0000
vn -0.0024 0.6767 -0.7363
vn -0.0024 0.6767 0.7363
vn -0.0027 0.6772 -0.7358
vn -0.0024 0.6772 0.7358
vn -0.0023 1.0000 -0.0006
vn -0.0024 1.0000 -0.0005
vn 0.1733 0.4888 0.8550
vn 0.4939 0.1265 0.8603
vn 0.4664 0.1754 0.8670
vn 0.2369 0.4382 0.8671
vn 0.5360 -0.1373 0.8330
vn -0.1733 0.4888 0.8550
vn 0.5395 -0.1246 0.8327
vn -0.2369 0.4382 0.8671
vn 0.2721 -0.3717 0.8876
vn -0.4664 0.1754 0.8670
vn 0.2340 -0.3902 0.8905
vn -0.4939 0.1265 0.8603
vn -0.2340 -0.3902 0.8905
vn -0.5360 -0.1373 0.8330
vn -0.2721 -0.3717 0.8876
vn -0.5394 -0.1247 0.8328
vn -0.7752 0.2485 -0.5807
vn -0.3611 0.7431 -0.5634
vn -0.3433 0.7517 -0.5631
vn 0.3611 0.7431 -0.5634
vn -0.7695 0.2673 -0.5800
vn 0.3433 0.7517 -0.5631
vn -0.7986 -0.1929 -0.5701
vn 0.7752 0.2485 -0.5807
vn -0.7969 -0.1998 -0.5702
vn 0.7695 0.2673 -0.5800
vn -0.4118 -0.6923 -0.5926
vn 0.7986 -0.1928 -0.5701
vn -0.4421 -0.6707 -0.5955
vn 0.7968 -0.1999 -0.5702
vn 0.4421 -0.6708 -0.5955
vn 0.4118 -0.6923 -0.5926
vn -0.4724 -0.2008 -0.8582
vn -0.5348 -0.0141 -0.8448
vn -0.5349 -0.0142 -0.8448
vn -0.4762 -0.1929 -0.8579
vn -0.2126 -0.4735 -0.8547
vn -0.2008 -0.4792 -0.8544
vn 0.2446 -0.4713 -0.8474
vn 0.2878 -0.4529 -0.8438
vn 0.4351 -0.4254 -0.7936
vn 0.4392 -0.4207 -0.7938
vn 0.4890 -0.2741 -0.8281
vn 0.4940 -0.2643 -0.8283
vn 0.6004 0.0005 -0.7997
vn 0.4890 0.2741 -0.8281
vn 0.4940 0.2644 -0.8283
vn 0.4351 0.4254 -0.7936
vn 0.4390 0.4214 -0.7935
vn 0.2878 0.4529 -0.8438
vn 0.2446 0.4713 -0.8474
vn -0.2008 0.4792 -0.8544
vn -0.2126 0.4736 -0.8547
vn -0.4724 0.2008 -0.8582
vn -0.4762 0.1929 -0.8579
vn -0.5351 0.0142 -0.8447
vn -0.5349 0.0142 -0.8448
vn 0.0093 -0.0093 0.9999
vn -0.0005 -0.0093 1.0000
vn -0.0132 -0.0044 0.9999
vn -0.0132 -0.0034 0.9999
vn -0.0083 0.0024 1.0000
vn -0.0054 0.0024 1.0000
vn -0.0015 0.0025 1.0000
vn -0.0005 0.0034 1.0000
vn -0.0005 0.0093 1.0000
vn 0.0015 0.0024 1.0000
vn 0.0005 0.0034 1.0000
vn 0.0054 0.0024 1.0000
vn 0.0083 0.0024 1.0000
vn 0.0132 -0.0034 0.9999
vn 0.0132 -0.0044 0.9999
vn 0.0005 -0.0093 1.0000
vn -0.0093 -0.0093 0.9999
vn -0.0005 -0.6402 0.7682
vn -0.0000 -0.6402 0.7682
vn -0.0003 -0.6402 0.7682
vn -0.0003 0.0003 1.0000
vn 0.0064 -0.6953 0.7187
vn -0.3132 -0.5937 0.7412
vn -0.2790 -0.6083 0.7431
vn 0.0064 -0.6952 0.7188
vn -0.6695 -0.2320 0.7056
vn -0.6842 -0.1880 0.7047
vn -0.6238 0.3864 0.6794
vn -0.5436 0.5309 0.6501
vn -0.5534 0.6276 0.5476
vn -0.5524 0.6286 0.5475
vn -0.4519 0.6356 0.6259
vn -0.3971 0.6668 0.6306
vn -0.0005 0.7997 0.6004
vn 0.4519 0.6356 0.6259
vn 0.3971 0.6668 0.6306
vn 0.5534 0.6276 0.5476
vn 0.5524 0.6286 0.5475
vn 0.5436 0.5309 0.6501
vn 0.6238 0.3864 0.6794
vn 0.6842 -0.1880 0.7047
vn 0.6695 -0.2320 0.7056
vn 0.3141 -0.5935 0.7410
vn 0.2790 -0.6083 0.7431
vn -0.0064 -0.6953 0.7187
vn -0.0007 0.6402 -0.7682
vn 0.7071 -0.7071 -0.0000
vn 0.7071 0.7071 -0.0000
vn 0.7071 0.7071 -0.0005
vn 0.0034 0.7002 0.7139
vn 0.2486 0.6131 0.7498
vn 0.2398 0.6168 0.7497
vn 0.6013 0.2652 0.7537
vn 0.6061 0.2544 0.7536
vn 0.6100 -0.3258 0.7223
vn 0.5898 -0.3738 0.7158
vn 0.5466 -0.5554 0.6267
vn 0.5387 -0.5632 0.6266
vn 0.3552 -0.6356 0.6854
vn 0.3425 -0.6415 0.6865
vn -0.0005 -0.7579 0.6524
vn -0.3552 -0.6356 0.6854
vn -0.3425 -0.6415 0.6864
vn -0.5466 -0.5554 0.6267
vn -0.5387 -0.5631 0.6266
vn -0.5898 -0.3738 0.7158
vn -0.6100 -0.3258 0.7223
vn -0.6061 0.2544 0.7536
vn -0.6013 0.2652 0.7537
vn -0.2486 0.6131 0.7499
vn -0.2398 0.6168 0.7497
vn -0.0034 0.6998 0.7144
vn -0.0034 0.6997 0.7144
vn -0.0005 -0.6402 -0.7682
vn -0.0003 -0.6402 -0.7682
vn -0.0006 -0.6402 -0.7682
vn -0.0000 -0.6402 -0.7682
vn -0.0004 0.0004 -1.0000
vn -0.0003 0.0003 -1.0000
vn -0.0005 -0.0093 -1.0000
vn -0.0132 -0.0044 -0.9999
vn -0.0005 -0.0094 -1.0000
vn 0.0093 -0.0093 -0.9999
vn -0.0132 -0.0034 -0.9999
vn -0.0083 0.0025 -1.0000
vn -0.0054 0.0024 -1.0000
vn -0.0015 0.0025 -1.0000
vn -0.0005 0.0034 -1.0000
vn -0.0005 0.0093 -1.0000
vn 0.0015 0.0025 -1.0000
vn 0.0005 0.0034 -1.0000
vn 0.0054 0.0024 -1.0000
vn 0.0083 0.0025 -1.0000
vn 0.0132 -0.0034 -0.9999
vn 0.0131 -0.0044 -0.9999
vn 0.0005 -0.0093 -1.0000
vn -0.0093 -0.0093 -0.9999
vn -0.0007 -0.6403 0.7682
vn -0.3132 -0.5937 -0.7413
vn 0.0064 -0.6953 -0.7187
vn 0.0063 -0.6953 -0.7187
vn -0.2790 -0.6083 -0.7431
vn -0.6695 -0.2320 -0.7057
vn -0.6842 -0.1880 -0.7047
vn -0.6238 0.3864 -0.6794
vn -0.5436 0.5309 -0.6501
vn -0.5534 0.6276 -0.5476
vn -0.5524 0.6286 -0.5475
vn -0.4519 0.6356 -0.6259
vn -0.3971 0.6668 -0.6306
vn -0.0005 0.7997 -0.6004
vn 0.4519 0.6356 -0.6259
vn 0.3971 0.6668 -0.6306
vn 0.5534 0.6276 -0.5476
vn 0.5524 0.6286 -0.5475
vn 0.5436 0.5309 -0.6501
vn 0.6238 0.3864 -0.6794
vn 0.6842 -0.1880 -0.7047
vn 0.6695 -0.2320 -0.7056
vn 0.3141 -0.5935 -0.7410
vn 0.2790 -0.6083 -0.7431
vn -0.0064 -0.6952 -0.7187
vn -0.0064 -0.6953 -0.7187
vn 0.2486 0.6131 -0.7499
vn 0.0034 0.7002 -0.7139
vn 0.2398 0.6168 -0.7497
vn 0.6013 0.2652 -0.7537
vn 0.6061 0.2544 -0.7536
vn 0.6100 -0.3258 -0.7223
vn 0.5898 -0.3738 -0.7158
vn 0.5466 -0.5554 -0.6267
vn 0.5387 -0.5631 -0.6266
vn 0.3552 -0.6356 -0.6855
vn 0.3425 -0.6415 -0.6864
vn -0.0005 -0.7579 -0.6524
vn -0.3552 -0.6356 -0.6855
vn -0.3425 -0.6415 -0.6865
vn -0.5466 -0.5554 -0.6267
vn -0.5387 -0.5631 -0.6266
vn -0.5898 -0.3738 -0.7158
vn -0.6100 -0.3258 -0.7223
vn -0.6061 0.2544 -0.7536
vn -0.6013 0.2652 -0.7537
vn -0.2487 0.6131 -0.7499
vn -0.2398 0.6168 -0.7497
vn -0.0034 0.6997 -0.7144
vn 0.6865 0.1168 0.7177
vn 0.9380 0.3442 -0.0406
vn 0.0347 -0.1382 0.9898
vn 0.8121 0.5728 -0.1109
vn 0.5113 0.3179 -0.7984
vn -0.6081 -0.3092 0.7312
vn 0.5869 0.4716 0.6582
vn 0.0367 0.1206 0.9920
vn 0.2477 0.6767 0.6933
vn 0.5058 0.8626 0.0113
vn -0.5655 -0.3446 0.7493
vn -0.9437 -0.3308 -0.0024
vn -0.0943 0.1539 0.9836
vn -0.1119 0.0405 0.9929
vn -0.4217 -0.4920 0.7617
vn 0.0317 0.6717 0.7401
vn -0.2156 -0.6330 0.7435
vn -0.3403 0.0513 0.9389
vn -0.1745 -0.9846 0.0073
vn -0.2800 -0.6630 0.6943
vn -0.2272 0.7294 0.6453
vn 0.1714 0.9852 0.0054
vn -0.8813 0.0190 0.4721
vn 0.0600 0.9937 -0.0943
vn 0.2144 0.5866 -0.7810
vn -0.5428 0.7812 0.3083
vn 0.1255 0.9912 -0.0415
vn -0.7167 0.6972 -0.0171
vn 0.0181 0.9998 -0.0044
vn -0.9996 0.0005 -0.0288
vn 0.7291 0.6842 -0.0142
vn -0.7263 -0.6872 -0.0171
vn -0.5806 -0.7564 0.3013
vn -0.0201 -0.9998 -0.0044
vn 0.6756 0.6355 -0.3737
vn 0.9997 -0.0054 -0.0229
vn 0.3160 0.5974 -0.7371
vn 0.8631 -0.0376 -0.5036
vn 0.3727 -0.0513 -0.9265
vn 0.6237 -0.6872 -0.3726
vn 0.7090 -0.7051 -0.0132
vn 0.1314 -0.1265 -0.9832
vn 0.2497 -0.6689 -0.7002
vn 0.0571 -0.9969 -0.0542
vn -0.0259 -0.9986 -0.0464
vn -0.0190 -0.7267 -0.6867
vn 0.0552 -0.2418 -0.9687
vn -0.2955 -0.7000 -0.6501
vn -0.5156 -0.8567 0.0112
vn -0.8073 -0.5895 -0.0298
vn -0.5547 -0.4462 -0.7023
vn -0.6874 -0.1441 -0.7118
vn -0.0923 -0.1236 -0.9880
vn 0.4323 0.4186 -0.7987
vn 0.4528 0.2740 -0.8485
vn -0.1461 0.0962 -0.9846
vn -0.6220 -0.0640 -0.7804
vn -0.0007 -0.6402 -0.7682
vn -0.0005 0.6883 0.7254
vn -0.0005 -0.6883 0.7254
vn -0.0005 0.6883 -0.7254
vn -0.0005 -0.6883 -0.7254
vn 0.4126 0.8971 0.1577
vn -0.4331 0.8873 0.1587
vn -0.4127 0.8971 0.1577
vn -0.9345 0.3181 0.1597
vn 0.4331 0.8873 0.1587
vn -0.9395 0.3034 0.1588
vn 0.9345 0.3180 0.1597
vn -0.9613 -0.2379 0.1392
vn 0.9395 0.3034 0.1588
vn -0.9620 -0.2350 0.1392
vn 0.9612 -0.2380 0.1393
vn -0.5341 -0.8262 0.1793
vn 0.9620 -0.2349 0.1393
vn -0.5222 -0.8338 0.1793
vn 0.5340 -0.8262 0.1793
vn 0.5221 -0.8338 0.1793
vn 0.3573 0.0005 0.9340
vn 0.3573 0.0004 0.9340
vn 0.3590 -0.6452 0.6744
vn 0.3590 0.6452 0.6744
vn 0.3589 -0.6275 0.6910
vn 0.3589 0.6275 0.6910
vn 0.3589 -0.9334 -0.0004
vn 0.3589 0.9334 -0.0004
vn 0.3590 -0.9333 -0.0004
vn 0.3591 0.9333 -0.0003
vn 0.3590 -0.6452 -0.6744
vn 0.3590 0.6452 -0.6744
vn 0.3589 -0.6275 -0.6910
vn 0.3589 0.6275 -0.6910
vn 0.3573 0.0005 -0.9340
vn 0.3573 0.0004 -0.9340
vn 0.5741 0.5750 0.5829
vn 0.5720 0.0005 0.8202
vn 0.5721 0.0005 0.8202
vn 0.5741 -0.5750 0.5829
vn 0.5733 0.5488 0.6084
vn 0.5732 -0.5488 0.6084
vn 0.5744 0.8186 -0.0004
vn 0.5743 -0.8186 -0.0005
vn 0.5743 0.8187 -0.0005
vn 0.5741 0.5750 -0.5829
vn 0.5741 -0.5750 -0.5829
vn 0.5732 0.5488 -0.6084
vn 0.5732 -0.5488 -0.6084
vn 0.5720 0.0005 -0.8202
vn 0.5721 0.0005 -0.8202
vn -0.0063 -0.6792 -0.7339
vn -0.0064 0.0006 -1.0000
vn -0.0064 0.0005 -1.0000
vn -0.0063 0.6792 -0.7339
vn -0.0064 -0.6797 -0.7335
vn -0.0064 0.6797 -0.7335
vn -0.0054 -1.0000 -0.0005
vn -0.0054 1.0000 -0.0004
vn -0.0054 1.0000 -0.0005
vn -0.0064 -0.6797 0.7335
vn -0.0064 0.6797 0.7335
vn -0.0063 -0.6792 0.7339
vn -0.0063 0.6792 0.7339
vn -0.0064 0.0006 1.0000
vn -0.0064 0.0005 1.0000
vn 0.4421 0.1922 0.8761
vn 0.5126 -0.0190 0.8584
vn 0.5126 -0.0191 0.8584
vn 0.4463 0.1813 0.8763
vn 0.1900 0.4714 0.8612
vn 0.1705 0.4803 0.8604
vn -0.2828 0.4459 0.8492
vn -0.3796 0.3982 0.8350
vn -0.4863 0.4296 0.7609
vn -0.4872 0.4286 0.7609
vn -0.4794 0.3338 0.8117
vn -0.4967 0.3004 0.8143
vn -0.6181 0.0005 0.7861
vn -0.4794 -0.3338 0.8117
vn -0.4968 -0.3004 0.8142
vn -0.4863 -0.4296 0.7609
vn -0.4872 -0.4286 0.7609
vn -0.3798 -0.3974 0.8354
vn -0.2828 -0.4459 0.8492
vn 0.1705 -0.4803 0.8604
vn 0.1900 -0.4714 0.8612
vn 0.4423 -0.1919 0.8761
vn 0.4462 -0.1813 0.8763
vn 0.5126 0.0191 0.8584
vn 0.5125 0.0191 0.8585
vn -0.3132 0.0288 -0.9493
vn 0.9336 0.1023 -0.3433
vn 0.4000 0.1255 -0.9079
vn 0.9284 0.1558 -0.3375
vn -0.8790 -0.0884 -0.4686
vn 0.3746 0.0347 -0.9265
vn -0.2653 -0.2125 -0.9405
vn 0.8610 0.3091 -0.4039
vn 0.8792 0.0904 0.4677
vn 0.7802 0.4314 -0.4529
vn 0.7939 0.4265 0.4333
vn 0.2995 -0.1813 0.9367
vn 0.2896 -0.0298 0.9567
vn -0.4512 -0.1960 0.8706
vn -0.4312 -0.1284 0.8931
vn -0.9358 -0.1578 0.3152
vn 0.1842 0.2468 0.9514
vn -0.4813 -0.0963 0.8712
vn -0.7843 -0.3963 -0.4774
vn -0.8841 -0.3705 0.2846
vn -0.5312 0.0748 0.8439
vn 0.0230 0.5985 0.8008
vn -0.5674 -0.7541 -0.3308
vn -0.7814 -0.4989 0.3748
vn -0.7829 0.2974 0.5465
vn 0.5896 0.7615 0.2691
vn -0.0562 -0.5749 -0.8163
vn -0.3639 -0.9227 -0.1275
vn 0.4722 -0.1245 -0.8726
vn 0.2359 -0.8121 -0.5338
vn 0.8506 0.3688 -0.3747
vn 0.7087 -0.2897 -0.6433
vn 0.9058 -0.3120 -0.2866
vn 0.4477 -0.8676 -0.2163
vn -0.8228 -0.4732 0.3149
vn -0.2897 -0.9570 -0.0181
vn 0.9002 -0.2945 -0.3209
vn 0.8826 0.4264 -0.1978
vn 0.5026 0.8601 0.0874
vn -0.4039 -0.6139 -0.6783
vn -0.4040 -0.6345 -0.6589
vn -0.4023 0.0005 -0.9155
vn -0.4031 -0.9151 -0.0004
vn -0.4022 0.0005 -0.9155
vn -0.4031 -0.9152 -0.0005
vn -0.4040 0.6345 -0.6589
vn -0.4040 -0.6345 0.6589
vn -0.4039 0.6139 -0.6783
vn -0.4039 -0.6139 0.6783
vn -0.4031 0.9152 -0.0006
vn -0.4023 0.0004 0.9155
vn -0.4031 0.9151 -0.0005
vn -0.4023 0.0005 0.9155
vn -0.4040 0.6345 0.6589
vn -0.4039 0.6139 0.6783
vn 0.6812 0.4850 -0.5484
vn 0.5362 -0.8440 -0.0112
vn -0.2095 0.8610 0.4635
vn 0.3054 0.9522 0.0073
vn -0.4628 0.8665 0.1872
vn -0.0826 0.9182 -0.3875
vn -0.9216 0.2965 0.2506
vn 0.8104 -0.3581 -0.4636
vn -0.6864 0.7255 0.0503
vn -0.8731 -0.4530 0.1803
vn -0.0864 -0.9422 0.3238
vn -0.6319 -0.5322 0.5635
vn -0.8729 0.1490 0.4645
vn -0.3122 -0.2038 0.9279
vn -0.7707 0.2615 0.5811
vn -0.7969 0.5849 -0.1510
vn -0.1285 0.2282 0.9651
vn 0.7275 -0.6406 0.2457
vn 0.2673 -0.5517 0.7901
vn 0.4502 -0.1374 0.8823
vn 0.8432 -0.4292 0.3237
vn 0.7522 -0.4766 -0.4550
vn 0.8831 -0.4374 0.1696
vn 0.3622 0.1481 -0.9203
vn 0.5263 -0.7101 -0.4677
vn 0.7107 0.0874 0.6980
vn -0.3308 0.5204 -0.7872
vn 0.1686 -0.2468 -0.9543
vn -0.5192 0.1246 -0.8455
vn -0.1881 -0.5487 -0.8146
vn -0.8709 0.4459 -0.2066
vn 0.7552 -0.6242 0.1999
vn 0.1685 -0.9548 -0.2447
vn -0.7735 -0.0152 -0.6337
vn -0.5428 -0.6639 -0.5144
vn -0.7558 -0.6024 -0.2565
vn -0.8819 0.0288 -0.4705
vn -0.8483 0.5230 -0.0825
vn -0.6751 0.4874 0.5538
vn -0.4526 0.7367 0.5024
vn 0.1676 0.5497 0.8184
vn -0.1489 0.9683 0.2007
vn -0.6990 0.6892 -0.1910
vn 0.8553 0.0767 0.5124
vn 0.4724 0.7205 0.5076
vn 0.1519 0.9579 -0.2437
vn -0.4168 0.7080 -0.5702
vn -0.7789 0.1030 -0.6187
vn 0.8457 0.0259 0.5330
vn 0.6954 0.6954 0.1813
vn 0.8655 0.4999 0.0327
vn 0.4422 -0.6425 0.6259
vn -0.0386 0.3972 -0.9169
vn -0.6047 0.0181 -0.7963
vn 0.5223 0.5956 -0.6103
vn 0.1480 0.1372 -0.9794
vn -0.8902 -0.4175 -0.1821
vn 0.7244 0.3698 -0.5818
vn -0.4929 -0.1646 -0.8544
vn 0.1207 0.1969 -0.9730
vn 0.8962 0.3931 0.2056
vn -0.8958 -0.3875 -0.2175
vn -0.6004 -0.5486 0.5818
vn -0.2380 -0.9210 0.3083
vn -0.4001 -0.2692 -0.8760
vn -0.7479 -0.3590 0.5583
vn 0.0572 -0.3347 0.9406
vn -0.1871 -0.1255 0.9743
vn 0.6950 0.0884 0.7135
vn 0.4745 0.1715 0.8634
vn 0.7224 0.5837 0.3707
vn 0.3463 0.1851 0.9197
vn -0.1725 -0.2594 0.9502
vn 0.1539 0.4723 0.8679
vn -0.6295 -0.6032 0.4898
vn -0.2966 -0.2008 0.9337
vn -0.7305 -0.6123 -0.3025
vn -0.5613 -0.7293 0.3913
vn -0.6288 0.0425 0.7764
vn -0.4452 -0.8137 -0.3738
vn -0.0718 -0.4556 -0.8873
vn -0.3141 -0.9119 -0.2642
vn -0.6816 -0.6278 0.3758
vn 0.2195 -0.6408 -0.7356
vn 0.2928 0.1119 -0.9496
vn 0.5144 0.6591 -0.5486
vn 0.6250 0.5996 -0.4999
vn 0.4843 0.8489 0.2116
vn 0.6922 0.5974 -0.4049
vn 0.6122 -0.0337 -0.7900
vn 0.3700 0.9008 0.2272
vn -0.1880 0.6707 0.7175
vn 0.6560 0.6580 -0.3698
vn 0.2096 0.9582 0.1950
vn -0.3865 0.6083 0.6933
vn 0.6843 0.0073 -0.7292
vn 0.0904 0.7404 -0.6661
vn 0.4619 0.0689 -0.8842
vn 0.3337 -0.6787 -0.6542
vn 0.3170 0.5368 -0.7819
vn -0.1841 -0.9734 -0.1363
vn 0.5075 -0.5974 -0.6209
vn 0.7966 0.2760 -0.5378
vn -0.1577 0.8454 -0.5103
vn -0.4675 0.8788 0.0962
vn 0.9845 0.1715 0.0376
vn -0.3668 0.9294 0.0415
vn -0.5803 0.3407 0.7397
vn 0.4195 -0.9069 0.0396
vn -0.5525 -0.7059 0.4431
vn 0.1413 -0.7131 0.6867
vn 0.7347 0.2133 0.6439
vn -0.2643 0.7539 0.6015
vn 0.1891 0.4315 0.8820
vn -0.2497 -0.2341 0.9396
vn -0.6347 -0.0982 0.7665
vn 0.4421 0.1922 -0.8761
vn 0.5126 -0.0191 -0.8584
vn 0.5125 -0.0191 -0.8585
vn 0.4462 0.1813 -0.8764
vn 0.1900 0.4714 -0.8612
vn 0.1705 0.4803 -0.8604
vn -0.2828 0.4459 -0.8492
vn -0.3796 0.3982 -0.8350
vn -0.4862 0.4296 -0.7610
vn -0.4872 0.4286 -0.7609
vn -0.4794 0.3338 -0.8117
vn -0.4967 0.3004 -0.8143
vn -0.6180 0.0003 -0.7862
vn -0.6181 0.0005 -0.7861
vn -0.4794 -0.3338 -0.8117
vn -0.4967 -0.3004 -0.8143
vn -0.4863 -0.4296 -0.7609
vn -0.4872 -0.4286 -0.7609
vn -0.3798 -0.3974 -0.8354
vn -0.2828 -0.4459 -0.8492
vn 0.1705 -0.4803 -0.8604
vn 0.1900 -0.4714 -0.8612
vn 0.4421 -0.1922 -0.8761
vn 0.4462 -0.1813 -0.8764
vn 0.5126 0.0191 -0.8584
vn 0.5126 0.0190 -0.8584
vn -0.3868 -0.9222 -0.0000
vn -0.3866 -0.9222 -0.0004
vn -0.3867 -0.9222 -0.0003
vn -0.0005 -0.6792 -0.7339
vn -0.0005 -0.6792 0.7339
vn -0.0005 -0.6793 0.7339
vn -0.0005 0.6792 -0.7339
vn -0.0005 0.6793 -0.7339
vn -0.0005 0.6792 0.7339
vn -0.7892 0.6142 -0.0005
vn -0.9600 -0.2799 -0.0005
vn -0.6618 0.7497 -0.0005
vn -0.4482 -0.8939 -0.0004
vn -0.5436 0.8393 -0.0003
vn -0.0044 -1.0000 -0.0004
vn -0.5436 0.8393 -0.0004
vn 0.5437 0.8393 -0.0002
vn 0.5439 0.8391 -0.0000
vn 0.6618 0.7497 -0.0005
vn 0.7892 0.6142 -0.0005
vn 0.7891 0.6142 -0.0005
vn 0.9600 -0.2799 -0.0005
vn 0.9600 -0.2800 -0.0004
vn 0.4482 -0.8939 -0.0004
vn 0.4483 -0.8939 -0.0004
vn 0.0034 -1.0000 -0.0005
vn -0.7507 -0.4410 -0.4919
vn -0.7547 -0.6560 -0.0005
vn -0.7507 -0.4410 0.4919
vn -0.7516 -0.4703 -0.4625
vn -0.7516 -0.4703 0.4625
vn -0.7469 0.0005 -0.6649
vn -0.7470 0.0005 0.6649
vn -0.7470 0.0005 -0.6649
vn -0.7516 0.4703 -0.4625
vn -0.7516 0.4703 0.4625
vn -0.7507 0.4410 -0.4919
vn -0.7507 0.4410 0.4919
vn -0.7547 0.6560 -0.0005
vn 0.4175 -0.7828 -0.4615
vn 0.6219 -0.7831 -0.0004
vn 0.4175 -0.7828 0.4615
vn 0.4470 -0.7831 -0.4324
vn 0.4470 -0.7831 0.4324
vn -0.0004 -0.7831 -0.6219
vn -0.0004 -0.7831 0.6219
vn -0.0000 -0.7833 -0.6217
vn -0.4470 -0.7831 -0.4324
vn -0.4175 -0.7828 0.4615
vn -0.4175 -0.7828 -0.4615
vn -0.4470 -0.7831 0.4324
vn -0.6219 -0.7831 -0.0004
vn -0.6218 -0.7832 -0.0003
vn -0.4607 0.5955 0.6581
vn -0.4607 0.8876 -0.0005
vn -0.4607 0.5955 -0.6581
vn -0.4607 -0.8876 -0.0003
vn 0.0024 0.0003 -1.0000
vn 0.0024 0.0005 -1.0000
vn 0.0024 -0.6792 -0.7339
vn 0.0024 0.6792 -0.7339
vn 0.0024 -0.6797 -0.7335
vn 0.0024 0.6797 -0.7335
vn 0.0015 -1.0000 -0.0005
vn 0.0015 1.0000 -0.0005
vn 0.0015 -1.0000 -0.0004
vn 0.0015 1.0000 -0.0004
vn 0.0024 -0.6797 0.7335
vn 0.0024 0.6797 0.7335
vn 0.0024 -0.6792 0.7339
vn 0.0024 0.6792 0.7339
vn 0.0025 0.0005 1.0000
vn 0.0024 0.0003 1.0000
vn 0.4586 0.0007 -0.8886
vn 0.4608 0.6182 -0.6368
vn 0.4608 -0.6182 -0.6367
vn 0.4607 0.5956 -0.6581
vn 0.4607 0.8876 -0.0005
vn 0.4657 -0.8850 -0.0005
vn 0.4657 -0.8849 -0.0005
vn 0.4655 -0.6170 -0.6345
vn 0.4655 -0.6170 0.6345
vn 0.4657 -0.5937 -0.6562
vn 0.4657 -0.5937 0.6562
vn 0.4644 0.0004 -0.8856
vn 0.4644 0.0004 0.8856
vn 0.4645 0.0005 -0.8856
vn 0.4645 0.0005 0.8856
vn 0.4655 0.6170 -0.6345
vn 0.4655 0.6170 0.6345
vn 0.4657 0.5937 -0.6562
vn 0.4657 0.5937 0.6562
vn 0.4657 0.8849 -0.0003
vn 0.4657 0.8850 -0.0005
vn 0.0015 -0.6792 0.7339
vn 0.0015 0.0005 1.0000
vn 0.0018 0.6792 0.7339
vn 0.0015 -0.6803 0.7330
vn 0.0015 0.6803 0.7330
vn 0.0014 -1.0000 -0.0004
vn 0.0014 1.0000 -0.0004
vn 0.0015 -0.6803 -0.7330
vn 0.0015 0.6803 -0.7330
vn 0.0018 -0.6792 -0.7339
vn 0.0015 0.6792 -0.7339
vn 0.0015 0.0005 -1.0000
vn 0.0014 0.0003 -1.0000
vn 0.3588 -0.9334 -0.0003
vn 0.3588 0.9334 -0.0003
vn 0.3590 0.9333 -0.0004
vn 0.3572 0.0006 -0.9340
vn -0.8511 -0.5249 -0.0006
vn 0.5389 0.5389 0.6474
vn 0.5390 0.5390 -0.6473
vn 0.5389 -0.5390 0.6474
vn 0.5390 -0.5390 -0.6473
vn -0.5799 -0.5496 -0.6014
vn -0.5800 -0.5780 -0.5741
vn -0.5800 -0.0000 -0.8146
vn -0.5800 -0.8146 -0.0005
vn -0.5800 -0.8146 -0.0006
vn -0.5800 0.5780 -0.5741
vn -0.5800 -0.5780 0.5741
vn -0.5799 0.5496 -0.6014
vn -0.5799 -0.5496 0.6014
vn -0.5800 0.8146 -0.0000
vn -0.5800 0.0007 0.8146
vn -0.5800 0.0006 0.8146
vn -0.5800 0.5780 0.5741
vn -0.5799 0.5496 0.6014
vn 0.4646 0.0005 0.8855
vn 0.4657 0.8850 -0.0006
vn 0.4657 0.8849 -0.0005
vn 0.6402 -0.0000 0.7682
vn 0.6402 0.0005 0.7682
vn 0.6402 0.0005 -0.7682
vn 0.6402 0.0003 -0.7682
vn 0.6402 -0.0000 -0.7682
vn 0.6402 0.0003 0.7682
vn 0.6402 0.0006 0.7682
vn 0.7071 -0.7071 -0.0006
vn 0.7071 -0.7071 -0.0003
vn -0.9031 0.0005 0.4294
vn -0.9031 0.2877 0.3189
vn -0.9032 0.3112 0.2956
vn -0.9031 0.0005 0.4293
vn -0.9031 0.4294 -0.0005
vn -0.9031 -0.2877 0.3189
vn -0.9031 0.4293 -0.0005
vn -0.9032 -0.3112 0.2955
vn -0.9031 0.2877 -0.3189
vn -0.9031 -0.4294 -0.0005
vn -0.9032 0.3112 -0.2956
vn -0.9032 0.0004 -0.4293
vn -0.9031 -0.2877 -0.3189
vn -0.9031 0.0005 -0.4293
vn -0.9032 -0.3112 -0.2956
vn 0.6402 0.0007 -0.7682
vn 0.6221 0.5537 0.5536
vn 0.6208 0.0005 0.7840
vn 0.6208 0.0005 0.7839
vn 0.6221 -0.5537 0.5536
vn 0.6219 0.5252 0.5809
vn 0.6219 -0.5252 0.5809
vn 0.6230 0.7822 -0.0004
vn 0.6230 -0.7822 -0.0004
vn 0.6230 0.7822 -0.0005
vn 0.6230 -0.7823 -0.0005
vn 0.6221 0.5537 -0.5536
vn 0.6221 -0.5536 -0.5537
vn 0.6219 0.5252 -0.5809
vn 0.6219 -0.5252 -0.5809
vn 0.6208 0.0005 -0.7840
vn -0.5886 0.8084 -0.0004
vn 0.3553 0.9348 -0.0004
vn 0.3553 0.9348 -0.0005
vn 0.9219 0.3874 -0.0005
vn -0.7502 0.6612 -0.0005
vn 0.9219 0.3874 -0.0006
vn 0.9993 -0.0366 -0.0005
vn 0.9993 -0.0367 -0.0004
vn -0.8467 0.5320 -0.0005
vn -0.8468 0.5320 -0.0003
vn -0.8468 -0.5320 -0.0003
vn -0.8468 -0.5319 -0.0000
vn -0.7502 -0.6612 -0.0006
vn -0.7502 -0.6612 -0.0005
vn -0.5886 -0.8084 -0.0005
vn -0.5886 -0.8084 -0.0004
vn 0.3553 -0.9348 -0.0004
vn 0.3553 -0.9348 -0.0005
vn 0.9219 -0.3874 -0.0005
vn 0.9219 -0.3873 -0.0000
vn 0.9993 0.0366 -0.0005
vn 0.9993 0.0367 -0.0005
vn 0.0005 0.0004 -1.0000
vn 0.0005 0.6802 -0.7330
vn 0.0005 -0.6802 -0.7330
vn 0.0006 -0.6802 -0.7330
vn 0.0006 -1.0000 -0.0003
vn 0.0005 0.6802 0.7330
vn 0.0005 -0.6802 0.7330
vn 0.0006 0.6802 0.7330
vn 0.0005 0.0004 1.0000
vt 0.000000 0.000000
s 1
f 1/1/1 2/1/1 3/1/1
f 3/1/1 2/1/1 4/1/1
f 5/1/1 6/1/1 7/1/1
f 7/1/1 6/1/1 8/1/1
f 9/1/1 10/1/1 11/1/1
f 10/1/1 9/1/1 12/1/1
f 13/1/1 14/1/1 15/1/1
f 14/1/1 13/1/1 16/1/1
f 17/1/1 18/1/1 19/1/1
f 19/1/1 20/1/1 17/1/1
f 21/1/1 22/1/1 23/1/1
f 22/1/1 21/1/1 24/1/1
f 25/1/1 26/1/1 27/1/1
f 27/1/1 28/1/1 25/1/1
f 29/1/1 30/1/1 31/1/1
f 30/1/1 29/1/1 32/1/1
f 29/1/1 31/1/1 33/1/1
f 33/1/1 31/1/1 34/1/1
f 34/1/1 31/1/1 35/1/1
f 34/1/1 35/1/1 36/1/1
f 37/1/2 38/1/3 39/1/4
f 39/1/4 38/1/3 40/1/5
f 38/1/3 37/1/2 41/1/6
f 38/1/3 42/1/7 40/1/5
f 37/1/2 43/1/8 41/1/6
f 44/1/9 40/1/5 42/1/7
f 43/1/8 37/1/2 45/1/8
f 40/1/5 44/1/9 46/1/10
f 47/1/11 43/1/8 45/1/8
f 44/1/9 48/1/12 46/1/10
f 43/1/8 47/1/11 49/1/13
f 48/1/12 44/1/9 50/1/14
f 47/1/11 51/1/15 49/1/13
f 51/1/15 48/1/12 50/1/14
f 51/1/15 47/1/11 52/1/16
f 48/1/12 51/1/15 52/1/16
f 53/1/1 54/1/1 55/1/1
f 53/1/1 55/1/1 56/1/1
f 57/1/17 58/1/17 59/1/17
f 59/1/17 60/1/17 57/1/17
f 61/1/18 62/1/19 63/1/18
f 63/1/18 64/1/19 61/1/18
f 65/1/20 66/1/21 67/1/20
f 66/1/21 65/1/20 68/1/21
f 69/1/20 70/1/22 71/1/20
f 71/1/20 72/1/21 69/1/20
f 73/1/23 74/1/23 75/1/23
f 74/1/23 73/1/23 76/1/23
f 77/1/23 78/1/23 79/1/24
f 78/1/23 77/1/23 80/1/24
f 81/1/25 82/1/25 83/1/25
f 83/1/25 84/1/25 81/1/25
f 85/1/26 86/1/26 87/1/25
f 86/1/26 85/1/26 88/1/25
f 89/1/27 90/1/28 91/1/29
f 90/1/28 89/1/27 92/1/30
f 89/1/27 93/1/31 92/1/30
f 91/1/29 90/1/28 94/1/32
f 95/1/33 94/1/32 90/1/28
f 96/1/34 94/1/32 95/1/33
f 91/1/29 94/1/32 97/1/35
f 89/1/27 91/1/29 97/1/35
f 94/1/32 96/1/34 98/1/36
f 94/1/32 98/1/36 97/1/35
f 93/1/31 89/1/27 99/1/37
f 99/1/37 89/1/27 97/1/35
f 100/1/38 93/1/31 99/1/37
f 100/1/38 99/1/37 97/1/35
f 93/1/31 100/1/38 101/1/39
f 101/1/39 100/1/38 102/1/40
f 103/1/41 100/1/38 97/1/35
f 103/1/41 102/1/40 100/1/38
f 98/1/36 104/1/42 97/1/35
f 104/1/42 103/1/41 97/1/35
f 104/1/42 102/1/40 103/1/41
f 98/1/36 96/1/34 104/1/42
f 102/1/40 104/1/42 105/1/43
f 105/1/43 104/1/42 96/1/34
f 106/1/44 107/1/45 108/1/23
f 106/1/44 108/1/23 109/1/24
f 110/1/46 111/1/46 112/1/46
f 111/1/46 110/1/46 113/1/46
f 114/1/46 112/1/46 111/1/46
f 115/1/46 113/1/46 110/1/46
f 112/1/46 114/1/46 116/1/46
f 113/1/46 115/1/46 117/1/46
f 118/1/46 116/1/46 114/1/46
f 115/1/46 119/1/46 117/1/46
f 114/1/46 120/1/46 118/1/46
f 119/1/46 115/1/46 121/1/46
f 122/1/46 118/1/46 120/1/46
f 123/1/46 119/1/46 121/1/46
f 122/1/46 120/1/46 124/1/46
f 119/1/46 123/1/46 125/1/46
f 122/1/46 125/1/46 123/1/46
f 125/1/46 122/1/46 124/1/46
f 126/1/25 127/1/25 128/1/47
f 127/1/25 126/1/25 129/1/47
f 130/1/48 131/1/49 132/1/50
f 131/1/49 133/1/51 132/1/50
f 131/1/49 134/1/52 133/1/51
f 131/1/49 135/1/52 134/1/52
f 132/1/50 136/1/53 130/1/48
f 137/1/54 130/1/48 136/1/53
f 136/1/53 138/1/55 137/1/54
f 139/1/56 137/1/54 138/1/55
f 138/1/55 140/1/57 139/1/56
f 141/1/58 139/1/56 140/1/57
f 140/1/57 142/1/46 141/1/58
f 143/1/46 141/1/58 142/1/46
f 142/1/46 144/1/59 143/1/46
f 144/1/59 142/1/46 145/1/60
f 146/1/61 144/1/59 145/1/60
f 146/1/61 145/1/60 147/1/61
f 147/1/61 148/1/62 146/1/61
f 148/1/62 147/1/61 149/1/63
f 150/1/64 148/1/62 149/1/63
f 150/1/64 149/1/63 151/1/65
f 150/1/64 151/1/65 152/1/66
f 152/1/66 151/1/65 153/1/67
f 153/1/67 154/1/68 152/1/66
f 155/1/69 152/1/66 154/1/68
f 156/1/70 157/1/71 158/1/72
f 159/1/73 156/1/70 158/1/72
f 157/1/71 156/1/70 160/1/74
f 156/1/70 159/1/73 161/1/73
f 162/1/75 157/1/71 160/1/74
f 161/1/73 159/1/73 163/1/76
f 157/1/71 162/1/75 164/1/77
f 159/1/73 165/1/78 163/1/76
f 166/1/79 164/1/77 162/1/75
f 167/1/80 163/1/76 165/1/78
f 168/1/79 166/1/79 162/1/75
f 163/1/76 167/1/80 169/1/81
f 170/1/82 166/1/79 168/1/79
f 169/1/81 167/1/80 170/1/82
f 166/1/79 170/1/82 171/1/83
f 167/1/80 171/1/83 170/1/82
f 172/1/46 173/1/46 174/1/46
f 175/1/46 172/1/46 174/1/46
f 173/1/46 172/1/46 176/1/46
f 172/1/46 175/1/46 177/1/46
f 178/1/46 173/1/46 176/1/46
f 175/1/46 179/1/46 177/1/46
f 173/1/46 178/1/46 180/1/46
f 175/1/46 181/1/46 179/1/46
f 182/1/46 180/1/46 178/1/46
f 183/1/46 179/1/46 181/1/46
f 182/1/46 178/1/46 184/1/46
f 179/1/46 183/1/46 185/1/46
f 186/1/46 182/1/46 184/1/46
f 186/1/46 185/1/46 183/1/46
f 182/1/46 186/1/46 187/1/46
f 183/1/46 187/1/46 186/1/46
f 188/1/44 189/1/23 190/1/84
f 189/1/23 188/1/44 191/1/24
f 192/1/23 193/1/23 194/1/44
f 194/1/44 195/1/23 192/1/23
f 196/1/25 197/1/25 198/1/25
f 198/1/25 199/1/26 196/1/25
f 200/1/25 201/1/26 202/1/25
f 201/1/26 200/1/25 203/1/25
f 204/1/85 205/1/86 206/1/87
f 207/1/88 206/1/87 205/1/86
f 205/1/86 204/1/85 208/1/89
f 209/1/88 207/1/88 205/1/86
f 204/1/85 210/1/90 208/1/89
f 211/1/91 207/1/88 209/1/88
f 210/1/90 204/1/85 212/1/92
f 207/1/88 211/1/91 213/1/93
f 214/1/94 210/1/90 212/1/92
f 215/1/95 213/1/93 211/1/91
f 210/1/90 214/1/94 216/1/96
f 217/1/97 215/1/95 211/1/91
f 216/1/96 214/1/94 218/1/98
f 218/1/98 215/1/95 217/1/97
f 214/1/94 219/1/99 218/1/98
f 215/1/95 218/1/98 219/1/99
f 220/1/100 221/1/100 222/1/100
f 223/1/101 224/1/101 225/1/101
f 226/1/46 227/1/46 228/1/46
f 227/1/46 229/1/46 228/1/46
f 227/1/46 226/1/46 230/1/46
f 229/1/46 227/1/46 231/1/46
f 232/1/46 230/1/46 226/1/46
f 233/1/46 229/1/46 231/1/46
f 230/1/46 232/1/46 234/1/46
f 231/1/46 235/1/46 233/1/46
f 236/1/46 234/1/46 232/1/46
f 235/1/46 237/1/46 233/1/46
f 234/1/46 236/1/46 238/1/46
f 237/1/46 235/1/46 239/1/46
f 236/1/46 240/1/46 238/1/46
f 240/1/46 237/1/46 239/1/46
f 236/1/46 241/1/46 240/1/46
f 237/1/46 240/1/46 241/1/46
f 242/1/44 243/1/23 244/1/84
f 243/1/23 242/1/44 245/1/24
f 246/1/23 247/1/23 248/1/23
f 248/1/23 249/1/23 246/1/23
f 250/1/25 251/1/26 252/1/25
f 251/1/26 250/1/25 253/1/25
f 254/1/25 255/1/102 256/1/25
f 256/1/25 257/1/26 254/1/25
f 258/1/84 259/1/23 260/1/44
f 258/1/84 260/1/44 261/1/23
f 262/1/100 263/1/100 264/1/100
f 265/1/103 266/1/103 267/1/103
f 268/1/104 269/1/104 270/1/104
f 271/1/26 272/1/105 273/1/25
f 271/1/26 273/1/25 274/1/25
f 275/1/106 276/1/106 277/1/106
f 278/1/107 279/1/108 280/1/109
f 281/1/110 278/1/107 280/1/109
f 279/1/108 278/1/107 282/1/108
f 278/1/107 281/1/110 283/1/111
f 284/1/112 279/1/108 282/1/108
f 283/1/111 281/1/110 285/1/113
f 279/1/108 284/1/112 286/1/114
f 281/1/110 287/1/115 285/1/113
f 288/1/116 286/1/114 284/1/112
f 289/1/117 285/1/113 287/1/115
f 290/1/118 288/1/116 284/1/112
f 285/1/113 289/1/117 291/1/119
f 292/1/120 288/1/116 290/1/118
f 291/1/119 289/1/117 292/1/120
f 288/1/116 292/1/120 293/1/121
f 289/1/117 293/1/121 292/1/120
f 294/1/122 295/1/122 296/1/122
f 297/1/123 298/1/123 299/1/123
f 300/1/124 301/1/125 302/1/126
f 301/1/125 303/1/127 302/1/126
f 301/1/125 300/1/124 304/1/128
f 303/1/127 301/1/125 305/1/129
f 306/1/130 304/1/128 300/1/124
f 303/1/127 305/1/129 307/1/131
f 304/1/128 306/1/130 308/1/130
f 309/1/132 307/1/131 305/1/129
f 308/1/130 306/1/130 310/1/133
f 311/1/134 307/1/131 309/1/132
f 312/1/135 310/1/133 306/1/130
f 307/1/131 311/1/134 313/1/136
f 310/1/133 312/1/135 314/1/137
f 314/1/137 313/1/136 311/1/134
f 315/1/137 314/1/137 312/1/135
f 313/1/136 314/1/137 315/1/137
f 316/1/138 317/1/139 318/1/140
f 317/1/139 319/1/141 318/1/140
f 317/1/139 316/1/138 320/1/142
f 319/1/141 317/1/139 321/1/143
f 322/1/144 320/1/142 316/1/138
f 319/1/141 321/1/143 323/1/145
f 320/1/142 322/1/144 324/1/146
f 325/1/147 323/1/145 321/1/143
f 324/1/146 322/1/144 326/1/148
f 327/1/149 323/1/145 325/1/147
f 328/1/150 326/1/148 322/1/144
f 323/1/145 327/1/149 329/1/151
f 326/1/148 328/1/150 330/1/152
f 330/1/152 329/1/151 327/1/149
f 331/1/153 330/1/152 328/1/150
f 329/1/151 330/1/152 331/1/153
f 332/1/46 333/1/46 334/1/46
f 333/1/46 335/1/46 334/1/46
f 333/1/46 332/1/46 336/1/46
f 335/1/46 333/1/46 337/1/46
f 338/1/46 336/1/46 332/1/46
f 339/1/46 335/1/46 337/1/46
f 332/1/46 340/1/46 338/1/46
f 335/1/46 339/1/46 341/1/46
f 342/1/46 338/1/46 340/1/46
f 339/1/46 343/1/46 341/1/46
f 338/1/46 342/1/46 344/1/46
f 343/1/46 339/1/46 345/1/46
f 342/1/46 346/1/46 344/1/46
f 347/1/46 343/1/46 345/1/46
f 342/1/46 347/1/46 346/1/46
f 347/1/46 345/1/46 346/1/46
f 348/1/154 349/1/155 350/1/155
f 350/1/155 349/1/155 351/1/156
f 349/1/155 348/1/154 352/1/157
f 353/1/158 351/1/156 349/1/155
f 352/1/157 348/1/154 354/1/159
f 355/1/160 351/1/156 353/1/158
f 356/1/161 354/1/159 348/1/154
f 351/1/156 355/1/160 357/1/162
f 358/1/163 354/1/159 356/1/161
f 357/1/162 355/1/160 359/1/164
f 354/1/159 358/1/163 360/1/163
f 361/1/165 359/1/164 355/1/160
f 358/1/163 362/1/166 360/1/163
f 362/1/166 359/1/164 361/1/165
f 362/1/166 358/1/163 363/1/167
f 359/1/164 362/1/166 363/1/167
f 364/1/168 365/1/169 366/1/170
f 365/1/169 364/1/168 367/1/168
f 368/1/171 366/1/170 365/1/169
f 367/1/168 364/1/168 369/1/172
f 366/1/170 368/1/171 370/1/173
f 371/1/174 369/1/172 364/1/168
f 370/1/173 368/1/171 372/1/175
f 371/1/174 373/1/176 369/1/172
f 374/1/177 372/1/175 368/1/171
f 373/1/176 371/1/174 375/1/176
f 372/1/175 374/1/177 376/1/178
f 377/1/179 373/1/176 375/1/176
f 378/1/180 376/1/178 374/1/177
f 373/1/176 377/1/179 379/1/181
f 379/1/181 376/1/178 378/1/180
f 376/1/178 379/1/181 377/1/179
f 380/1/182 381/1/183 382/1/184
f 381/1/183 383/1/185 382/1/184
f 381/1/183 380/1/182 384/1/186
f 383/1/185 381/1/183 385/1/187
f 384/1/186 380/1/182 386/1/188
f 387/1/189 383/1/185 385/1/187
f 380/1/182 388/1/190 386/1/188
f 383/1/185 387/1/189 389/1/191
f 390/1/192 386/1/188 388/1/190
f 391/1/193 389/1/191 387/1/189
f 386/1/188 390/1/192 392/1/194
f 393/1/195 391/1/193 387/1/189
f 392/1/194 390/1/192 394/1/196
f 394/1/196 391/1/193 393/1/195
f 390/1/192 395/1/196 394/1/196
f 391/1/193 394/1/196 395/1/196
f 396/1/197 397/1/198 398/1/199
f 399/1/200 397/1/198 396/1/197
f 397/1/198 400/1/201 398/1/199
f 397/1/198 399/1/200 401/1/202
f 402/1/203 398/1/199 400/1/201
f 403/1/204 401/1/202 399/1/200
f 398/1/199 402/1/203 404/1/205
f 405/1/206 403/1/204 399/1/200
f 402/1/203 406/1/207 404/1/205
f 407/1/208 403/1/204 405/1/206
f 406/1/207 402/1/203 408/1/209
f 403/1/204 407/1/208 409/1/210
f 410/1/211 406/1/207 408/1/209
f 410/1/211 409/1/210 407/1/208
f 406/1/207 410/1/211 411/1/212
f 411/1/212 410/1/211 407/1/208
f 412/1/213 413/1/214 414/1/215
f 414/1/215 413/1/214 415/1/216
f 413/1/214 412/1/213 416/1/217
f 417/1/218 415/1/216 413/1/214
f 416/1/217 412/1/213 418/1/219
f 419/1/220 415/1/216 417/1/218
f 420/1/221 418/1/219 412/1/213
f 415/1/216 419/1/220 421/1/222
f 422/1/223 418/1/219 420/1/221
f 421/1/222 419/1/220 423/1/224
f 418/1/219 422/1/223 424/1/225
f 425/1/226 423/1/224 419/1/220
f 422/1/223 426/1/227 424/1/225
f 426/1/227 423/1/224 425/1/226
f 426/1/227 422/1/223 427/1/228
f 423/1/224 426/1/227 427/1/228
f 428/1/229 429/1/153 430/1/229
f 431/1/46 428/1/229 430/1/229
f 428/1/229 431/1/46 432/1/46
f 429/1/153 428/1/229 433/1/153
f 433/1/153 434/1/230 429/1/153
f 434/1/230 433/1/153 435/1/230
f 435/1/230 436/1/1 434/1/230
f 437/1/1 434/1/230 436/1/1
f 438/1/231 439/1/232 440/1/233
f 441/1/234 439/1/232 438/1/231
f 439/1/232 442/1/233 440/1/233
f 439/1/232 441/1/234 443/1/235
f 444/1/236 440/1/233 442/1/233
f 441/1/234 445/1/237 443/1/235
f 440/1/233 444/1/236 446/1/238
f 445/1/237 441/1/234 447/1/239
f 446/1/238 444/1/236 448/1/240
f 449/1/241 445/1/237 447/1/239
f 444/1/236 450/1/242 448/1/240
f 445/1/237 449/1/241 451/1/243
f 452/1/244 448/1/240 450/1/242
f 452/1/244 451/1/243 449/1/241
f 448/1/240 452/1/244 453/1/245
f 453/1/245 452/1/244 449/1/241
f 454/1/153 455/1/153 456/1/153
f 456/1/153 455/1/153 457/1/153
f 458/1/153 459/1/153 460/1/153
f 460/1/153 459/1/153 461/1/153
f 462/1/153 463/1/153 464/1/153
f 463/1/153 462/1/153 465/1/153
f 466/1/246 467/1/153 468/1/153
f 468/1/153 467/1/153 469/1/247
f 467/1/153 466/1/246 470/1/246
f 471/1/247 469/1/247 467/1/153
f 470/1/246 466/1/246 472/1/248
f 473/1/249 469/1/247 471/1/247
f 474/1/248 472/1/248 466/1/246
f 469/1/247 473/1/249 475/1/250
f 476/1/251 472/1/248 474/1/248
f 475/1/250 473/1/249 477/1/252
f 472/1/248 476/1/251 478/1/251
f 479/1/252 477/1/252 473/1/249
f 476/1/251 480/1/140 478/1/251
f 480/1/140 477/1/252 479/1/252
f 480/1/140 476/1/251 481/1/140
f 477/1/252 480/1/140 481/1/140
f 482/1/253 483/1/254 484/1/255
f 483/1/254 482/1/253 485/1/256
f 482/1/253 486/1/257 485/1/256
f 487/1/258 484/1/255 483/1/254
f 486/1/257 482/1/253 488/1/259
f 484/1/255 487/1/258 489/1/260
f 488/1/259 490/1/261 486/1/257
f 484/1/255 491/1/262 482/1/253
f 482/1/253 491/1/262 488/1/259
f 489/1/260 487/1/258 492/1/263
f 490/1/261 488/1/259 493/1/264
f 490/1/261 493/1/264 494/1/265
f 495/1/266 490/1/261 494/1/265
f 488/1/259 496/1/267 493/1/264
f 493/1/264 496/1/267 494/1/265
f 495/1/266 494/1/265 497/1/268
f 498/1/269 495/1/266 497/1/268
f 499/1/270 492/1/263 498/1/269
f 489/1/260 492/1/263 499/1/270
f 499/1/270 498/1/269 497/1/268
f 500/1/271 489/1/260 499/1/270
f 497/1/268 500/1/271 499/1/270
f 494/1/265 501/1/272 497/1/268
f 501/1/272 494/1/265 496/1/267
f 502/1/273 497/1/268 501/1/272
f 500/1/271 497/1/268 502/1/273
f 489/1/260 500/1/271 503/1/274
f 504/1/275 489/1/260 503/1/274
f 489/1/260 504/1/275 484/1/255
f 500/1/271 505/1/276 503/1/274
f 503/1/274 505/1/276 504/1/275
f 502/1/273 506/1/277 500/1/271
f 505/1/276 500/1/271 506/1/277
f 491/1/262 484/1/255 504/1/275
f 504/1/275 505/1/276 507/1/278
f 504/1/275 507/1/278 491/1/262
f 506/1/277 508/1/279 505/1/276
f 505/1/276 508/1/279 507/1/278
f 506/1/277 502/1/273 509/1/280
f 501/1/272 509/1/280 502/1/273
f 509/1/280 510/1/281 506/1/277
f 508/1/279 506/1/277 510/1/281
f 509/1/280 501/1/272 511/1/282
f 510/1/281 509/1/280 512/1/283
f 511/1/282 512/1/283 509/1/280
f 496/1/267 511/1/282 501/1/272
f 512/1/283 513/1/284 510/1/281
f 510/1/281 514/1/285 508/1/279
f 514/1/285 510/1/281 513/1/284
f 515/1/286 508/1/279 514/1/285
f 511/1/282 496/1/267 516/1/287
f 512/1/283 511/1/282 517/1/288
f 516/1/287 517/1/288 511/1/282
f 517/1/288 518/1/289 512/1/283
f 516/1/287 496/1/267 519/1/290
f 517/1/288 516/1/287 520/1/291
f 520/1/291 516/1/287 521/1/292
f 521/1/292 516/1/287 519/1/290
f 520/1/291 522/1/293 517/1/288
f 517/1/288 522/1/293 518/1/289
f 523/1/294 520/1/291 521/1/292
f 522/1/293 520/1/291 523/1/294
f 524/1/295 519/1/290 496/1/267
f 496/1/267 488/1/259 524/1/295
f 524/1/295 488/1/259 491/1/262
f 525/1/296 524/1/295 491/1/262
f 519/1/290 524/1/295 525/1/296
f 491/1/262 507/1/278 525/1/296
f 521/1/292 519/1/290 526/1/297
f 526/1/297 519/1/290 525/1/296
f 507/1/278 527/1/298 525/1/296
f 526/1/297 525/1/296 527/1/298
f 527/1/298 507/1/278 508/1/279
f 528/1/299 521/1/292 526/1/297
f 527/1/298 528/1/299 526/1/297
f 523/1/294 521/1/292 528/1/299
f 508/1/279 515/1/286 527/1/298
f 528/1/299 527/1/298 515/1/286
f 529/1/153 530/1/153 531/1/153
f 531/1/153 530/1/153 532/1/153
f 529/1/153 531/1/153 533/1/153
f 529/1/153 534/1/153 530/1/153
f 530/1/153 534/1/153 535/1/153
f 534/1/153 529/1/153 536/1/153
f 537/1/300 538/1/249 539/1/301
f 538/1/249 537/1/300 540/1/302
f 541/1/303 539/1/301 538/1/249
f 537/1/300 542/1/304 540/1/302
f 540/1/302 542/1/304 543/1/1
f 537/1/300 544/1/305 542/1/304
f 539/1/301 544/1/305 537/1/300
f 542/1/304 545/1/306 543/1/1
f 543/1/1 545/1/306 546/1/307
f 542/1/304 547/1/308 545/1/306
f 542/1/304 544/1/305 547/1/308
f 546/1/307 545/1/306 548/1/309
f 549/1/248 546/1/307 548/1/309
f 545/1/306 550/1/310 548/1/309
f 545/1/306 547/1/308 550/1/310
f 549/1/248 548/1/309 551/1/311
f 552/1/312 549/1/248 551/1/311
f 550/1/310 553/1/313 548/1/309
f 548/1/309 553/1/313 551/1/311
f 547/1/308 554/1/314 550/1/310
f 550/1/310 554/1/314 553/1/313
f 555/1/315 552/1/312 551/1/311
f 555/1/315 556/1/46 552/1/312
f 557/1/316 556/1/46 555/1/315
f 557/1/316 541/1/303 556/1/46
f 539/1/301 541/1/303 557/1/316
f 555/1/315 558/1/317 557/1/316
f 558/1/317 539/1/301 557/1/316
f 551/1/311 559/1/318 555/1/315
f 558/1/317 555/1/315 559/1/318
f 559/1/318 551/1/311 560/1/319
f 553/1/313 560/1/319 551/1/311
f 560/1/319 561/1/320 559/1/318
f 559/1/318 561/1/320 558/1/317
f 562/1/321 539/1/301 558/1/317
f 544/1/305 539/1/301 562/1/321
f 553/1/313 563/1/322 560/1/319
f 563/1/322 553/1/313 554/1/314
f 564/1/323 560/1/319 563/1/322
f 561/1/320 560/1/319 564/1/323
f 554/1/314 565/1/324 563/1/322
f 563/1/322 565/1/324 564/1/323
f 566/1/325 561/1/320 564/1/323
f 565/1/324 566/1/325 564/1/323
f 567/1/326 544/1/305 562/1/321
f 558/1/317 567/1/326 562/1/321
f 568/1/327 558/1/317 561/1/320
f 567/1/326 558/1/317 568/1/327
f 569/1/328 568/1/327 561/1/320
f 569/1/328 561/1/320 566/1/325
f 570/1/329 568/1/327 569/1/328
f 568/1/327 570/1/329 567/1/326
f 571/1/330 569/1/328 566/1/325
f 571/1/330 570/1/329 569/1/328
f 544/1/305 567/1/326 572/1/331
f 544/1/305 572/1/331 547/1/308
f 547/1/308 572/1/331 573/1/332
f 554/1/314 547/1/308 573/1/332
f 567/1/326 574/1/333 572/1/331
f 572/1/331 574/1/333 573/1/332
f 567/1/326 570/1/329 575/1/334
f 574/1/333 567/1/326 575/1/334
f 573/1/332 576/1/335 554/1/314
f 565/1/324 554/1/314 576/1/335
f 573/1/332 574/1/333 577/1/336
f 576/1/335 573/1/332 577/1/336
f 578/1/337 565/1/324 576/1/335
f 577/1/336 578/1/337 576/1/335
f 575/1/334 579/1/338 574/1/333
f 579/1/338 577/1/336 574/1/333
f 579/1/338 575/1/334 580/1/339
f 570/1/329 580/1/339 575/1/334
f 577/1/336 579/1/338 581/1/340
f 578/1/337 577/1/336 581/1/340
f 582/1/140 583/1/140 584/1/140
f 583/1/140 582/1/140 585/1/140
f 582/1/140 584/1/140 586/1/140
f 583/1/140 587/1/140 584/1/140
f 584/1/140 587/1/140 588/1/140
f 587/1/140 583/1/140 589/1/140
f 590/1/182 591/1/183 592/1/184
f 591/1/183 593/1/185 592/1/184
f 591/1/183 590/1/182 594/1/186
f 593/1/185 591/1/183 595/1/187
f 594/1/186 590/1/182 596/1/188
f 597/1/189 593/1/185 595/1/187
f 590/1/182 598/1/190 596/1/188
f 593/1/185 597/1/189 599/1/341
f 600/1/342 596/1/188 598/1/190
f 601/1/193 599/1/341 597/1/189
f 596/1/188 600/1/342 602/1/194
f 603/1/195 601/1/193 597/1/189
f 602/1/194 600/1/342 604/1/343
f 604/1/343 601/1/193 603/1/195
f 600/1/342 605/1/196 604/1/343
f 601/1/193 604/1/343 605/1/196
f 606/1/46 607/1/46 608/1/46
f 607/1/46 606/1/46 609/1/46
f 606/1/46 608/1/46 610/1/46
f 610/1/46 608/1/46 611/1/46
f 611/1/46 608/1/46 612/1/46
f 611/1/46 612/1/46 613/1/46
f 614/1/344 615/1/345 616/1/346
f 617/1/347 616/1/346 615/1/345
f 615/1/345 614/1/344 618/1/348
f 615/1/345 619/1/349 617/1/347
f 620/1/350 618/1/348 614/1/344
f 619/1/349 621/1/351 617/1/347
f 620/1/350 614/1/344 622/1/352
f 621/1/351 619/1/349 623/1/353
f 624/1/354 620/1/350 622/1/352
f 625/1/355 621/1/351 623/1/353
f 620/1/350 624/1/354 626/1/356
f 621/1/351 625/1/355 627/1/357
f 624/1/354 628/1/358 626/1/356
f 628/1/358 627/1/357 625/1/355
f 628/1/358 624/1/354 629/1/359
f 627/1/357 628/1/358 629/1/359
f 630/1/360 631/1/361 632/1/362
f 631/1/361 633/1/363 632/1/362
f 631/1/361 630/1/360 634/1/364
f 633/1/363 631/1/361 635/1/365
f 636/1/366 634/1/364 630/1/360
f 637/1/367 633/1/363 635/1/365
f 634/1/364 636/1/366 638/1/368
f 635/1/365 639/1/369 637/1/367
f 636/1/366 640/1/370 638/1/368
f 641/1/371 637/1/367 639/1/369
f 640/1/370 636/1/366 642/1/372
f 637/1/367 641/1/371 643/1/373
f 642/1/372 644/1/374 640/1/370
f 644/1/374 643/1/373 641/1/371
f 642/1/372 645/1/374 644/1/374
f 643/1/373 644/1/374 645/1/374
f 646/1/375 647/1/376 648/1/377
f 649/1/378 647/1/376 646/1/375
f 647/1/376 650/1/379 648/1/377
f 647/1/376 649/1/378 651/1/378
f 652/1/380 648/1/377 650/1/379
f 653/1/381 651/1/378 649/1/378
f 648/1/377 652/1/380 654/1/382
f 649/1/378 655/1/383 653/1/381
f 656/1/384 654/1/382 652/1/380
f 657/1/385 653/1/381 655/1/383
f 652/1/380 658/1/384 656/1/384
f 653/1/381 657/1/385 659/1/386
f 660/1/387 656/1/384 658/1/384
f 657/1/385 660/1/387 659/1/386
f 656/1/384 660/1/387 661/1/388
f 657/1/385 661/1/388 660/1/387
f 662/1/140 663/1/140 664/1/140
f 663/1/140 665/1/140 664/1/140
f 663/1/140 662/1/140 666/1/140
f 665/1/140 663/1/140 667/1/140
f 668/1/140 666/1/140 662/1/140
f 669/1/140 665/1/140 667/1/140
f 666/1/140 668/1/140 670/1/140
f 665/1/140 669/1/140 671/1/140
f 668/1/140 672/1/140 670/1/140
f 673/1/140 671/1/140 669/1/140
f 672/1/140 668/1/140 674/1/140
f 671/1/140 673/1/140 675/1/140
f 674/1/140 676/1/140 672/1/140
f 676/1/140 675/1/140 673/1/140
f 674/1/140 677/1/140 676/1/140
f 675/1/140 676/1/140 677/1/140
f 678/1/140 679/1/140 680/1/140
f 679/1/140 681/1/140 680/1/140
f 679/1/140 678/1/140 682/1/140
f 681/1/140 679/1/140 683/1/140
f 684/1/140 682/1/140 678/1/140
f 685/1/140 681/1/140 683/1/140
f 678/1/140 686/1/140 684/1/140
f 681/1/140 685/1/140 687/1/140
f 688/1/140 684/1/140 686/1/140
f 689/1/140 687/1/140 685/1/140
f 684/1/140 688/1/140 690/1/140
f 687/1/140 689/1/140 691/1/140
f 692/1/140 690/1/140 688/1/140
f 689/1/140 692/1/140 691/1/140
f 690/1/140 692/1/140 693/1/140
f 689/1/140 693/1/140 692/1/140
f 694/1/389 695/1/390 696/1/391
f 695/1/390 694/1/389 697/1/392
f 696/1/391 698/1/393 694/1/389
f 697/1/392 699/1/394 695/1/390
f 698/1/393 696/1/391 700/1/395
f 699/1/394 697/1/392 701/1/394
f 700/1/395 702/1/396 698/1/393
f 699/1/394 701/1/394 703/1/397
f 702/1/396 700/1/395 704/1/396
f 699/1/394 703/1/397 705/1/398
f 704/1/396 706/1/399 702/1/396
f 705/1/398 703/1/397 707/1/400
f 702/1/396 706/1/399 708/1/401
f 705/1/398 707/1/400 709/1/402
f 709/1/402 708/1/401 706/1/399
f 709/1/402 707/1/400 708/1/401
f 710/1/140 711/1/140 712/1/140
f 710/1/140 712/1/140 713/1/140
f 714/1/140 715/1/140 716/1/140
f 714/1/140 716/1/140 717/1/140
f 718/1/140 719/1/140 720/1/140
f 720/1/140 719/1/140 721/1/140
f 722/1/403 723/1/404 724/1/404
f 723/1/404 722/1/403 725/1/405
f 726/1/403 727/1/405 728/1/406
f 726/1/403 728/1/406 729/1/405
f 730/1/404 731/1/404 732/1/404
f 730/1/404 732/1/404 733/1/404
f 734/1/407 735/1/408 736/1/409
f 737/1/410 736/1/409 735/1/408
f 736/1/409 737/1/410 738/1/410
f 735/1/408 734/1/407 739/1/411
f 734/1/407 740/1/412 739/1/411
f 740/1/412 734/1/407 741/1/412
f 741/1/412 742/1/413 740/1/412
f 742/1/413 741/1/412 743/1/414
f 744/1/415 742/1/413 743/1/414
f 742/1/413 744/1/415 745/1/416
f 746/1/153 745/1/416 744/1/415
f 745/1/416 746/1/153 747/1/153
f 746/1/153 748/1/417 747/1/153
f 746/1/153 749/1/418 748/1/417
f 749/1/418 750/1/419 748/1/417
f 749/1/418 751/1/420 750/1/419
f 752/1/421 750/1/419 751/1/420
f 750/1/419 752/1/421 753/1/421
f 754/1/422 753/1/421 752/1/421
f 753/1/421 754/1/422 755/1/422
f 754/1/422 756/1/423 755/1/422
f 754/1/422 757/1/423 756/1/423
f 758/1/424 756/1/423 757/1/423
f 756/1/423 758/1/424 759/1/425
f 760/1/426 761/1/426 762/1/427
f 762/1/427 763/1/426 760/1/426
f 764/1/426 765/1/427 766/1/428
f 764/1/426 766/1/428 767/1/427
f 768/1/429 769/1/427 770/1/427
f 769/1/427 768/1/429 771/1/427
f 772/1/404 773/1/404 774/1/405
f 772/1/404 774/1/405 775/1/405
f 776/1/404 777/1/404 778/1/404
f 776/1/404 778/1/404 779/1/406
f 780/1/430 781/1/431 782/1/432
f 782/1/432 781/1/431 783/1/433
f 781/1/431 780/1/430 784/1/434
f 785/1/435 783/1/433 781/1/431
f 786/1/436 784/1/434 780/1/430
f 785/1/435 787/1/437 783/1/433
f 784/1/434 786/1/436 788/1/436
f 787/1/437 785/1/435 789/1/410
f 788/1/436 786/1/436 790/1/438
f 791/1/439 787/1/437 789/1/410
f 792/1/440 790/1/438 786/1/436
f 787/1/437 791/1/439 793/1/441
f 790/1/438 792/1/440 794/1/442
f 794/1/442 793/1/441 791/1/439
f 795/1/443 794/1/442 792/1/440
f 793/1/441 794/1/442 795/1/443
f 796/1/444 797/1/445 798/1/446
f 798/1/446 799/1/447 796/1/444
f 800/1/448 796/1/444 799/1/447
f 796/1/444 800/1/448 801/1/449
f 802/1/450 801/1/449 800/1/448
f 801/1/449 802/1/450 803/1/451
f 804/1/452 803/1/451 802/1/450
f 803/1/451 804/1/452 805/1/453
f 804/1/452 806/1/454 805/1/453
f 804/1/452 807/1/455 806/1/454
f 808/1/456 806/1/454 807/1/455
f 806/1/454 808/1/456 809/1/457
f 808/1/456 810/1/458 809/1/457
f 810/1/458 808/1/456 811/1/459
f 811/1/459 812/1/460 810/1/458
f 813/1/461 810/1/458 812/1/460
f 812/1/460 814/1/462 813/1/461
f 814/1/462 812/1/460 815/1/463
f 815/1/463 816/1/464 814/1/462
f 816/1/464 815/1/463 817/1/465
f 817/1/465 818/1/466 816/1/464
f 818/1/466 817/1/465 819/1/467
f 819/1/467 820/1/468 818/1/466
f 818/1/466 820/1/468 821/1/469
f 822/1/249 823/1/142 824/1/470
f 823/1/142 825/1/140 824/1/470
f 823/1/142 822/1/249 826/1/249
f 825/1/140 823/1/142 827/1/140
f 826/1/249 822/1/249 828/1/471
f 829/1/472 825/1/140 827/1/140
f 830/1/471 828/1/471 822/1/249
f 825/1/140 829/1/472 831/1/472
f 832/1/153 828/1/471 830/1/471
f 831/1/472 829/1/472 833/1/248
f 828/1/471 832/1/153 834/1/153
f 835/1/248 833/1/248 829/1/472
f 834/1/153 832/1/153 836/1/149
f 836/1/149 833/1/248 835/1/248
f 837/1/473 836/1/149 832/1/153
f 833/1/248 836/1/149 837/1/473
f 838/1/248 839/1/248 840/1/248
f 838/1/248 841/1/248 839/1/248
f 842/1/248 841/1/248 838/1/248
f 841/1/248 842/1/248 843/1/248
f 844/1/248 839/1/248 841/1/248
f 839/1/248 844/1/248 845/1/248
f 846/1/140 847/1/140 848/1/140
f 848/1/140 847/1/140 849/1/140
f 850/1/140 851/1/140 852/1/140
f 852/1/140 851/1/140 853/1/140
f 854/1/249 855/1/249 856/1/474
f 855/1/249 854/1/249 857/1/249
f 856/1/474 855/1/249 858/1/249
f 859/1/249 856/1/474 858/1/249
f 860/1/249 856/1/474 859/1/249
f 856/1/474 860/1/249 861/1/249
f 862/1/249 861/1/249 860/1/249
f 862/1/249 860/1/249 863/1/249
f 864/1/474 857/1/249 854/1/249
f 857/1/249 864/1/474 865/1/249
f 865/1/249 864/1/474 866/1/249
f 866/1/249 864/1/474 867/1/249
f 863/1/249 868/1/474 862/1/249
f 868/1/474 863/1/249 869/1/249
f 868/1/474 869/1/249 870/1/249
f 868/1/474 870/1/249 871/1/249
f 871/1/249 872/1/249 868/1/474
f 872/1/249 871/1/249 873/1/249
f 864/1/474 874/1/474 867/1/249
f 873/1/249 874/1/474 872/1/249
f 874/1/474 875/1/249 867/1/249
f 874/1/474 873/1/249 876/1/249
f 874/1/474 876/1/249 875/1/249
f 877/1/153 878/1/153 879/1/471
f 880/1/473 878/1/153 877/1/153
f 881/1/471 879/1/471 878/1/153
f 878/1/153 880/1/473 882/1/149
f 883/1/249 879/1/471 881/1/471
f 882/1/149 880/1/473 884/1/248
f 879/1/471 883/1/249 885/1/249
f 886/1/248 884/1/248 880/1/473
f 885/1/249 883/1/249 887/1/470
f 888/1/472 884/1/248 886/1/248
f 889/1/142 887/1/470 883/1/249
f 884/1/248 888/1/472 890/1/472
f 891/1/140 887/1/470 889/1/142
f 888/1/472 891/1/140 890/1/472
f 887/1/470 891/1/140 892/1/140
f 891/1/140 888/1/472 892/1/140
f 893/1/475 894/1/476 895/1/477
f 894/1/476 893/1/475 896/1/475
f 897/1/478 895/1/477 894/1/476
f 896/1/475 893/1/475 898/1/479
f 895/1/477 897/1/478 899/1/480
f 900/1/481 898/1/479 893/1/475
f 901/1/482 899/1/480 897/1/478
f 898/1/479 900/1/481 902/1/483
f 903/1/484 901/1/482 897/1/478
f 900/1/481 904/1/485 902/1/483
f 903/1/484 905/1/486 901/1/482
f 906/1/487 902/1/483 904/1/485
f 905/1/486 903/1/484 907/1/486
f 902/1/483 906/1/487 908/1/488
f 905/1/486 908/1/488 906/1/487
f 908/1/488 905/1/486 907/1/486
f 909/1/427 910/1/426 911/1/426
f 909/1/427 911/1/426 912/1/428
f 913/1/427 914/1/427 915/1/427
f 914/1/427 913/1/427 916/1/427
f 917/1/489 918/1/490 919/1/491
f 919/1/491 918/1/490 920/1/492
f 918/1/490 917/1/489 921/1/493
f 922/1/494 920/1/492 918/1/490
f 921/1/493 917/1/489 923/1/495
f 924/1/496 920/1/492 922/1/494
f 925/1/497 923/1/495 917/1/489
f 920/1/492 924/1/496 926/1/498
f 927/1/499 923/1/495 925/1/497
f 926/1/498 924/1/496 928/1/500
f 923/1/495 927/1/499 929/1/501
f 930/1/502 928/1/500 924/1/496
f 927/1/499 931/1/503 929/1/501
f 931/1/503 928/1/500 930/1/502
f 931/1/503 927/1/499 932/1/504
f 928/1/500 931/1/503 932/1/504
f 933/1/302 934/1/1 935/1/302
f 934/1/1 933/1/302 936/1/1
f 937/1/249 933/1/302 935/1/302
f 936/1/1 938/1/307 934/1/1
f 937/1/249 935/1/302 939/1/249
f 938/1/307 936/1/1 940/1/307
f 941/1/303 937/1/249 939/1/249
f 940/1/307 942/1/248 938/1/307
f 941/1/303 939/1/249 943/1/303
f 942/1/248 940/1/307 944/1/248
f 941/1/303 943/1/303 945/1/46
f 944/1/248 946/1/312 942/1/248
f 943/1/303 947/1/46 945/1/46
f 946/1/312 944/1/248 948/1/312
f 945/1/46 947/1/46 948/1/312
f 947/1/46 946/1/312 948/1/312
f 949/1/505 950/1/506 951/1/507
f 951/1/507 952/1/508 949/1/505
f 950/1/506 953/1/509 951/1/507
f 952/1/508 954/1/510 949/1/505
f 953/1/509 950/1/506 955/1/511
f 952/1/508 956/1/512 954/1/510
f 955/1/511 957/1/513 953/1/509
f 958/1/514 954/1/510 956/1/512
f 959/1/515 953/1/509 957/1/513
f 954/1/510 958/1/514 960/1/516
f 961/1/517 959/1/515 957/1/513
f 958/1/514 962/1/518 960/1/516
f 961/1/517 957/1/513 963/1/519
f 963/1/519 962/1/518 961/1/517
f 962/1/518 963/1/519 964/1/520
f 960/1/516 962/1/518 964/1/520
f 965/1/521 966/1/522 967/1/523
f 968/1/524 967/1/523 966/1/522
f 965/1/521 967/1/523 969/1/525
f 967/1/523 968/1/524 970/1/526
f 971/1/527 965/1/521 969/1/525
f 972/1/528 970/1/526 968/1/524
f 971/1/527 969/1/525 973/1/529
f 970/1/526 972/1/528 974/1/530
f 975/1/531 971/1/527 973/1/529
f 976/1/532 974/1/530 972/1/528
f 971/1/527 975/1/531 977/1/533
f 974/1/530 976/1/532 978/1/534
f 979/1/535 977/1/533 975/1/531
f 976/1/532 980/1/536 978/1/534
f 979/1/535 975/1/531 980/1/536
f 976/1/532 979/1/535 980/1/536
f 981/1/537 982/1/538 983/1/539
f 982/1/538 981/1/537 984/1/540
f 985/1/541 984/1/540 981/1/537
f 981/1/537 986/1/542 985/1/541
f 986/1/542 987/1/543 985/1/541
f 987/1/543 986/1/542 988/1/544
f 988/1/544 989/1/545 987/1/543
f 989/1/545 988/1/544 990/1/546
f 991/1/547 989/1/545 990/1/546
f 989/1/545 991/1/547 992/1/548
f 991/1/547 993/1/549 992/1/548
f 993/1/549 991/1/547 994/1/549
f 995/1/550 993/1/549 994/1/549
f 996/1/551 993/1/549 995/1/550
f 995/1/550 997/1/552 996/1/551
f 997/1/552 995/1/550 998/1/553
f 999/1/554 997/1/552 998/1/553
f 1000/1/555 997/1/552 999/1/554
f 1001/1/556 1000/1/555 999/1/554
f 1000/1/555 1001/1/556 1002/1/557
f 1001/1/556 1003/1/558 1002/1/557
f 1002/1/557 1003/1/558 1004/1/559
f 1003/1/558 1005/1/560 1004/1/559
f 1005/1/560 1003/1/558 1006/1/561
f 1007/1/405 1008/1/404 1009/1/404
f 1007/1/405 1009/1/404 1010/1/403
f 1011/1/403 1009/1/404 1008/1/404
f 1009/1/404 1011/1/403 1012/1/403
f 1013/1/404 1014/1/406 1015/1/404
f 1013/1/404 1015/1/404 1016/1/406
f 1017/1/562 1018/1/563 1019/1/563
f 1018/1/563 1017/1/562 1020/1/562
f 1018/1/563 1021/1/564 1019/1/563
f 1021/1/564 1018/1/563 1022/1/565
f 1022/1/565 1023/1/566 1021/1/564
f 1023/1/566 1022/1/565 1024/1/567
f 1024/1/567 1025/1/249 1023/1/566
f 1025/1/249 1024/1/567 1026/1/249
f 1025/1/249 1026/1/249 1027/1/568
f 1028/1/569 1025/1/249 1027/1/568
f 1027/1/568 1029/1/570 1028/1/569
f 1029/1/570 1027/1/568 1030/1/570
f 1031/1/571 1029/1/570 1030/1/570
f 1029/1/570 1031/1/571 1032/1/572
f 1031/1/571 1033/1/432 1032/1/572
f 1033/1/432 1031/1/571 1034/1/432
f 1035/1/573 1033/1/432 1034/1/432
f 1033/1/432 1035/1/573 1036/1/574
f 1037/1/575 1036/1/574 1035/1/573
f 1036/1/574 1037/1/575 1038/1/576
f 1039/1/577 1038/1/576 1037/1/575
f 1038/1/576 1039/1/577 1040/1/577
f 1039/1/577 1041/1/578 1040/1/577
f 1041/1/578 1039/1/577 1042/1/578
f 1043/1/579 1044/1/579 1045/1/579
f 1043/1/579 1045/1/579 1046/1/579
f 1047/1/579 1048/1/579 1049/1/579
f 1047/1/579 1049/1/579 1050/1/579
f 1051/1/580 1052/1/579 1053/1/581
f 1052/1/579 1051/1/580 1054/1/579
f 1055/1/249 1056/1/582 1057/1/249
f 1057/1/249 1056/1/582 1058/1/249
f 1056/1/582 1055/1/249 1059/1/249
f 1060/1/474 1056/1/582 1059/1/249
f 1059/1/249 1061/1/249 1060/1/474
f 1062/1/249 1061/1/249 1063/1/249
f 1064/1/249 1061/1/249 1062/1/249
f 1064/1/249 1060/1/474 1061/1/249
f 1060/1/474 1064/1/249 1065/1/249
f 1065/1/249 1064/1/249 1066/1/249
f 1067/1/582 1056/1/582 1060/1/474
f 1068/1/474 1065/1/249 1066/1/249
f 1069/1/249 1068/1/474 1066/1/249
f 1068/1/474 1069/1/249 1070/1/249
f 1071/1/249 1068/1/474 1070/1/249
f 1068/1/474 1071/1/249 1072/1/249
f 1073/1/249 1072/1/249 1071/1/249
f 1072/1/249 1073/1/249 1074/1/249
f 1072/1/249 1074/1/249 1075/1/249
f 1074/1/249 1076/1/474 1075/1/249
f 1076/1/474 1067/1/582 1075/1/249
f 1076/1/474 1077/1/249 1078/1/249
f 1076/1/474 1078/1/249 1079/1/249
f 1067/1/582 1076/1/474 1079/1/249
f 1079/1/249 1080/1/249 1067/1/582
f 1081/1/474 1067/1/582 1080/1/249
f 1056/1/582 1067/1/582 1081/1/474
f 1082/1/249 1081/1/474 1080/1/249
f 1081/1/474 1082/1/249 1083/1/249
f 1081/1/474 1083/1/249 1084/1/249
f 1085/1/583 1086/1/584 1087/1/585
f 1086/1/584 1085/1/583 1088/1/586
f 1089/1/587 1087/1/585 1086/1/584
f 1086/1/584 1090/1/588 1089/1/587
f 1091/1/589 1089/1/587 1090/1/588
f 1091/1/589 1090/1/588 1092/1/590
f 1093/1/591 1091/1/589 1092/1/590
f 1093/1/591 1092/1/590 1094/1/592
f 1095/1/593 1093/1/591 1094/1/592
f 1093/1/591 1095/1/593 1096/1/594
f 1097/1/595 1096/1/594 1095/1/593
f 1097/1/595 1095/1/593 1098/1/595
f 1099/1/596 1097/1/595 1098/1/595
f 1097/1/595 1099/1/596 1100/1/597
f 1099/1/596 1101/1/598 1100/1/597
f 1101/1/598 1099/1/596 1102/1/599
f 1102/1/599 1103/1/600 1101/1/598
f 1104/1/601 1101/1/598 1103/1/600
f 1105/1/602 1104/1/601 1103/1/600
f 1106/1/603 1104/1/601 1105/1/602
f 1107/1/604 1106/1/603 1105/1/602
f 1106/1/603 1107/1/604 1108/1/605
f 1107/1/604 1109/1/606 1108/1/605
f 1109/1/606 1107/1/604 1110/1/606
f 1111/1/249 1112/1/249 1113/1/470
f 1114/1/471 1112/1/249 1111/1/249
f 1115/1/142 1113/1/470 1112/1/249
f 1112/1/249 1114/1/471 1116/1/471
f 1117/1/140 1113/1/470 1115/1/142
f 1116/1/471 1114/1/471 1118/1/153
f 1113/1/470 1117/1/140 1119/1/140
f 1120/1/153 1118/1/153 1114/1/471
f 1121/1/472 1119/1/140 1117/1/140
f 1122/1/473 1118/1/153 1120/1/153
f 1119/1/140 1121/1/472 1123/1/472
f 1118/1/153 1122/1/473 1124/1/149
f 1125/1/248 1123/1/472 1121/1/472
f 1124/1/149 1122/1/473 1125/1/248
f 1123/1/472 1125/1/248 1126/1/248
f 1126/1/248 1125/1/248 1122/1/473
f 1127/1/427 1128/1/427 1129/1/427
f 1128/1/427 1127/1/427 1130/1/426
f 1131/1/427 1128/1/427 1130/1/426
f 1131/1/427 1130/1/426 1132/1/427
f 1133/1/427 1131/1/427 1132/1/427
f 1131/1/427 1133/1/427 1134/1/607
f 1135/1/153 1136/1/21 1137/1/22
f 1136/1/21 1135/1/153 1138/1/608
f 1139/1/17 1137/1/22 1136/1/21
f 1140/1/608 1138/1/608 1135/1/153
f 1137/1/22 1139/1/17 1141/1/17
f 1140/1/608 1142/1/609 1138/1/608
f 1139/1/17 1143/1/140 1141/1/17
f 1144/1/610 1142/1/609 1140/1/608
f 1143/1/140 1139/1/17 1145/1/140
f 1144/1/610 1143/1/140 1145/1/140
f 1142/1/609 1144/1/610 1146/1/140
f 1144/1/610 1145/1/140 1146/1/140
f 1147/1/611 1148/1/612 1149/1/613
f 1148/1/612 1147/1/611 1150/1/611
f 1148/1/612 1151/1/614 1149/1/613
f 1151/1/614 1148/1/612 1152/1/615
f 1152/1/615 1153/1/616 1151/1/614
f 1153/1/616 1152/1/615 1154/1/617
f 1154/1/617 1155/1/618 1153/1/616
f 1154/1/617 1156/1/619 1155/1/618
f 1157/1/620 1155/1/618 1156/1/619
f 1155/1/618 1157/1/620 1158/1/621
f 1159/1/622 1158/1/621 1157/1/620
f 1157/1/620 1160/1/622 1159/1/622
f 1161/1/623 1159/1/622 1160/1/622
f 1159/1/622 1161/1/623 1162/1/624
f 1161/1/623 1163/1/625 1162/1/624
f 1163/1/625 1161/1/623 1164/1/626
f 1164/1/626 1165/1/627 1163/1/625
f 1166/1/628 1163/1/625 1165/1/627
f 1167/1/629 1166/1/628 1165/1/627
f 1168/1/630 1166/1/628 1167/1/629
f 1167/1/629 1169/1/631 1168/1/630
f 1170/1/632 1168/1/630 1169/1/631
f 1169/1/631 1171/1/633 1170/1/632
f 1171/1/633 1169/1/631 1172/1/634
f 1173/1/426 1174/1/429 1175/1/427
f 1174/1/429 1173/1/426 1176/1/426
f 1177/1/249 1178/1/249 1179/1/249
f 1178/1/249 1180/1/249 1179/1/249
f 1180/1/249 1178/1/249 1181/1/249
f 1178/1/249 1177/1/249 1182/1/249
f 1177/1/249 1183/1/249 1182/1/249
f 1182/1/249 1183/1/249 1184/1/249
f 1183/1/249 1185/1/249 1184/1/249
f 1184/1/249 1185/1/249 1186/1/249
f 1185/1/249 1187/1/249 1186/1/249
f 1187/1/249 1185/1/249 1188/1/249
f 1189/1/249 1187/1/249 1188/1/249
f 1189/1/249 1190/1/249 1187/1/249
f 1191/1/249 1190/1/249 1189/1/249
f 1192/1/249 1191/1/249 1189/1/249
f 1193/1/249 1191/1/249 1192/1/249
f 1191/1/249 1193/1/249 1194/1/249
f 1195/1/249 1194/1/249 1193/1/249
f 1195/1/249 1193/1/249 1196/1/249
f 1196/1/249 1197/1/249 1195/1/249
f 1196/1/249 1198/1/249 1197/1/249
f 1199/1/249 1197/1/249 1198/1/249
f 1199/1/249 1198/1/249 1200/1/249
f 1200/1/249 1201/1/249 1199/1/249
f 1199/1/249 1201/1/249 1202/1/249
f 1203/1/635 1204/1/636 1205/1/636
f 1204/1/636 1203/1/635 1206/1/636
f 1207/1/636 1208/1/635 1209/1/637
f 1207/1/636 1209/1/637 1210/1/636
f 1211/1/638 1212/1/636 1213/1/635
f 1211/1/638 1213/1/635 1214/1/635
f 1215/1/248 1216/1/248 1217/1/248
f 1218/1/639 1216/1/248 1215/1/248
f 1216/1/248 1218/1/639 1219/1/248
f 1219/1/248 1220/1/248 1216/1/248
f 1219/1/248 1218/1/639 1221/1/248
f 1222/1/248 1221/1/248 1218/1/639
f 1219/1/248 1223/1/639 1220/1/248
f 1223/1/639 1224/1/248 1220/1/248
f 1224/1/248 1223/1/639 1225/1/248
f 1223/1/639 1226/1/248 1225/1/248
f 1218/1/639 1227/1/248 1222/1/248
f 1226/1/248 1223/1/639 1228/1/639
f 1228/1/639 1229/1/248 1226/1/248
f 1229/1/248 1228/1/639 1230/1/248
f 1228/1/639 1231/1/248 1230/1/248
f 1222/1/248 1227/1/248 1232/1/640
f 1232/1/640 1227/1/248 1233/1/248
f 1234/1/248 1232/1/640 1233/1/248
f 1232/1/640 1234/1/248 1235/1/248
f 1232/1/640 1236/1/640 1222/1/248
f 1231/1/248 1228/1/639 1236/1/640
f 1237/1/639 1236/1/640 1232/1/640
f 1231/1/248 1236/1/640 1238/1/248
f 1238/1/248 1239/1/248 1231/1/248
f 1239/1/248 1238/1/248 1240/1/248
f 1241/1/248 1238/1/248 1236/1/640
f 1236/1/640 1237/1/639 1241/1/248
f 1237/1/639 1242/1/248 1241/1/248
f 1242/1/248 1237/1/639 1243/1/248
f 1243/1/248 1237/1/639 1244/1/248
f 1245/1/312 1246/1/312 1247/1/248
f 1248/1/46 1246/1/312 1245/1/312
f 1247/1/248 1249/1/248 1245/1/312
f 1248/1/46 1250/1/46 1246/1/312
f 1249/1/248 1247/1/248 1251/1/307
f 1252/1/303 1250/1/46 1248/1/46
f 1251/1/307 1253/1/307 1249/1/248
f 1252/1/303 1254/1/303 1250/1/46
f 1255/1/1 1253/1/307 1251/1/307
f 1256/1/249 1254/1/303 1252/1/303
f 1253/1/307 1255/1/1 1257/1/1
f 1254/1/303 1256/1/249 1258/1/249
f 1259/1/302 1257/1/1 1255/1/1
f 1260/1/302 1258/1/249 1256/1/249
f 1257/1/1 1259/1/302 1260/1/302
f 1258/1/249 1260/1/302 1259/1/302
f 1261/1/641 1262/1/642 1263/1/643
f 1263/1/643 1264/1/644 1261/1/641
f 1263/1/643 1265/1/644 1264/1/644
f 1263/1/643 1262/1/642 1266/1/645
f 1267/1/646 1266/1/645 1262/1/642
f 1267/1/646 1268/1/647 1266/1/645
f 1267/1/646 1269/1/248 1268/1/647
f 1268/1/647 1269/1/248 1270/1/248
f 1269/1/248 1271/1/648 1270/1/248
f 1271/1/648 1269/1/248 1272/1/649
f 1273/1/650 1271/1/648 1272/1/649
f 1271/1/648 1273/1/650 1274/1/650
f 1273/1/650 1275/1/651 1274/1/650
f 1273/1/650 1276/1/652 1275/1/651
f 1277/1/443 1275/1/651 1276/1/652
f 1275/1/651 1277/1/443 1278/1/443
f 1279/1/653 1278/1/443 1277/1/443
f 1277/1/443 1280/1/654 1279/1/653
f 1280/1/654 1281/1/655 1279/1/653
f 1280/1/654 1282/1/656 1281/1/655
f 1282/1/656 1283/1/657 1281/1/655
f 1282/1/656 1284/1/657 1283/1/657
f 1284/1/657 1285/1/658 1283/1/657
f 1286/1/658 1283/1/657 1285/1/658
f 1287/1/140 1288/1/140 1289/1/140
f 1288/1/140 1290/1/140 1289/1/140
f 1291/1/579 1292/1/581 1293/1/581
f 1291/1/579 1293/1/581 1294/1/579
f 1295/1/580 1296/1/579 1297/1/580
f 1296/1/579 1295/1/580 1298/1/659
f 1299/1/249 1300/1/249 1301/1/249
f 1302/1/249 1301/1/249 1300/1/249
f 1303/1/249 1302/1/249 1300/1/249
f 1304/1/474 1302/1/249 1303/1/249
f 1302/1/249 1304/1/474 1305/1/249
f 1304/1/474 1303/1/249 1306/1/249
f 1304/1/474 1307/1/249 1305/1/249
f 1307/1/249 1308/1/249 1305/1/249
f 1308/1/249 1307/1/249 1309/1/249
f 1304/1/474 1306/1/249 1310/1/249
f 1306/1/249 1311/1/249 1310/1/249
f 1311/1/249 1306/1/249 1312/1/249
f 1313/1/660 1314/1/661 1315/1/662
f 1315/1/662 1316/1/663 1313/1/660
f 1317/1/664 1313/1/660 1316/1/663
f 1313/1/660 1317/1/664 1318/1/665
f 1319/1/666 1318/1/665 1317/1/664
f 1318/1/665 1319/1/666 1320/1/667
f 1321/1/668 1320/1/667 1319/1/666
f 1320/1/667 1321/1/668 1322/1/669
f 1323/1/670 1322/1/669 1321/1/668
f 1321/1/668 1324/1/671 1323/1/670
f 1325/1/672 1323/1/670 1324/1/671
f 1323/1/670 1325/1/672 1326/1/672
f 1325/1/672 1327/1/673 1326/1/672
f 1327/1/673 1325/1/672 1328/1/674
f 1329/1/675 1327/1/673 1328/1/674
f 1330/1/676 1327/1/673 1329/1/675
f 1329/1/675 1331/1/677 1330/1/676
f 1331/1/677 1329/1/675 1332/1/678
f 1332/1/678 1333/1/679 1331/1/677
f 1333/1/679 1332/1/678 1334/1/680
f 1334/1/680 1335/1/681 1333/1/679
f 1335/1/681 1334/1/680 1336/1/682
f 1337/1/683 1335/1/681 1336/1/682
f 1335/1/681 1337/1/683 1338/1/684
f 1339/1/153 1340/1/153 1341/1/153
f 1340/1/153 1339/1/153 1342/1/153
f 1343/1/153 1344/1/153 1345/1/153
f 1343/1/153 1345/1/153 1346/1/153
f 1347/1/153 1348/1/153 1349/1/153
f 1349/1/153 1348/1/153 1350/1/153
f 1351/1/685 1352/1/686 1353/1/686
f 1353/1/686 1354/1/687 1351/1/685
f 1355/1/688 1351/1/685 1354/1/687
f 1351/1/685 1355/1/688 1356/1/689
f 1357/1/690 1356/1/689 1355/1/688
f 1356/1/689 1357/1/690 1358/1/691
f 1359/1/692 1358/1/691 1357/1/690
f 1358/1/691 1359/1/692 1360/1/693
f 1361/1/694 1360/1/693 1359/1/692
f 1359/1/692 1362/1/695 1361/1/694
f 1363/1/696 1361/1/694 1362/1/695
f 1361/1/694 1363/1/696 1364/1/696
f 1363/1/696 1365/1/697 1364/1/696
f 1365/1/697 1363/1/696 1366/1/698
f 1366/1/698 1367/1/699 1365/1/697
f 1365/1/697 1367/1/699 1368/1/700
f 1367/1/699 1369/1/701 1368/1/700
f 1369/1/701 1367/1/699 1370/1/702
f 1370/1/702 1371/1/703 1369/1/701
f 1371/1/703 1370/1/702 1372/1/704
f 1372/1/704 1373/1/705 1371/1/703
f 1373/1/705 1372/1/704 1374/1/706
f 1375/1/707 1373/1/705 1374/1/706
f 1373/1/705 1375/1/707 1376/1/707
f 1377/1/248 1378/1/248 1379/1/248
f 1378/1/248 1377/1/248 1380/1/248
f 1377/1/248 1381/1/248 1380/1/248
f 1381/1/248 1377/1/248 1382/1/248
f 1382/1/248 1383/1/248 1381/1/248
f 1383/1/248 1382/1/248 1384/1/248
f 1384/1/248 1385/1/248 1383/1/248
f 1385/1/248 1384/1/248 1386/1/248
f 1387/1/248 1385/1/248 1386/1/248
f 1387/1/248 1388/1/248 1385/1/248
f 1387/1/248 1389/1/248 1388/1/248
f 1389/1/248 1387/1/248 1390/1/248
f 1391/1/248 1389/1/248 1390/1/248
f 1389/1/248 1391/1/248 1392/1/248
f 1393/1/248 1392/1/248 1391/1/248
f 1394/1/248 1393/1/248 1391/1/248
f 1395/1/248 1393/1/248 1394/1/248
f 1393/1/248 1395/1/248 1396/1/248
f 1397/1/248 1396/1/248 1395/1/248
f 1396/1/248 1397/1/248 1398/1/248
f 1399/1/248 1398/1/248 1397/1/248
f 1398/1/248 1399/1/248 1400/1/248
f 1399/1/248 1401/1/248 1400/1/248
f 1401/1/248 1399/1/248 1402/1/248
f 1403/1/708 523/1/294 528/1/299
f 515/1/286 1403/1/708 528/1/299
f 1404/1/709 523/1/294 1403/1/708
f 1404/1/709 522/1/293 523/1/294
f 1403/1/708 515/1/286 1405/1/710
f 514/1/285 1405/1/710 515/1/286
f 1403/1/708 1406/1/711 1404/1/709
f 1407/1/712 522/1/293 1404/1/709
f 1406/1/711 1407/1/712 1404/1/709
f 1407/1/712 518/1/289 522/1/293
f 1405/1/710 514/1/285 1408/1/713
f 1405/1/710 1409/1/714 1403/1/708
f 1406/1/711 1403/1/708 1409/1/714
f 1409/1/714 1405/1/710 1410/1/715
f 1408/1/713 1410/1/715 1405/1/710
f 513/1/284 1408/1/713 514/1/285
f 1410/1/715 1411/1/716 1409/1/714
f 1409/1/714 1412/1/717 1406/1/711
f 1412/1/717 1409/1/714 1411/1/716
f 1410/1/715 1408/1/713 1413/1/718
f 1408/1/713 513/1/284 1414/1/719
f 1414/1/719 1413/1/718 1408/1/713
f 1411/1/716 1410/1/715 1415/1/720
f 1413/1/718 1415/1/720 1410/1/715
f 1416/1/721 1411/1/716 1415/1/720
f 1415/1/720 1413/1/718 1417/1/722
f 1417/1/722 1416/1/721 1415/1/720
f 1411/1/716 1416/1/721 1418/1/723
f 1411/1/716 1418/1/723 1412/1/717
f 1416/1/721 1417/1/722 1419/1/724
f 1420/1/725 1418/1/723 1416/1/721
f 1419/1/724 1420/1/725 1416/1/721
f 1417/1/722 1421/1/726 1419/1/724
f 1420/1/725 1419/1/724 1422/1/727
f 1421/1/726 1422/1/727 1419/1/724
f 1418/1/723 1420/1/725 1423/1/728
f 1424/1/729 1412/1/717 1418/1/723
f 1418/1/723 1423/1/728 1424/1/729
f 1425/1/730 1423/1/728 1420/1/725
f 1422/1/727 1425/1/730 1420/1/725
f 1426/1/731 1424/1/729 1423/1/728
f 1427/1/732 1412/1/717 1424/1/729
f 1424/1/729 1426/1/731 1427/1/732
f 1423/1/728 1428/1/733 1426/1/731
f 1423/1/728 1425/1/730 1428/1/733
f 1426/1/731 1428/1/733 1429/1/734
f 1425/1/730 1430/1/735 1428/1/733
f 1431/1/736 1428/1/733 1430/1/735
f 1428/1/733 1431/1/736 1429/1/734
f 1430/1/735 1425/1/730 1432/1/737
f 1433/1/738 1429/1/734 1431/1/736
f 1432/1/737 1425/1/730 1434/1/739
f 1434/1/739 1425/1/730 1435/1/740
f 1425/1/730 1422/1/727 1435/1/740
f 1434/1/739 1435/1/740 1436/1/741
f 1429/1/734 1433/1/738 1437/1/742
f 1438/1/743 1437/1/742 1433/1/738
f 1426/1/731 1429/1/734 1439/1/744
f 1439/1/744 1429/1/734 1437/1/742
f 1439/1/744 1427/1/732 1426/1/731
f 1437/1/742 1438/1/743 1440/1/745
f 1437/1/742 1441/1/746 1439/1/744
f 1441/1/746 1437/1/742 1440/1/745
f 1438/1/743 1442/1/747 1440/1/745
f 1442/1/747 1441/1/746 1440/1/745
f 1443/1/748 1442/1/747 1438/1/743
f 1444/1/749 1439/1/744 1441/1/746
f 1439/1/744 1444/1/749 1427/1/732
f 1441/1/746 1442/1/747 1445/1/750
f 1445/1/750 1444/1/749 1441/1/746
f 1443/1/748 1446/1/751 1442/1/747
f 1446/1/751 1445/1/750 1442/1/747
f 1436/1/741 1446/1/751 1443/1/748
f 1436/1/741 1435/1/740 1446/1/751
f 1435/1/740 1447/1/752 1446/1/751
f 1445/1/750 1446/1/751 1447/1/752
f 1447/1/752 1435/1/740 1422/1/727
f 1422/1/727 1421/1/726 1447/1/752
f 1447/1/752 1448/1/753 1445/1/750
f 1444/1/749 1445/1/750 1448/1/753
f 1448/1/753 1447/1/752 1421/1/726
f 1448/1/753 1449/1/754 1444/1/749
f 1449/1/754 1427/1/732 1444/1/749
f 1421/1/726 1450/1/755 1448/1/753
f 1449/1/754 1448/1/753 1450/1/755
f 1450/1/755 1421/1/726 1451/1/756
f 1451/1/756 1421/1/726 1417/1/722
f 1413/1/718 1451/1/756 1417/1/722
f 1452/1/757 1451/1/756 1413/1/718
f 1451/1/756 1452/1/757 1450/1/755
f 1413/1/718 1414/1/719 1452/1/757
f 1453/1/758 1450/1/755 1452/1/757
f 1452/1/757 1414/1/719 1453/1/758
f 1453/1/758 1449/1/754 1450/1/755
f 1454/1/759 1453/1/758 1414/1/719
f 1414/1/719 513/1/284 1454/1/759
f 1449/1/754 1453/1/758 1455/1/760
f 1454/1/759 1455/1/760 1453/1/758
f 1456/1/761 1427/1/732 1449/1/754
f 1455/1/760 1456/1/761 1449/1/754
f 1412/1/717 1427/1/732 1456/1/761
f 1456/1/761 1406/1/711 1412/1/717
f 1406/1/711 1456/1/761 1457/1/762
f 1456/1/761 1455/1/760 1457/1/762
f 1457/1/762 1407/1/712 1406/1/711
f 1458/1/763 1457/1/762 1455/1/760
f 1457/1/762 1458/1/763 1407/1/712
f 1455/1/760 1454/1/759 1458/1/763
f 1458/1/763 518/1/289 1407/1/712
f 1454/1/759 1459/1/764 1458/1/763
f 1458/1/763 1459/1/764 518/1/289
f 1459/1/764 1454/1/759 513/1/284
f 512/1/283 518/1/289 1459/1/764
f 513/1/284 512/1/283 1459/1/764
f 1460/1/635 1461/1/765 1462/1/635
f 1460/1/635 1462/1/635 1463/1/637
f 1464/1/635 1465/1/637 1466/1/636
f 1464/1/635 1466/1/636 1467/1/635
f 1468/1/249 1469/1/249 1470/1/766
f 1471/1/766 1470/1/766 1469/1/249
f 1469/1/249 1468/1/249 1472/1/767
f 1471/1/766 1473/1/140 1470/1/766
f 1474/1/767 1472/1/767 1468/1/249
f 1473/1/140 1471/1/766 1475/1/140
f 1472/1/767 1474/1/767 1476/1/153
f 1477/1/768 1473/1/140 1475/1/140
f 1478/1/153 1476/1/153 1474/1/767
f 1473/1/140 1477/1/768 1479/1/768
f 1476/1/153 1478/1/153 1480/1/769
f 1479/1/768 1477/1/768 1481/1/248
f 1482/1/769 1480/1/769 1478/1/153
f 1483/1/248 1481/1/248 1477/1/768
f 1480/1/769 1482/1/769 1483/1/248
f 1481/1/248 1483/1/248 1482/1/769
f 1484/1/639 1485/1/248 1486/1/248
f 1485/1/248 1484/1/639 1487/1/248
f 1487/1/248 1488/1/248 1485/1/248
f 1488/1/248 1487/1/248 1489/1/248
f 1490/1/248 1484/1/639 1486/1/248
f 1491/1/248 1490/1/248 1486/1/248
f 1492/1/248 1490/1/248 1491/1/248
f 1492/1/248 1491/1/248 1493/1/248
f 1484/1/639 1490/1/248 1494/1/248
f 1494/1/248 1495/1/248 1484/1/639
f 1494/1/248 1496/1/248 1495/1/248
f 1497/1/248 1495/1/248 1496/1/248
f 1498/1/770 1499/1/771 1500/1/772
f 1501/1/773 1500/1/772 1499/1/771
f 1499/1/771 1498/1/770 1502/1/774
f 1500/1/772 1501/1/773 1503/1/775
f 1504/1/776 1502/1/774 1498/1/770
f 1501/1/773 1505/1/777 1503/1/775
f 1506/1/778 1504/1/776 1498/1/770
f 1507/1/779 1503/1/775 1505/1/777
f 1506/1/778 1508/1/780 1504/1/776
f 1505/1/777 1509/1/781 1507/1/779
f 1508/1/780 1506/1/778 1510/1/782
f 1509/1/781 1505/1/777 1511/1/783
f 1512/1/784 1508/1/780 1510/1/782
f 1512/1/784 1509/1/781 1511/1/783
f 1508/1/780 1512/1/784 1513/1/785
f 1512/1/784 1511/1/783 1513/1/785
f 1514/1/786 1515/1/787 1516/1/788
f 1517/1/789 1515/1/787 1514/1/786
f 1515/1/787 1518/1/790 1516/1/788
f 1515/1/787 1517/1/789 1519/1/791
f 1520/1/792 1516/1/788 1518/1/790
f 1517/1/789 1521/1/793 1519/1/791
f 1516/1/788 1520/1/792 1522/1/794
f 1521/1/793 1517/1/789 1523/1/795
f 1522/1/794 1520/1/792 1524/1/796
f 1525/1/797 1521/1/793 1523/1/795
f 1520/1/792 1526/1/798 1524/1/796
f 1521/1/793 1525/1/797 1527/1/799
f 1528/1/800 1524/1/796 1526/1/798
f 1528/1/800 1527/1/799 1525/1/797
f 1524/1/796 1528/1/800 1529/1/801
f 1529/1/801 1528/1/800 1525/1/797
f 1530/1/768 1531/1/248 1532/1/248
f 1533/1/769 1532/1/248 1531/1/248
f 1532/1/248 1534/1/768 1530/1/768
f 1531/1/248 1535/1/769 1533/1/769
f 1534/1/768 1536/1/140 1530/1/768
f 1537/1/153 1533/1/769 1535/1/769
f 1536/1/140 1534/1/768 1538/1/140
f 1535/1/769 1539/1/153 1537/1/153
f 1538/1/140 1540/1/766 1536/1/140
f 1541/1/767 1537/1/153 1539/1/153
f 1540/1/766 1538/1/140 1542/1/766
f 1539/1/153 1543/1/767 1541/1/767
f 1544/1/249 1540/1/766 1542/1/766
f 1545/1/249 1541/1/767 1543/1/767
f 1543/1/767 1544/1/249 1545/1/249
f 1542/1/766 1545/1/249 1544/1/249
f 1546/1/802 1547/1/803 1548/1/804
f 1548/1/804 1547/1/803 1549/1/805
f 1547/1/803 1546/1/802 1550/1/806
f 1547/1/803 1551/1/807 1549/1/805
f 1546/1/802 1552/1/808 1550/1/806
f 1553/1/809 1549/1/805 1551/1/807
f 1552/1/808 1546/1/802 1554/1/810
f 1549/1/805 1553/1/809 1555/1/809
f 1556/1/811 1552/1/808 1554/1/810
f 1555/1/809 1553/1/809 1557/1/812
f 1552/1/808 1556/1/811 1558/1/813
f 1553/1/809 1559/1/814 1557/1/812
f 1560/1/815 1558/1/813 1556/1/811
f 1560/1/815 1557/1/812 1559/1/814
f 1561/1/816 1560/1/815 1556/1/811
f 1557/1/812 1560/1/815 1561/1/816
f 1562/1/579 1563/1/581 1564/1/580
f 1563/1/581 1562/1/579 1565/1/579
f 1562/1/579 1566/1/579 1565/1/579
f 1562/1/579 1567/1/580 1566/1/579
f 1568/1/140 1569/1/140 1570/1/140
f 1571/1/140 1570/1/140 1569/1/140
f 1570/1/140 1571/1/140 1572/1/140
f 1573/1/140 1568/1/140 1570/1/140
f 1568/1/140 1573/1/140 1574/1/140
f 1574/1/140 1573/1/140 1575/1/140
f 1576/1/579 1577/1/579 1578/1/579
f 1577/1/579 1576/1/579 1579/1/579
f 1580/1/635 1581/1/636 1582/1/635
f 1581/1/636 1580/1/635 1583/1/638
f 1584/1/153 1585/1/153 1586/1/153
f 1586/1/153 1585/1/153 1587/1/153
f 1588/1/153 1589/1/153 1590/1/153
f 1590/1/153 1589/1/153 1591/1/153
f 1592/1/637 1593/1/635 1594/1/635
f 1594/1/635 1595/1/636 1592/1/637
f 1596/1/817 1597/1/818 1598/1/819
f 1598/1/819 1597/1/818 1599/1/820
f 1597/1/818 1596/1/817 1600/1/821
f 1597/1/818 1601/1/822 1599/1/820
f 1602/1/823 1600/1/821 1596/1/817
f 1601/1/822 1603/1/824 1599/1/820
f 1600/1/821 1602/1/823 1604/1/823
f 1603/1/824 1601/1/822 1605/1/825
f 1606/1/826 1604/1/823 1602/1/823
f 1607/1/827 1603/1/824 1605/1/825
f 1608/1/828 1606/1/826 1602/1/823
f 1603/1/824 1607/1/827 1609/1/829
f 1610/1/830 1606/1/826 1608/1/828
f 1610/1/830 1609/1/829 1607/1/827
f 1611/1/831 1610/1/830 1608/1/828
f 1609/1/829 1610/1/830 1611/1/831
f 1612/1/1 1613/1/1 1614/1/307
f 1613/1/1 1615/1/307 1614/1/307
f 1616/1/302 1613/1/1 1612/1/1
f 1617/1/248 1614/1/307 1615/1/307
f 1618/1/302 1616/1/302 1612/1/1
f 1617/1/248 1615/1/307 1619/1/248
f 1616/1/302 1618/1/302 1620/1/249
f 1621/1/312 1617/1/248 1619/1/248
f 1620/1/249 1618/1/302 1622/1/249
f 1621/1/312 1619/1/248 1623/1/312
f 1622/1/249 1624/1/303 1620/1/249
f 1623/1/312 1625/1/46 1621/1/312
f 1624/1/303 1622/1/249 1626/1/303
f 1625/1/46 1623/1/312 1627/1/46
f 1626/1/303 1627/1/46 1624/1/303
f 1627/1/46 1626/1/303 1625/1/46
f 1628/1/832 1629/1/833 1630/1/834
f 1630/1/834 1631/1/835 1628/1/832
f 1632/1/836 1628/1/832 1631/1/835
f 1628/1/832 1632/1/836 1633/1/837
f 1634/1/838 1633/1/837 1632/1/836
f 1633/1/837 1634/1/838 1635/1/839
f 1636/1/840 1635/1/839 1634/1/838
f 1635/1/839 1636/1/840 1637/1/841
f 1638/1/842 1637/1/841 1636/1/840
f 1636/1/840 1639/1/843 1638/1/842
f 1640/1/844 1638/1/842 1639/1/843
f 1638/1/842 1640/1/844 1641/1/844
f 1640/1/844 1642/1/845 1641/1/844
f 1642/1/845 1640/1/844 1643/1/846
f 1643/1/846 1644/1/847 1642/1/845
f 1644/1/847 1645/1/848 1642/1/845
f 1644/1/847 1646/1/849 1645/1/848
f 1646/1/849 1644/1/847 1647/1/850
f 1647/1/850 1648/1/851 1646/1/849
f 1648/1/851 1647/1/850 1649/1/852
f 1649/1/852 1650/1/853 1648/1/851
f 1650/1/853 1649/1/852 1651/1/854
f 1651/1/854 1652/1/855 1650/1/853
f 1650/1/853 1652/1/855 1653/1/856
f 580/1/339 1654/1/857 579/1/338
f 1654/1/857 581/1/340 579/1/338
f 580/1/339 570/1/329 1655/1/858
f 570/1/329 571/1/330 1655/1/858
f 1655/1/858 1656/1/859 580/1/339
f 1654/1/857 580/1/339 1656/1/859
f 571/1/330 1657/1/860 1655/1/858
f 1656/1/859 1655/1/858 1657/1/860
f 1658/1/861 581/1/340 1654/1/857
f 1658/1/861 578/1/337 581/1/340
f 1659/1/862 1654/1/857 1656/1/859
f 1660/1/863 1658/1/861 1654/1/857
f 1660/1/863 1654/1/857 1659/1/862
f 1657/1/860 1661/1/864 1656/1/859
f 1659/1/862 1656/1/859 1661/1/864
f 1662/1/865 1661/1/864 1657/1/860
f 1657/1/860 571/1/330 1662/1/865
f 1663/1/866 1659/1/862 1661/1/864
f 1661/1/864 1662/1/865 1664/1/867
f 1664/1/867 1663/1/866 1661/1/864
f 1665/1/868 1662/1/865 571/1/330
f 566/1/325 1665/1/868 571/1/330
f 1662/1/865 1665/1/868 1666/1/869
f 1666/1/869 1664/1/867 1662/1/865
f 566/1/325 1667/1/870 1665/1/868
f 1667/1/870 566/1/325 565/1/324
f 565/1/324 578/1/337 1667/1/870
f 1667/1/870 1668/1/871 1665/1/868
f 1668/1/871 1666/1/869 1665/1/868
f 1669/1/872 1667/1/870 578/1/337
f 1667/1/870 1669/1/872 1668/1/871
f 578/1/337 1658/1/861 1669/1/872
f 1668/1/871 1670/1/873 1666/1/869
f 1664/1/867 1666/1/869 1670/1/873
f 1669/1/872 1671/1/874 1668/1/871
f 1670/1/873 1668/1/871 1671/1/874
f 1672/1/875 1669/1/872 1658/1/861
f 1672/1/875 1658/1/861 1660/1/863
f 1671/1/874 1669/1/872 1673/1/876
f 1669/1/872 1672/1/875 1673/1/876
f 1674/1/877 1670/1/873 1671/1/874
f 1673/1/876 1674/1/877 1671/1/874
f 1675/1/878 1664/1/867 1670/1/873
f 1670/1/873 1674/1/877 1675/1/878
f 1672/1/875 1676/1/879 1673/1/876
f 1660/1/863 1676/1/879 1672/1/875
f 1674/1/877 1673/1/876 1677/1/880
f 1673/1/876 1676/1/879 1677/1/880
f 1678/1/881 1675/1/878 1674/1/877
f 1677/1/880 1678/1/881 1674/1/877
f 1664/1/867 1675/1/878 1679/1/882
f 1663/1/866 1664/1/867 1679/1/882
f 1676/1/879 1660/1/863 1680/1/883
f 1659/1/862 1680/1/883 1660/1/863
f 1676/1/879 1681/1/884 1677/1/880
f 1680/1/883 1681/1/884 1676/1/879
f 1680/1/883 1659/1/862 1682/1/885
f 1682/1/885 1659/1/862 1663/1/866
f 1682/1/885 1683/1/886 1680/1/883
f 1681/1/884 1680/1/883 1683/1/886
f 1663/1/866 1684/1/887 1682/1/885
f 1679/1/882 1684/1/887 1663/1/866
f 1683/1/886 1682/1/885 1685/1/888
f 1685/1/888 1682/1/885 1684/1/887
f 1685/1/888 1686/1/889 1683/1/886
f 1684/1/887 1686/1/889 1685/1/888
f 1687/1/890 1681/1/884 1683/1/886
f 1687/1/890 1683/1/886 1686/1/889
f 1677/1/880 1681/1/884 1688/1/891
f 1678/1/881 1677/1/880 1688/1/891
f 1681/1/884 1687/1/890 1689/1/892
f 1681/1/884 1689/1/892 1688/1/891
f 1690/1/893 1687/1/890 1686/1/889
f 1686/1/889 1684/1/887 1691/1/894
f 1691/1/894 1690/1/893 1686/1/889
f 1692/1/895 1691/1/894 1684/1/887
f 1684/1/887 1679/1/882 1692/1/895
f 1693/1/769 1694/1/248 1695/1/248
f 1696/1/768 1695/1/248 1694/1/248
f 1694/1/248 1693/1/769 1697/1/769
f 1695/1/248 1696/1/768 1698/1/768
f 1699/1/153 1697/1/769 1693/1/769
f 1700/1/140 1698/1/768 1696/1/768
f 1693/1/769 1701/1/153 1699/1/153
f 1698/1/768 1700/1/140 1702/1/140
f 1703/1/767 1699/1/153 1701/1/153
f 1700/1/140 1704/1/766 1702/1/140
f 1699/1/153 1703/1/767 1705/1/767
f 1704/1/766 1700/1/140 1706/1/766
f 1707/1/249 1705/1/767 1703/1/767
f 1708/1/249 1704/1/766 1706/1/766
f 1706/1/766 1707/1/249 1708/1/249
f 1703/1/767 1708/1/249 1707/1/249
f 1709/1/896 1710/1/897 1711/1/898
f 1712/1/899 1710/1/897 1709/1/896
f 1710/1/897 1713/1/900 1711/1/898
f 1710/1/897 1712/1/899 1714/1/901
f 1715/1/902 1711/1/898 1713/1/900
f 1716/1/903 1714/1/901 1712/1/899
f 1711/1/898 1715/1/902 1717/1/904
f 1718/1/905 1716/1/903 1712/1/899
f 1715/1/902 1719/1/906 1717/1/904
f 1720/1/907 1716/1/903 1718/1/905
f 1719/1/906 1715/1/902 1721/1/908
f 1716/1/903 1720/1/907 1722/1/909
f 1723/1/910 1719/1/906 1721/1/908
f 1723/1/910 1722/1/909 1720/1/907
f 1719/1/906 1723/1/910 1724/1/911
f 1724/1/911 1723/1/910 1720/1/907
f 1725/1/769 1726/1/153 1727/1/153
f 1728/1/767 1727/1/153 1726/1/153
f 1727/1/153 1729/1/769 1725/1/769
f 1726/1/153 1730/1/767 1728/1/767
f 1731/1/248 1725/1/769 1729/1/769
f 1732/1/249 1728/1/767 1730/1/767
f 1729/1/769 1733/1/248 1731/1/248
f 1730/1/767 1734/1/249 1732/1/249
f 1735/1/768 1731/1/248 1733/1/248
f 1736/1/766 1732/1/249 1734/1/249
f 1733/1/248 1737/1/768 1735/1/768
f 1734/1/249 1738/1/766 1736/1/766
f 1737/1/768 1739/1/140 1735/1/768
f 1738/1/766 1740/1/140 1736/1/766
f 1739/1/140 1737/1/768 1740/1/140
f 1740/1/140 1738/1/766 1739/1/140
f 1690/1/893 1691/1/894 1741/1/912
f 1742/1/913 1689/1/892 1687/1/890
f 1742/1/913 1687/1/890 1690/1/893
f 1679/1/882 1743/1/914 1692/1/895
f 1675/1/878 1743/1/914 1679/1/882
f 1743/1/914 1675/1/878 1678/1/881
f 1691/1/894 1692/1/895 1744/1/915
f 1743/1/914 1744/1/915 1692/1/895
f 1744/1/915 1741/1/912 1691/1/894
f 1678/1/881 1745/1/916 1743/1/914
f 1744/1/915 1743/1/914 1745/1/916
f 1745/1/916 1746/1/917 1744/1/915
f 1741/1/912 1744/1/915 1746/1/917
f 1745/1/916 1678/1/881 1747/1/918
f 1741/1/912 1748/1/919 1690/1/893
f 1748/1/919 1742/1/913 1690/1/893
f 1746/1/917 1745/1/916 1749/1/920
f 1747/1/918 1749/1/920 1745/1/916
f 1747/1/918 1678/1/881 1750/1/921
f 1750/1/921 1678/1/881 1688/1/891
f 1750/1/921 1688/1/891 1689/1/892
f 1751/1/922 1689/1/892 1742/1/913
f 1751/1/922 1750/1/921 1689/1/892
f 1752/1/923 1747/1/918 1750/1/921
f 1752/1/923 1750/1/921 1751/1/922
f 1749/1/920 1747/1/918 1753/1/924
f 1753/1/924 1747/1/918 1752/1/923
f 1752/1/923 1754/1/925 1753/1/924
f 1751/1/922 1754/1/925 1752/1/923
f 1753/1/924 1755/1/926 1749/1/920
f 1753/1/924 1754/1/925 1755/1/926
f 1749/1/920 1755/1/926 1756/1/927
f 1749/1/920 1756/1/927 1746/1/917
f 1757/1/928 1755/1/926 1754/1/925
f 1758/1/929 1751/1/922 1742/1/913
f 1742/1/913 1748/1/919 1758/1/929
f 1754/1/925 1751/1/922 1759/1/930
f 1751/1/922 1758/1/929 1759/1/930
f 1760/1/931 1754/1/925 1759/1/930
f 1754/1/925 1760/1/931 1757/1/928
f 1758/1/929 1761/1/932 1759/1/930
f 1748/1/919 1761/1/932 1758/1/929
f 1760/1/931 1759/1/930 1761/1/932
f 1761/1/932 1748/1/919 1762/1/933
f 1760/1/931 1761/1/932 1763/1/934
f 1762/1/933 1763/1/934 1761/1/932
f 1764/1/935 1762/1/933 1748/1/919
f 1748/1/919 1741/1/912 1764/1/935
f 1763/1/934 1762/1/933 1765/1/936
f 1766/1/937 1760/1/931 1763/1/934
f 1766/1/937 1757/1/928 1760/1/931
f 1741/1/912 1767/1/938 1764/1/935
f 1767/1/938 1741/1/912 1746/1/917
f 1762/1/933 1764/1/935 1768/1/939
f 1767/1/938 1768/1/939 1764/1/935
f 1768/1/939 1765/1/936 1762/1/933
f 1746/1/917 1756/1/927 1767/1/938
f 1768/1/939 1767/1/938 1769/1/940
f 1756/1/927 1769/1/940 1767/1/938
f 1769/1/940 1770/1/941 1768/1/939
f 1765/1/936 1768/1/939 1770/1/941
f 1769/1/940 1756/1/927 1771/1/942
f 1765/1/936 1772/1/943 1763/1/934
f 1772/1/943 1766/1/937 1763/1/934
f 1770/1/941 1773/1/944 1765/1/936
f 1772/1/943 1765/1/936 1773/1/944
f 1770/1/941 1769/1/940 1774/1/945
f 1771/1/942 1774/1/945 1769/1/940
f 1773/1/944 1770/1/941 1775/1/946
f 1774/1/945 1775/1/946 1770/1/941
f 1776/1/947 1773/1/944 1775/1/946
f 1775/1/946 1774/1/945 1777/1/948
f 1776/1/947 1775/1/946 1777/1/948
f 1774/1/945 1771/1/942 1778/1/949
f 1778/1/949 1777/1/948 1774/1/945
f 1756/1/927 1779/1/950 1771/1/942
f 1755/1/926 1779/1/950 1756/1/927
f 1755/1/926 1757/1/928 1779/1/950
f 1780/1/951 1771/1/942 1779/1/950
f 1757/1/928 1780/1/951 1779/1/950
f 1778/1/949 1771/1/942 1780/1/951
f 1780/1/951 1757/1/928 1781/1/952
f 1757/1/928 1766/1/937 1781/1/952
f 1780/1/951 1782/1/953 1778/1/949
f 1781/1/952 1782/1/953 1780/1/951
f 1783/1/954 1778/1/949 1782/1/953
f 1777/1/948 1778/1/949 1783/1/954
f 1784/1/955 1781/1/952 1766/1/937
f 1766/1/937 1772/1/943 1784/1/955
f 1782/1/953 1781/1/952 1785/1/956
f 1781/1/952 1784/1/955 1785/1/956
f 1786/1/957 1783/1/954 1782/1/953
f 1786/1/957 1782/1/953 1785/1/956
f 1787/1/958 1777/1/948 1783/1/954
f 1783/1/954 1786/1/957 1787/1/958
f 1777/1/948 1787/1/958 1788/1/959
f 1789/1/960 1785/1/956 1784/1/955
f 1789/1/960 1784/1/955 1772/1/943
f 1777/1/948 1788/1/959 1776/1/947
f 1785/1/956 1789/1/960 1790/1/961
f 1786/1/957 1785/1/956 1790/1/961
f 1789/1/960 1791/1/962 1790/1/961
f 1790/1/961 1791/1/962 1786/1/957
f 1772/1/943 1792/1/963 1789/1/960
f 1787/1/958 1793/1/964 1788/1/959
f 1786/1/957 1793/1/964 1787/1/958
f 1788/1/959 1793/1/964 1794/1/965
f 1794/1/965 1776/1/947 1788/1/959
f 1793/1/964 1786/1/957 1795/1/966
f 1795/1/966 1786/1/957 1791/1/962
f 1796/1/967 1794/1/965 1793/1/964
f 1795/1/966 1796/1/967 1793/1/964
f 1776/1/947 1794/1/965 1797/1/968
f 1791/1/962 1798/1/969 1795/1/966
f 1796/1/967 1795/1/966 1798/1/969
f 1794/1/965 1796/1/967 1799/1/970
f 1794/1/965 1799/1/970 1797/1/968
f 1798/1/969 1800/1/971 1796/1/967
f 1800/1/971 1799/1/970 1796/1/967
f 1798/1/969 1791/1/962 1801/1/972
f 1802/1/973 1797/1/968 1799/1/970
f 1803/1/974 1776/1/947 1797/1/968
f 1797/1/968 1802/1/973 1803/1/974
f 1776/1/947 1803/1/974 1804/1/975
f 1773/1/944 1776/1/947 1804/1/975
f 1804/1/975 1772/1/943 1773/1/944
f 1772/1/943 1804/1/975 1792/1/963
f 1803/1/974 1792/1/963 1804/1/975
f 1799/1/970 1805/1/976 1802/1/973
f 1799/1/970 1800/1/971 1805/1/976
f 1806/1/977 1803/1/974 1802/1/973
f 1792/1/963 1803/1/974 1807/1/978
f 1808/1/979 1803/1/974 1806/1/977
f 1803/1/974 1808/1/979 1807/1/978
f 1809/1/980 1792/1/963 1807/1/978
f 1792/1/963 1809/1/980 1789/1/960
f 1791/1/962 1789/1/960 1809/1/980
f 1809/1/980 1801/1/972 1791/1/962
f 1807/1/978 1810/1/981 1809/1/980
f 1801/1/972 1809/1/980 1810/1/981
f 1810/1/981 1807/1/978 1808/1/979
f 1810/1/981 1811/1/982 1801/1/972
f 1808/1/979 1812/1/983 1810/1/981
f 1811/1/982 1810/1/981 1812/1/983
f 1812/1/983 1808/1/979 1813/1/984
f 1806/1/977 1813/1/984 1808/1/979
f 1814/1/985 1811/1/982 1812/1/983
f 1813/1/984 1806/1/977 1815/1/986
f 1802/1/973 1815/1/986 1806/1/977
f 1816/1/987 1812/1/983 1813/1/984
f 1815/1/986 1816/1/987 1813/1/984
f 1814/1/985 1812/1/983 1816/1/987
f 1815/1/986 1802/1/973 1817/1/988
f 1817/1/988 1802/1/973 1805/1/976
f 1816/1/987 1815/1/986 1818/1/989
f 1817/1/988 1818/1/989 1815/1/986
f 1819/1/990 1814/1/985 1816/1/987
f 1819/1/990 1816/1/987 1818/1/989
f 1805/1/976 1820/1/991 1817/1/988
f 1818/1/989 1817/1/988 1820/1/991
f 1820/1/991 1805/1/976 1821/1/992
f 1822/1/993 1818/1/989 1820/1/991
f 1821/1/992 1822/1/993 1820/1/991
f 1800/1/971 1821/1/992 1805/1/976
f 1818/1/989 1822/1/993 1823/1/994
f 1818/1/989 1823/1/994 1819/1/990
f 1822/1/993 1821/1/992 1824/1/995
f 1821/1/992 1800/1/971 1825/1/996
f 1825/1/996 1824/1/995 1821/1/992
f 1825/1/996 1800/1/971 1826/1/997
f 1826/1/997 1800/1/971 1827/1/998
f 1800/1/971 1798/1/969 1827/1/998
f 1801/1/972 1827/1/998 1798/1/969
f 1827/1/998 1801/1/972 1811/1/982
f 1828/1/999 1827/1/998 1811/1/982
f 1826/1/997 1827/1/998 1828/1/999
f 1828/1/999 1811/1/982 1814/1/985
f 1829/1/1000 1825/1/996 1826/1/997
f 1828/1/999 1829/1/1000 1826/1/997
f 1825/1/996 1829/1/1000 1830/1/1001
f 1824/1/995 1825/1/996 1830/1/1001
f 1829/1/1000 1828/1/999 1831/1/1002
f 1832/1/1003 1828/1/999 1814/1/985
f 1828/1/999 1832/1/1003 1831/1/1002
f 1814/1/985 1819/1/990 1832/1/1003
f 1831/1/1002 1833/1/1004 1829/1/1000
f 1829/1/1000 1833/1/1004 1830/1/1001
f 1832/1/1003 1834/1/1005 1831/1/1002
f 1833/1/1004 1831/1/1002 1834/1/1005
f 1819/1/990 1835/1/1006 1832/1/1003
f 1834/1/1005 1832/1/1003 1835/1/1006
f 1836/1/1007 1830/1/1001 1833/1/1004
f 1836/1/1007 1824/1/995 1830/1/1001
f 1834/1/1005 1837/1/1008 1833/1/1004
f 1833/1/1004 1838/1/1009 1836/1/1007
f 1838/1/1009 1833/1/1004 1837/1/1008
f 1824/1/995 1836/1/1007 1839/1/1010
f 1838/1/1009 1839/1/1010 1836/1/1007
f 1839/1/1010 1822/1/993 1824/1/995
f 1837/1/1008 1840/1/1011 1838/1/1009
f 1822/1/993 1839/1/1010 1841/1/1012
f 1822/1/993 1841/1/1012 1823/1/994
f 1842/1/1013 1839/1/1010 1838/1/1009
f 1842/1/1013 1841/1/1012 1839/1/1010
f 1843/1/1014 1838/1/1009 1840/1/1011
f 1838/1/1009 1843/1/1014 1842/1/1013
f 1840/1/1011 1837/1/1008 1844/1/1015
f 1844/1/1015 1843/1/1014 1840/1/1011
f 1837/1/1008 1834/1/1005 1845/1/1016
f 1845/1/1016 1844/1/1015 1837/1/1008
f 1835/1/1006 1845/1/1016 1834/1/1005
f 1844/1/1015 1846/1/1017 1843/1/1014
f 1846/1/1017 1842/1/1013 1843/1/1014
f 1844/1/1015 1845/1/1016 1847/1/1018
f 1846/1/1017 1844/1/1015 1847/1/1018
f 1845/1/1016 1835/1/1006 1848/1/1019
f 1848/1/1019 1847/1/1018 1845/1/1016
f 1842/1/1013 1846/1/1017 1849/1/1020
f 1849/1/1020 1841/1/1012 1842/1/1013
f 1849/1/1020 1850/1/1021 1841/1/1012
f 1823/1/994 1841/1/1012 1850/1/1021
f 1849/1/1020 1846/1/1017 1851/1/1022
f 1851/1/1022 1850/1/1021 1849/1/1020
f 1847/1/1018 1852/1/1023 1846/1/1017
f 1852/1/1023 1851/1/1022 1846/1/1017
f 1852/1/1023 1847/1/1018 1853/1/1024
f 1847/1/1018 1848/1/1019 1853/1/1024
f 1852/1/1023 1853/1/1024 1854/1/1025
f 1848/1/1019 1854/1/1025 1853/1/1024
f 1855/1/1026 1852/1/1023 1854/1/1025
f 1851/1/1022 1852/1/1023 1855/1/1026
f 1855/1/1026 1854/1/1025 1848/1/1019
f 1855/1/1026 1850/1/1021 1851/1/1022
f 1848/1/1019 1856/1/1027 1855/1/1026
f 1850/1/1021 1855/1/1026 1856/1/1027
f 1856/1/1027 1823/1/994 1850/1/1021
f 1856/1/1027 1848/1/1019 1835/1/1006
f 1823/1/994 1856/1/1027 1819/1/990
f 1835/1/1006 1819/1/990 1856/1/1027
f 1857/1/1028 1858/1/1029 1859/1/1030
f 1858/1/1029 1857/1/1028 1860/1/1031
f 1861/1/1032 1860/1/1031 1857/1/1028
f 1861/1/1032 1857/1/1028 1862/1/1033
f 1863/1/1034 1861/1/1032 1862/1/1033
f 1863/1/1034 1862/1/1033 1864/1/1035
f 1865/1/1036 1863/1/1034 1864/1/1035
f 1864/1/1035 1866/1/1037 1865/1/1036
f 1867/1/1038 1865/1/1036 1866/1/1037
f 1865/1/1036 1867/1/1038 1868/1/1039
f 1869/1/1040 1868/1/1039 1867/1/1038
f 1867/1/1038 1870/1/1041 1869/1/1040
f 1870/1/1041 1871/1/1042 1869/1/1040
f 1869/1/1040 1871/1/1042 1872/1/1043
f 1871/1/1042 1873/1/1044 1872/1/1043
f 1873/1/1044 1871/1/1042 1874/1/1045
f 1874/1/1045 1875/1/1046 1873/1/1044
f 1876/1/1047 1873/1/1044 1875/1/1046
f 1877/1/1048 1876/1/1047 1875/1/1046
f 1878/1/1049 1876/1/1047 1877/1/1048
f 1879/1/1050 1878/1/1049 1877/1/1048
f 1880/1/1051 1878/1/1049 1879/1/1050
f 1879/1/1050 1881/1/1052 1880/1/1051
f 1881/1/1052 1879/1/1050 1882/1/1053
f 1883/1/1054 1884/1/1055 1885/1/1054
f 1886/1/1056 1884/1/1055 1883/1/1054
f 1884/1/1055 1886/1/1056 1887/1/1055
f 1888/1/1055 1887/1/1055 1886/1/1056
f 1887/1/1055 1888/1/1055 1889/1/1056
f 1888/1/1055 1890/1/1055 1889/1/1056
f 1891/1/153 1892/1/153 1893/1/1057
f 1892/1/153 1894/1/1057 1893/1/1057
f 1895/1/1058 1892/1/153 1891/1/153
f 1893/1/1057 1894/1/1057 1896/1/248
f 1897/1/1059 1895/1/1058 1891/1/153
f 1894/1/1057 1898/1/248 1896/1/248
f 1899/1/249 1895/1/1058 1897/1/1059
f 1896/1/248 1898/1/248 1900/1/1060
f 1895/1/1058 1899/1/249 1901/1/249
f 1898/1/248 1902/1/1061 1900/1/1060
f 1903/1/1062 1901/1/249 1899/1/249
f 1904/1/140 1900/1/1060 1902/1/1061
f 1905/1/1062 1903/1/1062 1899/1/249
f 1905/1/1062 1904/1/140 1903/1/1062
f 1900/1/1060 1904/1/140 1906/1/140
f 1904/1/140 1905/1/1062 1906/1/140
f 1907/1/153 1908/1/153 1909/1/153
f 1908/1/153 1907/1/153 1910/1/153
f 1911/1/302 1912/1/302 1913/1/1
f 1912/1/302 1914/1/1 1913/1/1
f 1912/1/302 1911/1/302 1915/1/249
f 1913/1/1 1914/1/1 1916/1/307
f 1915/1/249 1911/1/302 1917/1/249
f 1914/1/1 1918/1/307 1916/1/307
f 1915/1/249 1917/1/249 1919/1/303
f 1920/1/248 1916/1/307 1918/1/307
f 1919/1/303 1917/1/249 1921/1/303
f 1920/1/248 1918/1/307 1922/1/248
f 1921/1/303 1923/1/46 1919/1/303
f 1924/1/312 1920/1/248 1922/1/248
f 1923/1/46 1921/1/303 1925/1/46
f 1924/1/312 1922/1/248 1926/1/312
f 1925/1/46 1926/1/312 1923/1/46
f 1926/1/312 1925/1/46 1924/1/312
f 1927/1/153 1928/1/153 1929/1/153
f 1927/1/153 1929/1/153 1930/1/153
f 1928/1/153 1927/1/153 1931/1/153
f 1931/1/153 1927/1/153 1932/1/153
f 1931/1/153 1932/1/153 1933/1/153
f 1933/1/153 1932/1/153 1934/1/153
f 1935/1/1063 1936/1/1064 1937/1/1063
f 1935/1/1063 1937/1/1063 1938/1/1065
f 1936/1/1064 1935/1/1063 1939/1/1064
f 1940/1/1065 1935/1/1063 1938/1/1065
f 1936/1/1064 1939/1/1064 1941/1/1066
f 1938/1/1065 1942/1/1067 1940/1/1065
f 1941/1/1066 1943/1/1066 1936/1/1064
f 1944/1/1068 1943/1/1066 1941/1/1066
f 1943/1/1066 1944/1/1068 1945/1/214
f 1942/1/1067 1938/1/1065 1946/1/1069
f 1946/1/1069 1947/1/140 1942/1/1067
f 1947/1/140 1946/1/1069 1948/1/140
f 1949/1/1070 1947/1/140 1948/1/140
f 1947/1/140 1949/1/1070 1950/1/1071
f 1951/1/1072 1950/1/1071 1949/1/1070
f 1950/1/1071 1951/1/1072 1952/1/1072
f 1952/1/1072 1951/1/1072 1953/1/1073
f 1953/1/1073 1951/1/1072 1954/1/1074
f 1955/1/1075 1953/1/1073 1954/1/1074
f 1953/1/1073 1955/1/1075 1956/1/1076
f 1956/1/1076 1955/1/1075 1957/1/1077
f 1957/1/1077 1955/1/1075 1958/1/1078
f 1958/1/1078 1959/1/1079 1957/1/1077
f 1959/1/1079 1958/1/1078 1960/1/1079
f 1961/1/1080 1962/1/1081 1963/1/1081
f 1964/1/1082 1963/1/1081 1962/1/1081
f 1961/1/1080 1963/1/1081 1965/1/1083
f 1963/1/1081 1964/1/1082 1966/1/1084
f 1965/1/1083 1967/1/1085 1961/1/1080
f 1968/1/1086 1966/1/1084 1964/1/1082
f 1967/1/1085 1965/1/1083 1969/1/1087
f 1966/1/1084 1968/1/1086 1970/1/1086
f 1971/1/1088 1967/1/1085 1969/1/1087
f 1968/1/1086 1972/1/1089 1970/1/1086
f 1967/1/1085 1971/1/1088 1973/1/1090
f 1968/1/1086 1974/1/1091 1972/1/1089
f 1975/1/1092 1973/1/1090 1971/1/1088
f 1974/1/1091 1975/1/1092 1972/1/1089
f 1973/1/1090 1975/1/1092 1976/1/1092
f 1975/1/1092 1974/1/1091 1976/1/1092
f 1977/1/1093 1978/1/1094 1979/1/1094
f 1980/1/1095 1979/1/1094 1978/1/1094
f 1977/1/1093 1979/1/1094 1981/1/1096
f 1979/1/1094 1980/1/1095 1982/1/1097
f 1983/1/1098 1977/1/1093 1981/1/1096
f 1980/1/1095 1984/1/1099 1982/1/1097
f 1977/1/1093 1983/1/1098 1985/1/1100
f 1980/1/1095 1986/1/1099 1984/1/1099
f 1987/1/1101 1985/1/1100 1983/1/1098
f 1988/1/1102 1984/1/1099 1986/1/1099
f 1985/1/1100 1987/1/1101 1989/1/1103
f 1984/1/1099 1988/1/1102 1990/1/1104
f 1991/1/1105 1989/1/1103 1987/1/1101
f 1988/1/1102 1991/1/1105 1990/1/1104
f 1989/1/1103 1991/1/1105 1992/1/1106
f 1991/1/1105 1988/1/1102 1992/1/1106
f 1993/1/1107 1994/1/232 1995/1/233
f 1996/1/235 1994/1/232 1993/1/1107
f 1994/1/232 1997/1/233 1995/1/233
f 1994/1/232 1996/1/235 1998/1/1108
f 1999/1/236 1995/1/233 1997/1/233
f 1996/1/235 2000/1/237 1998/1/1108
f 1995/1/233 1999/1/236 2001/1/238
f 2000/1/237 1996/1/235 2002/1/1109
f 2001/1/238 1999/1/236 2003/1/1110
f 2004/1/243 2000/1/237 2002/1/1109
f 1999/1/236 2005/1/242 2003/1/1110
f 2000/1/237 2004/1/243 2006/1/243
f 2007/1/244 2003/1/1110 2005/1/242
f 2007/1/244 2006/1/243 2004/1/243
f 2003/1/1110 2007/1/244 2008/1/245
f 2008/1/245 2007/1/244 2004/1/243
f 2009/1/1111 2010/1/1112 2011/1/1113
f 2012/1/1114 2010/1/1112 2009/1/1111
f 2013/1/1115 2011/1/1113 2010/1/1112
f 2010/1/1112 2012/1/1114 2014/1/1116
f 2011/1/1113 2013/1/1115 2015/1/1117
f 2016/1/1118 2014/1/1116 2012/1/1114
f 2017/1/1119 2015/1/1117 2013/1/1115
f 2014/1/1116 2016/1/1118 2018/1/1120
f 2019/1/1121 2015/1/1117 2017/1/1119
f 2016/1/1118 2020/1/1122 2018/1/1120
f 2015/1/1117 2019/1/1121 2021/1/1123
f 2020/1/1122 2016/1/1118 2022/1/1124
f 2023/1/1125 2021/1/1123 2019/1/1121
f 2020/1/1122 2022/1/1124 2023/1/1125
f 2021/1/1123 2023/1/1125 2024/1/1126
f 2024/1/1126 2023/1/1125 2022/1/1124
f 2025/1/197 2026/1/1127 2027/1/1128
f 2028/1/1129 2026/1/1127 2025/1/197
f 2026/1/1127 2029/1/1130 2027/1/1128
f 2026/1/1127 2028/1/1129 2030/1/202
f 2031/1/205 2027/1/1128 2029/1/1130
f 2032/1/204 2030/1/202 2028/1/1129
f 2027/1/1128 2031/1/205 2033/1/1131
f 2034/1/206 2032/1/204 2028/1/1129
f 2031/1/205 2035/1/207 2033/1/1131
f 2036/1/208 2032/1/204 2034/1/206
f 2035/1/207 2031/1/205 2037/1/209
f 2032/1/204 2036/1/208 2038/1/210
f 2039/1/211 2035/1/207 2037/1/209
f 2039/1/211 2038/1/210 2036/1/208
f 2035/1/207 2039/1/211 2040/1/212
f 2040/1/212 2039/1/211 2036/1/208
f 2041/1/1132 2042/1/1133 2043/1/1134
f 2044/1/1135 2042/1/1133 2041/1/1132
f 2042/1/1133 2045/1/1136 2043/1/1134
f 2042/1/1133 2044/1/1135 2046/1/1137
f 2047/1/1138 2043/1/1134 2045/1/1136
f 2048/1/1139 2046/1/1137 2044/1/1135
f 2043/1/1134 2047/1/1138 2049/1/1140
f 2050/1/1141 2048/1/1139 2044/1/1135
f 2049/1/1140 2047/1/1138 2051/1/1142
f 2052/1/1143 2048/1/1139 2050/1/1141
f 2047/1/1138 2053/1/1144 2051/1/1142
f 2048/1/1139 2052/1/1143 2054/1/1145
f 2055/1/1146 2051/1/1142 2053/1/1144
f 2052/1/1143 2055/1/1146 2054/1/1145
f 2051/1/1142 2055/1/1146 2056/1/1147
f 2055/1/1146 2052/1/1143 2056/1/1147
f 2057/1/1 2058/1/1 2059/1/1
f 2060/1/1 2058/1/1 2057/1/1
f 2061/1/1 2058/1/1 2060/1/1
f 2061/1/1 2062/1/1 2058/1/1
f 2063/1/1 2062/1/1 2061/1/1
f 2062/1/1 2063/1/1 2064/1/1
f 2065/1/1148 2066/1/1149 2067/1/1149
f 2067/1/1149 2066/1/1149 2068/1/1150
f 2066/1/1149 2065/1/1148 2069/1/1151
f 2070/1/1152 2068/1/1150 2066/1/1149
f 2071/1/1153 2069/1/1151 2065/1/1148
f 2070/1/1152 2072/1/1154 2068/1/1150
f 2069/1/1151 2071/1/1153 2073/1/1117
f 2072/1/1154 2070/1/1152 2074/1/1118
f 2073/1/1117 2071/1/1153 2075/1/1155
f 2076/1/1156 2072/1/1154 2074/1/1118
f 2077/1/1157 2075/1/1155 2071/1/1153
f 2072/1/1154 2076/1/1156 2078/1/1158
f 2075/1/1155 2077/1/1157 2079/1/1159
f 2079/1/1159 2078/1/1158 2076/1/1156
f 2080/1/1160 2079/1/1159 2077/1/1157
f 2078/1/1158 2079/1/1159 2080/1/1160
f 2081/1/786 2082/1/786 2083/1/788
f 2084/1/789 2082/1/786 2081/1/786
f 2082/1/786 2085/1/790 2083/1/788
f 2082/1/786 2084/1/789 2086/1/791
f 2087/1/1161 2083/1/788 2085/1/790
f 2084/1/789 2088/1/1162 2086/1/791
f 2083/1/788 2087/1/1161 2089/1/794
f 2088/1/1162 2084/1/789 2090/1/1163
f 2089/1/794 2087/1/1161 2091/1/796
f 2092/1/797 2088/1/1162 2090/1/1163
f 2087/1/1161 2093/1/798 2091/1/796
f 2088/1/1162 2092/1/797 2094/1/799
f 2095/1/1164 2091/1/796 2093/1/798
f 2095/1/1164 2094/1/799 2092/1/797
f 2091/1/796 2095/1/1164 2096/1/801
f 2096/1/801 2095/1/1164 2092/1/797
f 2097/1/46 2098/1/229 2099/1/229
f 2098/1/229 2097/1/46 2100/1/46
f 2099/1/229 2098/1/229 2101/1/153
f 2101/1/153 2098/1/229 2102/1/153
f 2102/1/153 2103/1/1165 2101/1/153
f 2103/1/1165 2102/1/153 2104/1/230
f 2103/1/1165 2104/1/230 2105/1/1
f 2106/1/1 2103/1/1165 2105/1/1
f 2107/1/1166 2108/1/1166 2109/1/1166
f 2110/1/1167 2111/1/1167 2112/1/1167
f 2113/1/1168 2114/1/1168 2115/1/1168
f 2116/1/1169 2117/1/1169 2118/1/1169
f 2119/1/1 2120/1/1 2121/1/1
f 2122/1/1 2121/1/1 2120/1/1
f 2120/1/1 2119/1/1 2123/1/1
f 2122/1/1 2120/1/1 2124/1/1
f 2119/1/1 2125/1/1 2123/1/1
f 2124/1/1 2126/1/1 2122/1/1
f 2125/1/1 2119/1/1 2127/1/1
f 2128/1/1 2126/1/1 2124/1/1
f 2127/1/1 2129/1/1 2125/1/1
f 2130/1/1 2126/1/1 2128/1/1
f 2127/1/1 2131/1/1 2129/1/1
f 2126/1/1 2130/1/1 2132/1/1
f 2133/1/1 2129/1/1 2131/1/1
f 2134/1/1 2132/1/1 2130/1/1
f 2129/1/1 2133/1/1 2134/1/1
f 2132/1/1 2134/1/1 2133/1/1
f 2135/1/1170 2136/1/1171 2137/1/1172
f 2138/1/1173 2136/1/1171 2135/1/1170
f 2136/1/1171 2139/1/1172 2137/1/1172
f 2136/1/1171 2138/1/1173 2140/1/1174
f 2141/1/1175 2137/1/1172 2139/1/1172
f 2142/1/1176 2140/1/1174 2138/1/1173
f 2137/1/1172 2141/1/1175 2143/1/1177
f 2144/1/1178 2142/1/1176 2138/1/1173
f 2145/1/1179 2143/1/1177 2141/1/1175
f 2146/1/1180 2142/1/1176 2144/1/1178
f 2145/1/1179 2141/1/1175 2147/1/1179
f 2142/1/1176 2146/1/1180 2148/1/1181
f 2149/1/1182 2145/1/1179 2147/1/1179
f 2149/1/1182 2148/1/1181 2146/1/1180
f 2145/1/1179 2149/1/1182 2150/1/1183
f 2150/1/1183 2149/1/1182 2146/1/1180
f 2151/1/1132 2152/1/1133 2153/1/1134
f 2154/1/1135 2152/1/1133 2151/1/1132
f 2152/1/1133 2155/1/1136 2153/1/1134
f 2152/1/1133 2154/1/1135 2156/1/1137
f 2157/1/1138 2153/1/1134 2155/1/1136
f 2158/1/1184 2156/1/1137 2154/1/1135
f 2153/1/1134 2157/1/1138 2159/1/1140
f 2160/1/1141 2158/1/1184 2154/1/1135
f 2159/1/1140 2157/1/1138 2161/1/1142
f 2162/1/1143 2158/1/1184 2160/1/1141
f 2157/1/1138 2163/1/1144 2161/1/1142
f 2158/1/1184 2162/1/1143 2164/1/1145
f 2165/1/1185 2161/1/1142 2163/1/1144
f 2162/1/1143 2165/1/1185 2164/1/1145
f 2161/1/1142 2165/1/1185 2166/1/1186
f 2165/1/1185 2162/1/1143 2166/1/1186
f 2167/1/1187 2168/1/1188 2169/1/1187
f 2169/1/1187 2170/1/1188 2167/1/1187
f 2171/1/1189 2172/1/1190 2173/1/1191
f 2172/1/1190 2171/1/1189 2174/1/1189
f 2175/1/609 2176/1/610 2177/1/609
f 2176/1/610 2175/1/609 2178/1/610
f 2179/1/1188 2180/1/1192 2181/1/1188
f 2180/1/1192 2179/1/1188 2182/1/1188
f 2183/1/1188 2184/1/1193 2185/1/1192
f 2185/1/1192 2186/1/1187 2183/1/1188
f 2187/1/1190 2188/1/1189 2189/1/1189
f 2189/1/1189 2190/1/1189 2187/1/1190
f 2191/1/1189 2192/1/1189 2193/1/1189
f 2192/1/1189 2191/1/1189 2194/1/1190
f 2195/1/1194 2196/1/1194 2197/1/1195
f 2197/1/1195 2198/1/608 2195/1/1194
f 2199/1/1187 2200/1/1192 2201/1/1188
f 2199/1/1187 2202/1/1188 2200/1/1192
f 2203/1/1196 2204/1/1197 2205/1/1198
f 2203/1/1196 2205/1/1198 2206/1/1199
f 2204/1/1197 2207/1/1200 2205/1/1198
f 2208/1/1201 2203/1/1196 2206/1/1199
f 2207/1/1200 2204/1/1197 2209/1/1202
f 2208/1/1201 2206/1/1199 2210/1/1203
f 2211/1/1204 2207/1/1200 2209/1/1202
f 2212/1/1205 2208/1/1201 2210/1/1203
f 2207/1/1200 2211/1/1204 2213/1/1206
f 2208/1/1201 2212/1/1205 2214/1/1205
f 2215/1/1207 2213/1/1206 2211/1/1204
f 2216/1/1208 2214/1/1205 2212/1/1205
f 2213/1/1206 2215/1/1207 2217/1/1209
f 2216/1/1208 2217/1/1209 2215/1/1207
f 2217/1/1209 2216/1/1208 2218/1/1210
f 2216/1/1208 2212/1/1205 2218/1/1210
f 2219/1/1188 2220/1/1192 2221/1/1188
f 2220/1/1192 2219/1/1188 2222/1/1188
f 2223/1/1192 2224/1/1187 2225/1/1188
f 2225/1/1188 2226/1/1193 2223/1/1192
f 2227/1/1190 2228/1/1211 2229/1/1189
f 2227/1/1190 2229/1/1189 2230/1/1189
f 2231/1/1189 2232/1/1189 2233/1/1190
f 2233/1/1190 2234/1/1189 2231/1/1189
f 2235/1/1189 2236/1/1189 2237/1/1189
f 2236/1/1189 2235/1/1189 2238/1/1190
f 2239/1/1212 2240/1/1213 2241/1/1214
f 2240/1/1213 2242/1/1215 2241/1/1214
f 2240/1/1213 2239/1/1212 2243/1/1216
f 2240/1/1213 2244/1/1217 2242/1/1215
f 2243/1/1216 2239/1/1212 2245/1/1218
f 2246/1/1219 2242/1/1215 2244/1/1217
f 2239/1/1212 2247/1/1220 2245/1/1218
f 2242/1/1215 2246/1/1219 2248/1/1221
f 2249/1/1222 2245/1/1218 2247/1/1220
f 2246/1/1219 2250/1/1223 2248/1/1221
f 2245/1/1218 2249/1/1222 2251/1/1224
f 2246/1/1219 2252/1/1225 2250/1/1223
f 2253/1/1226 2251/1/1224 2249/1/1222
f 2253/1/1226 2250/1/1223 2252/1/1225
f 2253/1/1226 2249/1/1222 2254/1/1226
f 2250/1/1223 2253/1/1226 2254/1/1226
f 2255/1/46 2256/1/46 2257/1/46
f 2255/1/46 2257/1/46 2258/1/46
f 2259/1/1227 2260/1/1228 2261/1/1229
f 2260/1/1228 2259/1/1227 2262/1/1227
f 2263/1/1230 2261/1/1229 2260/1/1228
f 2264/1/1231 2262/1/1227 2259/1/1227
f 2261/1/1229 2263/1/1230 2265/1/1232
f 2266/1/1233 2265/1/1232 2263/1/1230
f 2266/1/1233 2263/1/1230 2267/1/1234
f 2262/1/1227 2264/1/1231 2268/1/1231
f 2269/1/1235 2268/1/1231 2264/1/1231
f 2268/1/1231 2269/1/1235 2270/1/1236
f 2271/1/1 2270/1/1236 2269/1/1235
f 2270/1/1236 2271/1/1 2272/1/1
f 2271/1/1 2273/1/1237 2272/1/1
f 2271/1/1 2274/1/1238 2273/1/1237
f 2274/1/1238 2275/1/1239 2273/1/1237
f 2274/1/1238 2276/1/1240 2275/1/1239
f 2276/1/1240 2277/1/1241 2275/1/1239
f 2276/1/1240 2278/1/1242 2277/1/1241
f 2279/1/1243 2277/1/1241 2278/1/1242
f 2277/1/1241 2279/1/1243 2280/1/1244
f 2281/1/1245 2280/1/1244 2279/1/1243
f 2280/1/1244 2281/1/1245 2282/1/1246
f 2283/1/1247 2282/1/1246 2281/1/1245
f 2282/1/1246 2283/1/1247 2284/1/1248
f 2285/1/1249 2286/1/1250 2287/1/443
f 2288/1/1251 2285/1/1249 2287/1/443
f 2286/1/1250 2285/1/1249 2289/1/1250
f 2285/1/1249 2288/1/1251 2290/1/1252
f 2291/1/437 2286/1/1250 2289/1/1250
f 2288/1/1251 2292/1/1253 2290/1/1252
f 2286/1/1250 2291/1/437 2293/1/410
f 2292/1/1253 2288/1/1251 2294/1/436
f 2293/1/410 2291/1/437 2295/1/1254
f 2296/1/1255 2292/1/1253 2294/1/436
f 2297/1/1256 2295/1/1254 2291/1/437
f 2292/1/1253 2296/1/1255 2298/1/1255
f 2299/1/1257 2295/1/1254 2297/1/1256
f 2296/1/1255 2299/1/1257 2298/1/1255
f 2295/1/1254 2299/1/1257 2300/1/432
f 2299/1/1257 2296/1/1255 2300/1/432
f 2301/1/46 2302/1/46 2303/1/46
f 2301/1/46 2303/1/46 2304/1/46
f 2305/1/46 2306/1/46 2307/1/46
f 2307/1/46 2308/1/46 2305/1/46
f 2309/1/46 2310/1/46 2311/1/46
f 2310/1/46 2309/1/46 2312/1/46
f 2313/1/46 2314/1/46 2315/1/46
f 2315/1/46 2316/1/46 2313/1/46
f 2317/1/46 2318/1/46 2319/1/46
f 2318/1/46 2317/1/46 2320/1/46
