# Blender 5.1.1
# www.blender.org
mtllib singularity.mtl
o 17644069699
v -0.384157 0.325740 -0.133771
v -0.384157 0.361584 -0.000000
v -0.458636 0.392421 -0.000000
v -0.384157 0.325740 0.133771
v -0.320168 0.283238 -0.109232
v -0.384157 0.227813 -0.231698
v -0.320168 0.283238 0.109232
v -0.384157 0.227813 0.231698
v -0.320168 0.312507 -0.000000
v -0.320168 0.203275 -0.189195
v -0.320168 0.203275 0.189195
v -0.241278 0.211360 -0.067733
v -0.241278 0.161776 -0.117317
v -0.241278 0.229510 -0.000000
v -0.145954 0.171108 -0.044494
v -0.241278 0.211360 0.067733
v -0.145954 0.183030 -0.000000
v -0.241278 0.161776 0.117317
v -0.145954 0.171108 0.044494
v -0.241278 0.094043 0.135467
v -0.145954 0.138537 0.077065
v -0.006932 0.136566 0.024551
v -0.006932 0.136566 -0.024551
v -0.320168 0.094043 0.218464
v -0.384157 0.094043 0.267542
v -0.320168 -0.015188 0.189195
v -0.458637 0.094043 0.298379
v -0.458637 0.243233 0.258404
v -0.384157 -0.039727 0.231698
v -0.538552 0.094043 0.308896
v -0.538552 0.248490 0.267512
v -0.618468 0.243233 0.258404
v -0.241278 0.026310 0.117317
v -0.458637 -0.055146 0.258404
v -0.320168 -0.095152 0.109232
v -0.618468 0.094043 0.298379
v -0.692944 0.227815 0.231699
v -0.692944 0.094043 0.267544
v -0.692944 -0.039728 0.231699
v -0.618468 -0.055146 0.258404
v -0.538552 -0.060404 0.267512
v -0.538552 -0.173468 0.154448
v -0.618468 -0.164360 0.149189
v -0.458637 -0.164360 0.149189
v -0.538552 -0.214852 0.000000
v -0.692944 -0.137656 0.133772
v -0.756909 -0.015200 0.189215
v -0.384157 -0.137655 0.133771
v -0.618468 -0.204335 0.000000
v -0.756909 -0.095172 0.109243
v -0.806007 -0.039797 0.077273
v -0.692944 -0.173500 0.000000
v -0.756909 -0.124443 0.000000
v -0.806007 -0.060502 0.000000
v -0.836887 0.024696 0.040037
v -0.756909 -0.095172 -0.109243
v -0.836887 0.013968 0.000000
v -0.847449 0.094043 0.000000
v -0.836887 0.024696 -0.040037
v -0.806007 -0.039797 -0.077273
v -0.836887 0.054006 -0.069347
v -0.836887 0.094043 -0.080075
v -0.806007 0.016771 -0.133840
v -0.806007 0.094043 -0.154546
v -0.756909 -0.015200 -0.189215
v -0.692944 -0.137656 -0.133772
v -0.692944 -0.039728 -0.231700
v -0.618468 -0.164360 -0.149189
v -0.618468 -0.055146 -0.258404
v -0.618468 0.094043 -0.298379
v -0.538552 -0.173468 -0.154448
v -0.538552 0.094043 -0.308896
v -0.538552 -0.060404 -0.267512
v -0.458637 -0.055146 -0.258404
v -0.458637 -0.164360 -0.149189
v -0.458637 0.094043 -0.298379
v -0.458637 0.243233 -0.258404
v -0.384157 -0.039727 -0.231698
v -0.384157 0.094043 -0.267542
v -0.320168 0.094043 -0.218464
v -0.320168 -0.015188 -0.189195
v -0.241278 0.094043 -0.135467
v -0.320168 -0.095152 -0.109232
v -0.384157 -0.137655 -0.133771
v -0.458637 -0.204336 0.000000
v -0.384157 -0.173498 0.000000
v -0.241278 0.026310 -0.117317
v -0.320168 -0.124420 0.000000
v -0.241278 -0.023274 -0.067733
v -0.241278 -0.023274 0.067733
v -0.241278 -0.041423 0.000000
v -0.145954 0.016978 -0.044494
v -0.145954 0.049550 -0.077065
v -0.145954 0.016978 0.044494
v -0.145954 0.049550 0.077065
v -0.145954 0.005056 0.000000
v -0.006932 0.051520 0.024551
v -0.145954 0.094043 0.088987
v -0.006932 0.069493 0.042523
v -0.006932 0.051520 -0.024551
v -0.006932 0.044942 0.000000
v 0.203974 0.076753 0.009982
v -0.006932 0.094043 0.049101
v -0.006932 0.118594 0.042523
v 0.203974 0.084061 0.017290
v 0.203974 0.104026 0.017290
v 0.203974 0.094043 0.019965
v 0.312582 0.081322 0.007344
v 0.312582 0.086699 0.012721
v 0.203974 0.074079 0.000000
v 1.193368 0.086712 0.004233
v 0.203974 0.076753 -0.009982
v 0.312582 0.079354 0.000000
v 0.312582 0.081322 -0.007344
v -0.006932 0.069493 -0.042523
v 0.203974 0.084061 -0.017290
v -0.145954 0.094043 -0.088987
v -0.006932 0.094043 -0.049101
v -0.145954 0.138537 -0.077065
v -0.006932 0.118594 -0.042523
v 0.203974 0.104026 -0.017290
v 0.203974 0.094043 -0.019965
v 0.203974 0.111333 -0.009982
v 0.312582 0.086699 -0.012721
v 0.312582 0.101388 -0.012721
v 0.312582 0.094043 -0.014689
v 1.193368 0.086712 -0.004233
v 1.193368 0.089811 -0.007331
v 1.193368 0.098276 -0.007331
v 1.193368 0.085578 0.000000
v 1.193368 0.094043 -0.008465
v 1.197459 0.091725 -0.004015
v 1.197459 0.090028 -0.002318
v 1.197459 0.089407 0.000000
v 1.197459 0.090028 0.002318
v 1.197459 0.091725 0.004015
v 1.193368 0.089811 0.007331
v 1.197459 0.094043 -0.004636
v 0.312582 0.094043 0.014689
v 1.193368 0.094043 0.008465
v 1.197459 0.094043 0.004636
v 1.197459 0.098679 -0.000000
v 1.197459 0.096361 -0.004015
v 1.197459 0.096361 0.004015
v 1.197459 0.098058 -0.002318
v 1.193368 0.098276 0.007331
v 1.197459 0.098058 0.002318
v 0.312582 0.101388 0.012721
v 1.193368 0.101374 0.004233
v 1.193368 0.102509 -0.000000
v 0.203974 0.111333 0.009982
v 0.312582 0.106764 0.007344
v 0.312582 0.108732 -0.000000
v 1.193368 0.101374 -0.004233
v 0.312582 0.106764 -0.007344
v 0.203974 0.114008 -0.000000
v -0.006932 0.143145 -0.000000
v -0.756909 0.094043 0.218487
v -0.806007 0.094043 0.154546
v -0.756909 0.203287 0.189215
v -0.806007 0.171316 0.133840
v -0.836887 0.094043 0.080075
v -0.806007 0.016771 0.133840
v -0.836887 0.134081 0.069347
v -0.806007 0.227884 0.077273
v -0.836887 0.054006 0.069347
v -0.836887 0.163390 0.040037
v -0.806007 0.248589 -0.000000
v -0.836887 0.174118 -0.000000
v -0.756909 0.283257 0.109243
v -0.836887 0.163390 -0.040037
v -0.756909 0.312530 -0.000000
v -0.692944 0.325742 0.133772
v -0.806007 0.227884 -0.077273
v -0.756909 0.283259 -0.109243
v -0.692944 0.361586 -0.000000
v -0.836887 0.134081 -0.069347
v -0.756909 0.203287 -0.189215
v -0.806007 0.171316 -0.133840
v -0.692944 0.325742 -0.133772
v -0.756909 0.094043 -0.218487
v -0.618468 0.392421 -0.000000
v -0.692944 0.227815 -0.231699
v -0.692944 0.094043 -0.267544
v -0.618468 0.352447 -0.149189
v -0.618468 0.352447 0.149189
v -0.538552 0.402938 -0.000000
v -0.618468 0.243233 -0.258404
v -0.538552 0.361555 -0.154448
v -0.538552 0.248490 -0.267512
v -0.458636 0.352447 -0.149189
v -0.538552 0.361555 0.154448
v -0.458636 0.352447 0.149189
vn -0.4911 -0.7546 0.4352
vn -0.4909 -0.8712 0.0002
vn -0.2536 -0.9673 0.0007
vn -0.4911 -0.7546 -0.4352
vn -0.6620 -0.6491 0.3746
vn -0.4910 -0.4352 0.7546
vn -0.6624 -0.6488 -0.3746
vn -0.4910 -0.4352 -0.7546
vn -0.6624 -0.7492 -0.0000
vn -0.6624 -0.3746 0.6488
vn -0.6620 -0.3746 -0.6491
vn -0.6054 -0.6891 0.3982
vn -0.6053 -0.3980 0.6893
vn -0.6055 -0.7959 0.0005
vn -0.3633 -0.8069 0.4658
vn -0.6054 -0.6891 -0.3982
vn -0.3632 -0.9317 0.0003
vn -0.6053 -0.3980 -0.6893
vn -0.3633 -0.8069 -0.4658
vn -0.6055 0.0005 -0.7959
vn -0.3633 -0.4658 -0.8069
vn -0.2088 -0.8468 -0.4892
vn -0.2088 -0.8468 0.4892
vn -0.6624 -0.0000 -0.7492
vn -0.4910 0.0004 -0.8711
vn -0.6624 0.3746 -0.6488
vn -0.2536 0.0005 -0.9673
vn -0.2536 -0.4839 -0.8376
vn -0.4909 0.4354 -0.7546
vn 0.0002 0.0003 -1.0000
vn 0.0004 -0.4997 -0.8662
vn 0.2533 -0.4841 -0.8376
vn -0.6053 0.3980 -0.6893
vn -0.2536 0.4839 -0.8376
vn -0.6619 0.6492 -0.3746
vn 0.2533 0.0004 -0.9674
vn 0.4907 -0.4357 -0.7546
vn 0.4909 0.0005 -0.8712
vn 0.4907 0.4357 -0.7546
vn 0.2535 0.4837 -0.8377
vn 0.0003 0.4998 -0.8661
vn 0.0003 0.8661 -0.4998
vn 0.2533 0.8376 -0.4839
vn -0.2537 0.8375 -0.4840
vn 0.0002 1.0000 0.0003
vn 0.4907 0.7546 -0.4357
vn 0.6959 0.3591 -0.6219
vn -0.4910 0.7546 -0.4352
vn 0.2533 0.9674 0.0004
vn 0.6960 0.6218 -0.3590
vn 0.8564 0.4471 -0.2584
vn 0.4908 0.8713 0.0003
vn 0.6962 0.7179 0.0005
vn 0.8563 0.5164 0.0004
vn 0.9602 0.2418 -0.1396
vn 0.6959 0.6219 0.3591
vn 0.9603 0.2791 0.0006
vn 1.0000 0.0002 0.0002
vn 0.9602 0.2418 0.1396
vn 0.8565 0.4471 0.2581
vn 0.9602 0.1396 0.2418
vn 0.9602 -0.0000 0.2792
vn 0.8565 0.2581 0.4471
vn 0.8563 0.0004 0.5164
vn 0.6959 0.3591 0.6219
vn 0.4907 0.7546 0.4357
vn 0.4907 0.4357 0.7546
vn 0.2533 0.8376 0.4839
vn 0.2535 0.4837 0.8377
vn 0.2533 0.0004 0.9674
vn -0.0000 0.8660 0.5000
vn 0.0002 0.0003 1.0000
vn 0.0004 0.4997 0.8662
vn -0.2536 0.4839 0.8376
vn -0.2537 0.8375 0.4840
vn -0.2536 0.0005 0.9673
vn -0.2537 -0.4840 0.8375
vn -0.4909 0.4354 0.7546
vn -0.4910 0.0004 0.8711
vn -0.6624 -0.0000 0.7492
vn -0.6620 0.3746 0.6491
vn -0.6054 -0.0000 0.7960
vn -0.6619 0.6492 0.3746
vn -0.4910 0.7546 0.4352
vn -0.2536 0.9673 0.0007
vn -0.4910 0.8711 0.0004
vn -0.6053 0.3980 0.6893
vn -0.6624 0.7492 0.0003
vn -0.6053 0.6893 0.3980
vn -0.6053 0.6893 -0.3980
vn -0.6053 0.7960 -0.0000
vn -0.3633 0.8069 0.4658
vn -0.3633 0.4658 0.8069
vn -0.3633 0.8069 -0.4658
vn -0.3633 0.4658 -0.8069
vn -0.3632 0.9317 0.0003
vn -0.2089 0.8468 -0.4891
vn -0.3632 0.0003 -0.9317
vn -0.2092 0.4889 -0.8469
vn -0.2089 0.8468 0.4891
vn -0.2090 0.9779 0.0003
vn -0.0935 0.8622 -0.4978
vn -0.2090 0.0003 -0.9779
vn -0.2088 -0.4892 -0.8468
vn -0.0935 0.4978 -0.8622
vn -0.0935 -0.4978 -0.8622
vn -0.0935 -0.0000 -0.9956
vn -0.0279 0.8657 -0.4998
vn -0.0279 0.4998 -0.8657
vn -0.0935 0.9956 -0.0000
vn -0.3514 0.8108 -0.4681
vn -0.0935 0.8622 0.4978
vn -0.0279 0.9996 -0.0000
vn -0.0279 0.8657 0.4998
vn -0.2092 0.4889 0.8469
vn -0.0935 0.4978 0.8622
vn -0.3632 0.0003 0.9317
vn -0.2090 0.0003 0.9779
vn -0.3633 -0.4658 0.8069
vn -0.2089 -0.4891 0.8468
vn -0.0935 -0.4978 0.8622
vn -0.0935 -0.0000 0.9956
vn -0.0935 -0.8622 0.4978
vn -0.0279 0.4998 0.8657
vn -0.0279 -0.4998 0.8657
vn -0.0280 0.0004 0.9996
vn -0.3514 0.8108 0.4681
vn -0.3514 0.4680 0.8108
vn -0.3515 -0.4681 0.8108
vn -0.3514 0.9362 -0.0000
vn -0.3514 -0.0000 0.9362
vn -0.8927 0.2253 0.3903
vn -0.8927 0.3903 0.2253
vn -0.8926 0.4508 0.0003
vn -0.8927 0.3903 -0.2253
vn -0.8927 0.2253 -0.3903
vn -0.3514 0.4680 -0.8108
vn -0.8927 -0.0000 0.4507
vn -0.0280 0.0004 -0.9996
vn -0.3514 -0.0000 -0.9362
vn -0.8927 -0.0000 -0.4507
vn -0.8926 -0.4508 0.0004
vn -0.8928 -0.2250 0.3904
vn -0.8927 -0.2253 -0.3903
vn -0.8927 -0.3903 0.2253
vn -0.3515 -0.4681 -0.8108
vn -0.8927 -0.3903 -0.2253
vn -0.0279 -0.4998 -0.8657
vn -0.3515 -0.8107 -0.4682
vn -0.3515 -0.9362 -0.0000
vn -0.0935 -0.8622 -0.4978
vn -0.0279 -0.8657 -0.4998
vn -0.0280 -0.9996 0.0004
vn -0.3515 -0.8107 0.4682
vn -0.0279 -0.8657 0.4998
vn -0.0935 -0.9956 -0.0000
vn -0.2089 -0.9779 0.0005
vn 0.6962 0.0005 -0.7179
vn 0.8563 0.0004 -0.5164
vn 0.6960 -0.3590 -0.6218
vn 0.8565 -0.2581 -0.4471
vn 0.9602 -0.0000 -0.2792
vn 0.8565 0.2581 -0.4471
vn 0.9602 -0.1396 -0.2418
vn 0.8565 -0.4471 -0.2581
vn 0.9602 0.1396 -0.2418
vn 0.9602 -0.2418 -0.1396
vn 0.8563 -0.5164 0.0004
vn 0.9603 -0.2791 0.0005
vn 0.6959 -0.6219 -0.3591
vn 0.9602 -0.2418 0.1396
vn 0.6962 -0.7179 0.0005
vn 0.4907 -0.7546 -0.4357
vn 0.8565 -0.4471 0.2581
vn 0.6962 -0.6216 0.3589
vn 0.4909 -0.8712 0.0005
vn 0.9602 -0.1396 0.2418
vn 0.6959 -0.3591 0.6219
vn 0.8565 -0.2581 0.4471
vn 0.4907 -0.7546 0.4357
vn 0.6962 0.0005 0.7179
vn 0.2532 -0.9674 0.0006
vn 0.4907 -0.4357 0.7546
vn 0.4909 0.0005 0.8712
vn 0.2535 -0.8377 0.4837
vn 0.2535 -0.8377 -0.4837
vn 0.0002 -1.0000 0.0003
vn 0.2533 -0.4841 0.8376
vn -0.0000 -0.8660 0.5000
vn 0.0004 -0.4997 0.8662
vn -0.2537 -0.8375 0.4840
vn -0.0000 -0.8660 -0.5000
vn -0.2537 -0.8375 -0.4840
vt 0.000000 0.000000
s 1
f 1/1/1 2/1/2 3/1/3
f 4/1/4 3/1/3 2/1/2
f 2/1/2 1/1/1 5/1/5
f 6/1/6 5/1/5 1/1/1
f 2/1/2 7/1/7 4/1/4
f 8/1/8 4/1/4 7/1/7
f 5/1/5 9/1/9 2/1/2
f 7/1/7 2/1/2 9/1/9
f 5/1/5 6/1/6 10/1/10
f 8/1/8 7/1/7 11/1/11
f 12/1/12 9/1/9 5/1/5
f 5/1/5 13/1/13 12/1/12
f 13/1/13 5/1/5 10/1/10
f 9/1/9 12/1/12 14/1/14
f 13/1/13 15/1/15 12/1/12
f 15/1/15 14/1/14 12/1/12
f 16/1/16 9/1/9 14/1/14
f 7/1/7 9/1/9 16/1/16
f 14/1/14 15/1/15 17/1/17
f 7/1/7 16/1/16 18/1/18
f 11/1/11 7/1/7 18/1/18
f 14/1/14 19/1/19 16/1/16
f 19/1/19 18/1/18 16/1/16
f 14/1/14 17/1/17 19/1/19
f 20/1/20 11/1/11 18/1/18
f 18/1/18 19/1/19 21/1/21
f 21/1/21 20/1/20 18/1/18
f 17/1/17 22/1/22 19/1/19
f 22/1/22 21/1/21 19/1/19
f 23/1/23 17/1/17 15/1/15
f 11/1/11 20/1/20 24/1/24
f 11/1/11 24/1/24 25/1/25
f 25/1/25 8/1/8 11/1/11
f 26/1/26 25/1/25 24/1/24
f 20/1/20 26/1/26 24/1/24
f 8/1/8 25/1/25 27/1/27
f 27/1/27 28/1/28 8/1/8
f 25/1/25 26/1/26 29/1/29
f 29/1/29 27/1/27 25/1/25
f 28/1/28 27/1/27 30/1/30
f 30/1/30 31/1/31 28/1/28
f 30/1/30 32/1/32 31/1/31
f 26/1/26 20/1/20 33/1/33
f 34/1/34 30/1/30 27/1/27
f 27/1/27 29/1/29 34/1/34
f 35/1/35 29/1/29 26/1/26
f 33/1/33 35/1/35 26/1/26
f 32/1/32 30/1/30 36/1/36
f 36/1/36 37/1/37 32/1/32
f 37/1/37 36/1/36 38/1/38
f 38/1/38 36/1/36 39/1/39
f 40/1/40 36/1/36 30/1/30
f 36/1/36 40/1/40 39/1/39
f 30/1/30 41/1/41 40/1/40
f 30/1/30 34/1/34 41/1/41
f 42/1/42 40/1/40 41/1/41
f 34/1/34 42/1/42 41/1/41
f 43/1/43 39/1/39 40/1/40
f 40/1/40 42/1/42 43/1/43
f 42/1/42 34/1/34 44/1/44
f 29/1/29 44/1/44 34/1/34
f 45/1/45 43/1/43 42/1/42
f 44/1/44 45/1/45 42/1/42
f 39/1/39 43/1/43 46/1/46
f 46/1/46 47/1/47 39/1/39
f 44/1/44 29/1/29 48/1/48
f 49/1/49 46/1/46 43/1/43
f 43/1/43 45/1/45 49/1/49
f 29/1/29 35/1/35 48/1/48
f 47/1/47 46/1/46 50/1/50
f 47/1/47 50/1/50 51/1/51
f 46/1/46 49/1/49 52/1/52
f 52/1/52 50/1/50 46/1/46
f 50/1/50 52/1/52 53/1/53
f 50/1/50 54/1/54 51/1/51
f 54/1/54 50/1/50 53/1/53
f 54/1/54 55/1/55 51/1/51
f 52/1/52 56/1/56 53/1/53
f 56/1/56 54/1/54 53/1/53
f 55/1/55 54/1/54 57/1/57
f 55/1/55 57/1/57 58/1/58
f 54/1/54 59/1/59 57/1/57
f 57/1/57 59/1/59 58/1/58
f 59/1/59 54/1/54 60/1/60
f 54/1/54 56/1/56 60/1/60
f 59/1/59 61/1/61 58/1/58
f 59/1/59 60/1/60 61/1/61
f 61/1/61 62/1/62 58/1/58
f 63/1/63 62/1/62 61/1/61
f 60/1/60 63/1/63 61/1/61
f 64/1/64 62/1/62 63/1/63
f 65/1/65 64/1/64 63/1/63
f 60/1/60 65/1/65 63/1/63
f 65/1/65 60/1/60 56/1/56
f 65/1/65 56/1/56 66/1/66
f 56/1/56 52/1/52 66/1/66
f 66/1/66 67/1/67 65/1/65
f 49/1/49 66/1/66 52/1/52
f 66/1/66 49/1/49 68/1/68
f 68/1/68 67/1/67 66/1/66
f 45/1/45 68/1/68 49/1/49
f 67/1/67 68/1/68 69/1/69
f 70/1/70 67/1/67 69/1/69
f 68/1/68 45/1/45 71/1/71
f 71/1/71 69/1/69 68/1/68
f 69/1/69 72/1/72 70/1/70
f 69/1/69 71/1/71 73/1/73
f 72/1/72 69/1/69 73/1/73
f 71/1/71 74/1/74 73/1/73
f 72/1/72 73/1/73 74/1/74
f 45/1/45 75/1/75 71/1/71
f 74/1/74 71/1/71 75/1/75
f 74/1/74 76/1/76 72/1/72
f 77/1/77 72/1/72 76/1/76
f 76/1/76 6/1/6 77/1/77
f 76/1/76 74/1/74 78/1/78
f 75/1/75 78/1/78 74/1/74
f 6/1/6 76/1/76 79/1/79
f 78/1/78 79/1/79 76/1/76
f 79/1/79 10/1/10 6/1/6
f 10/1/10 79/1/79 80/1/80
f 79/1/79 78/1/78 81/1/81
f 81/1/81 80/1/80 79/1/79
f 82/1/82 10/1/10 80/1/80
f 80/1/80 81/1/81 82/1/82
f 10/1/10 82/1/82 13/1/13
f 83/1/83 81/1/81 78/1/78
f 78/1/78 75/1/75 84/1/84
f 83/1/83 78/1/78 84/1/84
f 85/1/85 84/1/84 75/1/75
f 75/1/75 45/1/45 85/1/85
f 45/1/45 44/1/44 85/1/85
f 48/1/48 85/1/85 44/1/44
f 84/1/84 85/1/85 86/1/86
f 85/1/85 48/1/48 86/1/86
f 86/1/86 83/1/83 84/1/84
f 86/1/86 48/1/48 35/1/35
f 83/1/83 87/1/87 81/1/81
f 82/1/82 81/1/81 87/1/87
f 83/1/83 86/1/86 88/1/88
f 86/1/86 35/1/35 88/1/88
f 87/1/87 83/1/83 89/1/89
f 88/1/88 89/1/89 83/1/83
f 90/1/90 88/1/88 35/1/35
f 35/1/35 33/1/33 90/1/90
f 89/1/89 88/1/88 91/1/91
f 88/1/88 90/1/90 91/1/91
f 92/1/92 87/1/87 89/1/89
f 92/1/92 89/1/89 91/1/91
f 87/1/87 92/1/92 93/1/93
f 93/1/93 82/1/82 87/1/87
f 33/1/33 94/1/94 90/1/90
f 94/1/94 91/1/91 90/1/90
f 33/1/33 95/1/95 94/1/94
f 20/1/20 95/1/95 33/1/33
f 91/1/91 94/1/94 96/1/96
f 92/1/92 91/1/91 96/1/96
f 97/1/97 94/1/94 95/1/95
f 97/1/97 96/1/96 94/1/94
f 20/1/20 98/1/98 95/1/95
f 20/1/20 21/1/21 98/1/98
f 95/1/95 99/1/99 97/1/97
f 98/1/98 99/1/99 95/1/95
f 100/1/100 92/1/92 96/1/96
f 100/1/100 93/1/93 92/1/92
f 96/1/96 97/1/97 101/1/101
f 100/1/100 96/1/96 101/1/101
f 102/1/102 97/1/97 99/1/99
f 102/1/102 101/1/101 97/1/97
f 99/1/99 98/1/98 103/1/103
f 104/1/104 98/1/98 21/1/21
f 98/1/98 104/1/104 103/1/103
f 21/1/21 22/1/22 104/1/104
f 103/1/103 105/1/105 99/1/99
f 99/1/99 105/1/105 102/1/102
f 106/1/106 103/1/103 104/1/104
f 106/1/106 104/1/104 22/1/22
f 103/1/103 107/1/107 105/1/105
f 103/1/103 106/1/106 107/1/107
f 105/1/105 108/1/108 102/1/102
f 107/1/107 109/1/109 105/1/105
f 105/1/105 109/1/109 108/1/108
f 108/1/108 110/1/110 102/1/102
f 101/1/101 102/1/102 110/1/110
f 111/1/111 108/1/108 109/1/109
f 112/1/112 101/1/101 110/1/110
f 112/1/112 100/1/100 101/1/101
f 110/1/110 108/1/108 113/1/113
f 111/1/111 113/1/113 108/1/108
f 114/1/114 112/1/112 110/1/110
f 114/1/114 110/1/110 113/1/113
f 112/1/112 115/1/115 100/1/100
f 93/1/93 100/1/100 115/1/115
f 114/1/114 116/1/116 112/1/112
f 115/1/115 112/1/112 116/1/116
f 115/1/115 117/1/117 93/1/93
f 82/1/82 93/1/93 117/1/117
f 116/1/116 118/1/118 115/1/115
f 117/1/117 115/1/115 118/1/118
f 119/1/119 82/1/82 117/1/117
f 82/1/82 119/1/119 13/1/13
f 13/1/13 119/1/119 15/1/15
f 23/1/23 15/1/15 119/1/119
f 117/1/117 120/1/120 119/1/119
f 120/1/120 117/1/117 118/1/118
f 119/1/119 120/1/120 23/1/23
f 118/1/118 121/1/121 120/1/120
f 121/1/121 23/1/23 120/1/120
f 118/1/118 122/1/122 121/1/121
f 118/1/118 116/1/116 122/1/122
f 23/1/23 121/1/121 123/1/123
f 124/1/124 122/1/122 116/1/116
f 116/1/116 114/1/114 124/1/124
f 122/1/122 125/1/125 121/1/121
f 125/1/125 123/1/123 121/1/121
f 122/1/122 124/1/124 126/1/126
f 122/1/122 126/1/126 125/1/125
f 127/1/127 124/1/124 114/1/114
f 127/1/127 114/1/114 113/1/113
f 128/1/128 126/1/126 124/1/124
f 124/1/124 127/1/127 128/1/128
f 126/1/126 129/1/129 125/1/125
f 127/1/127 113/1/113 130/1/130
f 126/1/126 128/1/128 131/1/131
f 126/1/126 131/1/131 129/1/129
f 127/1/127 132/1/132 128/1/128
f 132/1/132 131/1/131 128/1/128
f 132/1/132 127/1/127 133/1/133
f 130/1/130 133/1/133 127/1/127
f 113/1/113 111/1/111 130/1/130
f 134/1/134 132/1/132 133/1/133
f 133/1/133 130/1/130 134/1/134
f 111/1/111 135/1/135 130/1/130
f 134/1/134 130/1/130 135/1/135
f 111/1/111 136/1/136 135/1/135
f 136/1/136 134/1/134 135/1/135
f 136/1/136 111/1/111 137/1/137
f 109/1/109 137/1/137 111/1/111
f 132/1/132 134/1/134 138/1/138
f 131/1/131 132/1/132 138/1/138
f 139/1/139 137/1/137 109/1/109
f 109/1/109 107/1/107 139/1/139
f 140/1/140 136/1/136 137/1/137
f 139/1/139 140/1/140 137/1/137
f 134/1/134 136/1/136 141/1/141
f 136/1/136 140/1/140 141/1/141
f 142/1/142 134/1/134 141/1/141
f 134/1/134 142/1/142 138/1/138
f 143/1/143 131/1/131 138/1/138
f 138/1/138 142/1/142 143/1/143
f 131/1/131 143/1/143 129/1/129
f 140/1/140 144/1/144 141/1/141
f 144/1/144 142/1/142 141/1/141
f 143/1/143 142/1/142 145/1/145
f 144/1/144 140/1/140 146/1/146
f 139/1/139 146/1/146 140/1/140
f 142/1/142 144/1/144 147/1/147
f 146/1/146 139/1/139 148/1/148
f 107/1/107 148/1/148 139/1/139
f 148/1/148 107/1/107 106/1/106
f 144/1/144 149/1/149 147/1/147
f 149/1/149 144/1/144 146/1/146
f 147/1/147 150/1/150 142/1/142
f 150/1/150 147/1/147 149/1/149
f 150/1/150 145/1/145 142/1/142
f 151/1/151 148/1/148 106/1/106
f 22/1/22 151/1/151 106/1/106
f 146/1/146 148/1/148 152/1/152
f 152/1/152 149/1/149 146/1/146
f 151/1/151 152/1/152 148/1/148
f 153/1/153 150/1/150 149/1/149
f 153/1/153 149/1/149 152/1/152
f 145/1/145 150/1/150 154/1/154
f 153/1/153 154/1/154 150/1/150
f 145/1/145 154/1/154 143/1/143
f 154/1/154 129/1/129 143/1/143
f 155/1/155 129/1/129 154/1/154
f 154/1/154 153/1/153 155/1/155
f 129/1/129 155/1/155 125/1/125
f 123/1/123 125/1/125 155/1/155
f 156/1/156 155/1/155 153/1/153
f 155/1/155 156/1/156 123/1/123
f 152/1/152 156/1/156 153/1/153
f 156/1/156 152/1/152 151/1/151
f 157/1/157 123/1/123 156/1/156
f 157/1/157 156/1/156 151/1/151
f 123/1/123 157/1/157 23/1/23
f 157/1/157 151/1/151 22/1/22
f 17/1/17 23/1/23 157/1/157
f 22/1/22 17/1/17 157/1/157
f 158/1/158 38/1/38 47/1/47
f 47/1/47 159/1/159 158/1/158
f 160/1/160 38/1/38 158/1/158
f 159/1/159 160/1/160 158/1/158
f 38/1/38 39/1/39 47/1/47
f 160/1/160 159/1/159 161/1/161
f 162/1/162 161/1/161 159/1/159
f 38/1/38 160/1/160 37/1/37
f 163/1/163 162/1/162 159/1/159
f 159/1/159 47/1/47 163/1/163
f 161/1/161 162/1/162 164/1/164
f 165/1/165 160/1/160 161/1/161
f 164/1/164 165/1/165 161/1/161
f 162/1/162 163/1/163 166/1/166
f 164/1/164 162/1/162 58/1/58
f 162/1/162 166/1/166 58/1/58
f 51/1/51 166/1/166 163/1/163
f 47/1/47 51/1/51 163/1/163
f 166/1/166 51/1/51 55/1/55
f 166/1/166 55/1/55 58/1/58
f 165/1/165 164/1/164 167/1/167
f 167/1/167 164/1/164 58/1/58
f 165/1/165 167/1/167 168/1/168
f 168/1/168 167/1/167 169/1/169
f 169/1/169 167/1/167 58/1/58
f 168/1/168 170/1/170 165/1/165
f 160/1/160 165/1/165 170/1/170
f 171/1/171 168/1/168 169/1/169
f 171/1/171 169/1/169 58/1/58
f 170/1/170 168/1/168 172/1/172
f 173/1/173 160/1/160 170/1/170
f 168/1/168 171/1/171 174/1/174
f 160/1/160 173/1/173 37/1/37
f 175/1/175 172/1/172 168/1/168
f 168/1/168 174/1/174 175/1/175
f 172/1/172 176/1/176 170/1/170
f 176/1/176 173/1/173 170/1/170
f 175/1/175 176/1/176 172/1/172
f 177/1/177 174/1/174 171/1/171
f 177/1/177 171/1/171 58/1/58
f 174/1/174 178/1/178 175/1/175
f 174/1/174 177/1/177 179/1/179
f 178/1/178 174/1/174 179/1/179
f 62/1/62 179/1/179 177/1/177
f 62/1/62 177/1/177 58/1/58
f 179/1/179 62/1/62 64/1/64
f 64/1/64 178/1/178 179/1/179
f 176/1/176 175/1/175 180/1/180
f 178/1/178 180/1/180 175/1/175
f 178/1/178 64/1/64 181/1/181
f 180/1/180 182/1/182 176/1/176
f 176/1/176 182/1/182 173/1/173
f 180/1/180 178/1/178 183/1/183
f 181/1/181 184/1/184 178/1/178
f 184/1/184 183/1/183 178/1/178
f 65/1/65 181/1/181 64/1/64
f 65/1/65 184/1/184 181/1/181
f 182/1/182 180/1/180 185/1/185
f 183/1/183 185/1/185 180/1/180
f 182/1/182 186/1/186 173/1/173
f 173/1/173 186/1/186 37/1/37
f 185/1/185 187/1/187 182/1/182
f 186/1/186 182/1/182 187/1/187
f 185/1/185 183/1/183 188/1/188
f 186/1/186 32/1/32 37/1/37
f 184/1/184 70/1/70 183/1/183
f 70/1/70 188/1/188 183/1/183
f 67/1/67 70/1/70 184/1/184
f 184/1/184 65/1/65 67/1/67
f 188/1/188 189/1/189 185/1/185
f 187/1/187 185/1/185 189/1/189
f 189/1/189 188/1/188 190/1/190
f 188/1/188 70/1/70 72/1/72
f 72/1/72 190/1/190 188/1/188
f 190/1/190 77/1/77 189/1/189
f 72/1/72 77/1/77 190/1/190
f 77/1/77 191/1/191 189/1/189
f 187/1/187 189/1/189 191/1/191
f 77/1/77 6/1/6 191/1/191
f 187/1/187 192/1/192 186/1/186
f 186/1/186 192/1/192 32/1/32
f 192/1/192 31/1/31 32/1/32
f 187/1/187 193/1/193 192/1/192
f 192/1/192 28/1/28 31/1/31
f 28/1/28 192/1/192 193/1/193
f 193/1/193 187/1/187 3/1/3
f 191/1/191 3/1/3 187/1/187
f 193/1/193 8/1/8 28/1/28
f 3/1/3 191/1/191 1/1/1
f 6/1/6 1/1/1 191/1/191
f 3/1/3 4/1/4 193/1/193
f 8/1/8 193/1/193 4/1/4
o 17650400818
v -0.542838 -0.665306 0.000000
v -0.465177 -0.694142 -0.082840
v -0.476525 -0.724705 0.000000
v -0.542838 -0.665306 0.000000
v -0.445520 -0.641198 0.122874
v -0.560709 -0.598427 0.000000
v -0.465177 -0.694142 0.082840
v -0.542838 -0.665306 0.000000
v -0.476525 -0.724705 0.000000
v -0.387518 -0.722977 0.000000
v -0.465177 -0.694142 0.082840
v -0.476525 -0.724705 0.000000
v -0.542838 -0.665306 0.000000
v -0.445520 -0.641198 -0.122874
v -0.465177 -0.694142 -0.082840
v -0.560709 -0.598427 0.000000
v -0.403017 -0.292314 0.000000
v -0.348417 -0.265171 0.186564
v -0.377001 -0.188448 0.149562
v -0.432046 -0.205057 0.000000
v -0.377001 -0.188448 -0.149562
v -0.403017 -0.292314 0.000000
v -0.432046 -0.205057 0.000000
v -0.348417 -0.265172 -0.186564
v -0.285392 -0.112897 0.259346
v -0.348417 -0.265171 0.186564
v -0.244729 -0.166195 0.322993
v -0.377001 -0.188448 0.149562
v -0.285392 -0.112898 -0.259346
v -0.348417 -0.265172 -0.186564
v -0.377001 -0.188448 -0.149562
v -0.244729 -0.166196 -0.322993
v 0.513255 0.613627 0.044146
v 0.530743 0.607325 -0.000000
v 0.513255 0.625456 -0.000000
v 0.530743 0.597925 0.035081
v 0.513255 0.613627 -0.044146
v 0.530743 0.607325 -0.000000
v 0.530743 0.597925 -0.035081
v 0.513255 0.625456 -0.000000
v 0.528491 0.540434 0.089239
v 0.513217 0.555708 0.089239
v 0.513217 0.540434 0.124957
v 0.533072 0.540434 0.066908
v 0.513217 0.560290 0.066908
v 0.513217 0.555708 0.046494
v 0.528491 0.540434 0.046494
v 0.513217 0.540434 0.010777
v 0.528491 0.540434 -0.089239
v 0.513217 0.540434 -0.124957
v 0.513217 0.555708 -0.089239
v 0.533072 0.540434 -0.066908
v 0.513217 0.560290 -0.066908
v 0.513217 0.555708 -0.046494
v 0.528491 0.540434 -0.046494
v 0.513217 0.540434 -0.010777
v 0.513255 0.581309 0.076463
v 0.530743 0.597925 0.035081
v 0.513255 0.613627 0.044146
v 0.530743 0.572244 0.060762
v 0.530743 0.597925 -0.035081
v 0.530743 0.572244 -0.060762
v 0.513255 0.581309 -0.076463
v 0.513255 0.613627 -0.044146
v -0.115453 0.183526 0.322989
v -0.201871 0.012117 0.298939
v -0.134705 -0.012714 0.373118
v -0.181859 0.167306 0.259457
v -0.115453 0.183525 -0.322989
v -0.134705 -0.012715 -0.373118
v -0.201871 0.012116 -0.298939
v -0.181859 0.167306 -0.259457
v -0.285392 -0.112897 0.259346
v -0.134705 -0.012714 0.373118
v -0.201871 0.012117 0.298939
v -0.244729 -0.166195 0.322993
v -0.285392 -0.112898 -0.259346
v -0.134705 -0.012715 -0.373118
v -0.244729 -0.166196 -0.322993
v -0.201871 0.012116 -0.298939
v -0.445520 -0.641198 -0.122874
v -0.330330 -0.683969 0.000000
v -0.387518 -0.722977 0.000000
v -0.465177 -0.694142 -0.082840
v -0.387518 -0.722977 0.000000
v -0.476525 -0.724705 0.000000
v 0.530743 0.467003 -0.000000
v 0.513255 0.490868 0.026729
v 0.530743 0.476402 0.035081
v 0.513255 0.483707 -0.000000
v 0.530743 0.476402 -0.035081
v 0.513255 0.490868 -0.026729
v 0.530743 0.467003 -0.000000
v 0.513255 0.483707 -0.000000
v -0.181859 0.167306 0.259457
v -0.124524 0.339716 0.186508
v -0.197257 0.297186 0.149700
v -0.115453 0.183526 0.322989
v -0.181859 0.167306 -0.259457
v -0.197257 0.297186 -0.149700
v -0.124524 0.339716 -0.186508
v -0.115453 0.183525 -0.322989
v -0.197257 0.297186 0.149700
v -0.144632 0.406493 -0.000000
v -0.224344 0.356232 -0.000000
v -0.124524 0.339716 0.186508
v -0.197257 0.297186 -0.149700
v -0.144632 0.406493 -0.000000
v -0.124524 0.339716 -0.186508
v -0.224344 0.356232 -0.000000
v 0.513255 -0.107482 0.000000
v 0.560709 -0.041718 0.071924
v 0.513255 -0.081981 0.095169
v 0.560709 -0.060990 0.000000
v 0.513255 -0.081981 -0.095169
v 0.560709 -0.041718 -0.071924
v 0.513255 -0.107482 0.000000
v 0.560709 -0.060990 0.000000
v 0.530743 0.476402 0.035081
v 0.513255 0.510434 0.046296
v 0.530743 0.502083 0.060762
v 0.513255 0.490868 0.026729
v 0.530743 0.476402 -0.035081
v 0.513255 0.510435 -0.046296
v 0.513255 0.490868 -0.026729
v 0.530743 0.502083 -0.060762
v 0.513255 -0.012311 0.164838
v 0.513255 -0.081981 0.095169
v 0.560709 -0.041718 0.071924
v 0.560709 0.010933 0.124575
v 0.513255 -0.081981 -0.095169
v 0.560709 0.010933 -0.124575
v 0.560709 -0.041718 -0.071924
v 0.513255 -0.012312 -0.164838
v -0.421367 -0.576150 -0.137444
v -0.507679 -0.449663 0.000000
v -0.390549 -0.493154 -0.124943
v -0.550215 -0.528307 0.000000
v -0.421367 -0.576150 -0.137444
v -0.560709 -0.598427 0.000000
v -0.445520 -0.641198 -0.122874
v -0.421367 -0.576150 0.137444
v -0.507679 -0.449663 0.000000
v -0.550215 -0.528307 0.000000
v -0.390549 -0.493154 0.124943
v -0.560709 -0.598427 0.000000
v -0.421367 -0.576150 0.137444
v -0.445520 -0.641198 0.122874
v 0.513255 -0.012311 0.164838
v 0.560709 0.010933 0.124575
v 0.513255 0.082857 0.190339
v 0.560709 0.082857 0.143847
v 0.513255 0.082857 -0.190339
v 0.560709 0.010933 -0.124575
v 0.513255 -0.012312 -0.164838
v 0.560709 0.082857 -0.143847
v 0.530743 0.537163 0.070162
v 0.530743 0.572244 0.060762
v 0.513255 0.581309 0.076463
v 0.513255 0.537163 0.088292
v 0.513255 0.581309 -0.076463
v 0.530743 0.537163 -0.070162
v 0.513255 0.537163 -0.088292
v 0.530743 0.572244 -0.060762
v -0.170761 -0.369379 0.000000
v -0.188172 -0.338338 0.035650
v -0.216695 -0.375526 0.000000
v 0.513255 0.082857 0.190339
v 0.560709 0.154782 0.124575
v 0.513255 0.178027 0.164838
v 0.560709 0.082857 0.143847
v 0.513255 0.178027 -0.164838
v 0.560709 0.154781 -0.124575
v 0.513255 0.082857 -0.190339
v 0.560709 0.082857 -0.143847
v 0.513255 0.247695 0.095170
v 0.513255 0.178027 0.164838
v 0.560709 0.154782 0.124575
v 0.560709 0.207433 0.071924
v 0.560709 0.207433 -0.071924
v 0.560709 0.154781 -0.124575
v 0.513255 0.178027 -0.164838
v 0.513255 0.247695 -0.095169
v -0.205673 -0.307106 0.000000
v -0.188172 -0.338338 -0.035650
v -0.216695 -0.375526 0.000000
v 0.513255 0.273196 -0.000000
v 0.560709 0.207433 0.071924
v 0.560709 0.226704 -0.000000
v 0.513255 0.247695 0.095170
v 0.560709 0.207433 -0.071924
v 0.513255 0.273196 -0.000000
v 0.560709 0.226704 -0.000000
v 0.513255 0.247695 -0.095169
v -0.445520 -0.641198 0.122874
v -0.387518 -0.722977 0.000000
v -0.330330 -0.683969 0.000000
v -0.465177 -0.694142 0.082840
v 0.251350 -0.171051 0.146594
v 0.251350 -0.210331 0.000000
v 0.306514 -0.154398 0.000000
v 0.306514 -0.122611 0.118627
v 0.306514 -0.154398 0.000000
v 0.251350 -0.171051 -0.146594
v 0.306514 -0.122611 -0.118627
v 0.251350 -0.210331 0.000000
v 0.251350 -0.063736 0.253908
v 0.251350 -0.171051 0.146594
v 0.306514 -0.122611 0.118627
v 0.306514 -0.035769 0.205469
v 0.306514 -0.122611 -0.118627
v 0.251350 -0.063737 -0.253908
v 0.306514 -0.035770 -0.205469
v 0.251350 -0.171051 -0.146594
v -0.348417 -0.265171 0.186564
v -0.403017 -0.292314 0.000000
v -0.292764 -0.257935 0.000000
v -0.238420 -0.242143 0.150159
v -0.244729 -0.166195 0.322993
v -0.348417 -0.265171 0.186564
v -0.238420 -0.242143 0.150159
v -0.150019 -0.163444 0.259603
v -0.238420 -0.242144 -0.150159
v -0.244729 -0.166196 -0.322993
v -0.150019 -0.163444 -0.259603
v -0.348417 -0.265172 -0.186564
v -0.292764 -0.257935 0.000000
v -0.348417 -0.265172 -0.186564
v -0.238420 -0.242144 -0.150159
v -0.403017 -0.292314 0.000000
v -0.156630 -0.308796 -0.060169
v -0.082532 -0.337977 0.000000
v -0.127017 -0.361196 0.000000
v -0.112472 -0.272499 -0.072312
v -0.170761 -0.369379 0.000000
v -0.188172 -0.338338 -0.035650
v -0.170761 -0.369379 0.000000
v -0.216695 -0.375526 0.000000
v -0.154675 0.250600 -0.000000
v -0.197257 0.297186 0.149700
v -0.224344 0.356232 -0.000000
v -0.127360 0.202220 0.114777
v -0.154675 0.250600 -0.000000
v -0.197257 0.297186 -0.149700
v -0.127360 0.202220 -0.114777
v -0.224344 0.356232 -0.000000
v -0.112472 -0.272499 0.072312
v -0.156630 -0.308796 0.060169
v -0.082532 -0.337977 0.000000
v -0.127017 -0.361196 0.000000
v -0.170761 -0.369379 0.000000
v -0.188172 -0.338338 0.035650
v 0.530743 0.537163 0.070162
v 0.513255 0.510434 0.046296
v 0.513255 0.537163 0.053458
v 0.530743 0.502083 0.060762
v 0.513255 0.510435 -0.046296
v 0.530743 0.537163 -0.070162
v 0.513255 0.537163 -0.053458
v 0.530743 0.502083 -0.060762
v 0.251350 0.082858 0.293188
v 0.306514 -0.035769 0.205469
v 0.306514 0.082857 0.237255
v 0.251350 -0.063736 0.253908
v 0.251350 0.082857 -0.293188
v 0.306514 -0.035770 -0.205469
v 0.251350 -0.063737 -0.253908
v 0.306514 0.082857 -0.237255
v -0.186282 -0.256315 0.000000
v -0.205673 -0.307106 0.000000
v -0.156630 -0.308796 0.060169
v -0.188172 -0.338338 0.035650
v -0.205673 -0.307106 0.000000
v -0.216695 -0.375526 0.000000
v 0.251350 -0.171051 0.146594
v 0.196187 -0.154398 0.000000
v 0.251350 -0.210331 0.000000
v 0.196187 -0.122611 0.118627
v 0.196187 -0.154398 0.000000
v 0.196187 -0.122611 -0.118627
v 0.251350 -0.171051 -0.146594
v 0.251350 -0.210331 0.000000
v 0.528491 0.629674 -0.000000
v 0.513217 0.629674 -0.015273
v 0.513217 0.665391 -0.000000
v 0.533072 0.607343 -0.000000
v 0.513217 0.607343 -0.019856
v 0.513217 0.586930 -0.015273
v 0.528491 0.586930 -0.000000
v 0.513217 0.551211 -0.000000
v 0.533072 0.607343 -0.000000
v 0.513217 0.629674 0.015274
v 0.513217 0.607343 0.019856
v 0.513217 0.586930 0.015274
v 0.528491 0.629674 -0.000000
v 0.513217 0.665391 -0.000000
v 0.528491 0.586930 -0.000000
v 0.513217 0.551211 -0.000000
v 0.528491 0.451196 -0.000000
v 0.513217 0.415478 -0.000000
v 0.513217 0.451196 -0.015273
v 0.533072 0.473527 -0.000000
v 0.513217 0.473527 -0.019856
v 0.513217 0.493941 -0.015273
v 0.528491 0.493941 -0.000000
v 0.513217 0.529658 -0.000000
v 0.533072 0.473527 -0.000000
v 0.513217 0.451196 0.015274
v 0.528491 0.451196 -0.000000
v 0.513217 0.415478 -0.000000
v 0.513217 0.473527 0.019856
v 0.513217 0.493941 0.015274
v 0.528491 0.493941 -0.000000
v 0.513217 0.529658 -0.000000
v 0.306514 0.201485 0.205469
v 0.251350 0.082858 0.293188
v 0.306514 0.082857 0.237255
v 0.251350 0.229452 0.253908
v 0.251350 0.082857 -0.293188
v 0.251350 0.229451 -0.253908
v 0.306514 0.201484 -0.205469
v 0.306514 0.082857 -0.237255
v 0.251350 -0.063736 0.253908
v 0.196187 -0.122611 0.118627
v 0.251350 -0.171051 0.146594
v 0.196187 -0.035769 0.205469
v 0.251350 -0.063737 -0.253908
v 0.196187 -0.122611 -0.118627
v 0.196187 -0.035770 -0.205469
v 0.251350 -0.171051 -0.146594
v -0.082532 -0.337977 0.000000
v -0.112472 -0.272499 -0.072312
v 0.003509 -0.295826 0.000000
v -0.028057 -0.228661 -0.074382
v 0.003509 -0.295826 0.000000
v -0.112472 -0.272499 0.072312
v -0.082532 -0.337977 0.000000
v -0.028057 -0.228661 0.074382
v -0.507679 -0.449663 0.000000
v -0.390549 -0.493154 0.124943
v -0.471604 -0.394632 0.000000
v -0.368221 -0.433019 0.110279
v -0.390549 -0.493154 -0.124943
v -0.471604 -0.394632 0.000000
v -0.368221 -0.433019 -0.110279
v -0.507679 -0.449663 0.000000
v -0.181859 0.167306 0.259457
v -0.197257 0.297186 0.149700
v -0.127360 0.202220 0.114777
v -0.114437 0.104115 0.197970
v -0.181859 0.167306 -0.259457
v -0.127360 0.202220 -0.114777
v -0.197257 0.297186 -0.149700
v -0.114437 0.104114 -0.197970
v 0.251350 0.336765 0.146594
v 0.251350 0.229452 0.253908
v 0.306514 0.201485 0.205469
v 0.306514 0.288327 0.118627
v 0.306514 0.201484 -0.205469
v 0.251350 0.336765 -0.146594
v 0.306514 0.288327 -0.118627
v 0.251350 0.229451 -0.253908
v 0.513255 0.537163 0.088292
v 0.530743 0.502083 0.060762
v 0.530743 0.537163 0.070162
v 0.513255 0.493018 0.076463
v 0.513255 0.537163 -0.088292
v 0.530743 0.502083 -0.060762
v 0.513255 0.493018 -0.076463
v 0.530743 0.537163 -0.070162
v 0.196187 -0.035769 0.205469
v 0.251350 0.082858 0.293188
v 0.196187 0.082857 0.237255
v 0.251350 -0.063736 0.253908
v 0.196187 -0.035770 -0.205469
v 0.251350 0.082857 -0.293188
v 0.251350 -0.063737 -0.253908
v 0.196187 0.082857 -0.237255
v -0.156630 -0.308796 -0.060169
v -0.205673 -0.307106 0.000000
v -0.186282 -0.256315 0.000000
v -0.188172 -0.338338 -0.035650
v 0.251350 0.376045 -0.000000
v 0.251350 0.336765 0.146594
v 0.306514 0.288327 0.118627
v 0.306514 0.320112 -0.000000
v 0.306514 0.288327 -0.118627
v 0.251350 0.376045 -0.000000
v 0.306514 0.320112 -0.000000
v 0.251350 0.336765 -0.146594
v 0.560709 0.226704 -0.000000
v 0.560709 0.207433 0.071924
v 0.513255 0.165454 0.047687
v 0.513255 0.178232 -0.000000
v 0.513255 0.165454 -0.047687
v 0.560709 0.226704 -0.000000
v 0.513255 0.178232 -0.000000
v 0.560709 0.207433 -0.071924
v 0.196187 0.201485 0.205469
v 0.196187 0.082857 0.237255
v 0.251350 0.082858 0.293188
v 0.251350 0.229452 0.253908
v 0.251350 0.082857 -0.293188
v 0.196187 0.201484 -0.205469
v 0.251350 0.229451 -0.253908
v 0.196187 0.082857 -0.237255
v 0.560709 0.207433 0.071924
v 0.560709 0.154782 0.124575
v 0.513255 0.130545 0.082597
v 0.513255 0.165454 0.047687
v 0.513255 0.130545 -0.082597
v 0.560709 0.207433 -0.071924
v 0.513255 0.165454 -0.047687
v 0.560709 0.154781 -0.124575
v -0.134705 -0.012714 0.373118
v -0.244729 -0.166195 0.322993
v -0.150019 -0.163444 0.259603
v -0.066298 -0.037935 0.299959
v -0.150019 -0.163444 -0.259603
v -0.134705 -0.012715 -0.373118
v -0.066298 -0.037936 -0.299959
v -0.244729 -0.166196 -0.322993
v 0.251350 0.336765 0.146594
v 0.196187 0.201485 0.205469
v 0.251350 0.229452 0.253908
v 0.196187 0.288327 0.118627
v 0.196187 0.201484 -0.205469
v 0.196187 0.288327 -0.118627
v 0.251350 0.336765 -0.146594
v 0.251350 0.229451 -0.253908
v 0.560709 0.154781 -0.124575
v 0.513255 0.082857 -0.095375
v 0.560709 0.082857 -0.143847
v 0.513255 0.130545 -0.082597
v 0.513255 0.082857 0.095375
v 0.513255 0.130545 0.082597
v 0.560709 0.154782 0.124575
v 0.560709 0.082857 0.143847
v -0.028057 -0.228661 -0.074382
v 0.052005 -0.254129 0.000000
v 0.003509 -0.295826 0.000000
v 0.041135 -0.201941 -0.053065
v -0.028057 -0.228661 0.074382
v 0.003509 -0.295826 0.000000
v 0.052005 -0.254129 0.000000
v 0.041135 -0.201941 0.053065
v 0.251350 0.376045 -0.000000
v 0.196187 0.288327 0.118627
v 0.251350 0.336765 0.146594
v 0.196187 0.320112 -0.000000
v 0.251350 0.376045 -0.000000
v 0.196187 0.288327 -0.118627
v 0.196187 0.320112 -0.000000
v 0.251350 0.336765 -0.146594
v 0.560709 0.082857 0.143847
v 0.513255 0.035170 0.082597
v 0.513255 0.082857 0.095375
v 0.560709 0.010933 0.124575
v 0.560709 0.082857 -0.143847
v 0.513255 0.035170 -0.082597
v 0.560709 0.010933 -0.124575
v 0.513255 0.082857 -0.095375
v 0.495766 0.607325 -0.000000
v 0.513255 0.613627 0.044146
v 0.513255 0.625456 -0.000000
v 0.495766 0.597925 0.035081
v 0.495766 0.607325 -0.000000
v 0.513255 0.613627 -0.044146
v 0.495766 0.597925 -0.035081
v 0.513255 0.625456 -0.000000
v 0.560709 -0.041718 0.071924
v 0.513255 0.035170 0.082597
v 0.560709 0.010933 0.124575
v 0.513255 0.000260 0.047687
v 0.560709 -0.041718 -0.071924
v 0.513255 0.035170 -0.082597
v 0.513255 0.000260 -0.047687
v 0.560709 0.010933 -0.124575
v -0.114437 0.104115 0.197970
v -0.134941 -0.012542 0.228714
v -0.201871 0.012117 0.298939
v -0.181859 0.167306 0.259457
v -0.201871 0.012116 -0.298939
v -0.114437 0.104114 -0.197970
v -0.181859 0.167306 -0.259457
v -0.134941 -0.012543 -0.228714
v 0.096575 -0.199067 0.000000
v 0.091996 -0.175645 -0.023947
v 0.135148 -0.156801 0.000000
v 0.560709 -0.060990 0.000000
v 0.513255 0.000260 0.047687
v 0.560709 -0.041718 0.071924
v 0.513255 -0.012518 -0.000000
v 0.513255 0.000260 -0.047687
v 0.513255 -0.012518 -0.000000
v 0.560709 -0.060990 0.000000
v 0.560709 -0.041718 -0.071924
v 0.091996 -0.175645 0.023947
v 0.096575 -0.199067 0.000000
v 0.135148 -0.156801 0.000000
v 0.041135 -0.201941 0.053065
v 0.096575 -0.199067 0.000000
v 0.052005 -0.254129 0.000000
v 0.041135 -0.201941 -0.053065
v 0.096575 -0.199067 0.000000
v 0.052005 -0.254129 0.000000
v 0.091996 -0.175645 -0.023947
v 0.497943 0.540434 0.046494
v 0.513217 0.555708 0.046494
v 0.513217 0.540434 0.010777
v 0.493362 0.540434 0.066908
v 0.513217 0.560290 0.066908
v 0.513217 0.555708 0.089239
v 0.497943 0.540434 0.089239
v 0.513217 0.540434 0.124957
v 0.497943 0.540434 -0.046494
v 0.513217 0.540434 -0.010777
v 0.513217 0.555708 -0.046494
v 0.493362 0.540434 -0.066908
v 0.513217 0.560290 -0.066908
v 0.513217 0.555708 -0.089239
v 0.497943 0.540434 -0.089239
v 0.513217 0.540434 -0.124957
v 0.513255 0.563892 0.046296
v 0.530743 0.537163 0.070162
v 0.513255 0.537163 0.053458
v 0.530743 0.572244 0.060762
v 0.530743 0.537163 -0.070162
v 0.513255 0.563892 -0.046296
v 0.513255 0.537163 -0.053458
v 0.530743 0.572244 -0.060762
v -0.368221 -0.433019 0.110279
v -0.417693 -0.340715 0.000000
v -0.471604 -0.394632 0.000000
v -0.344094 -0.368042 0.078508
v -0.344094 -0.368042 -0.078508
v -0.368221 -0.433019 -0.110279
v -0.417693 -0.340715 0.000000
v -0.471604 -0.394632 0.000000
v 0.513255 0.493018 0.076463
v 0.513255 0.460701 0.044146
v 0.530743 0.476402 0.035081
v 0.530743 0.502083 0.060762
v 0.530743 0.476402 -0.035081
v 0.513255 0.493018 -0.076463
v 0.530743 0.502083 -0.060762
v 0.513255 0.460701 -0.044146
v 0.513255 0.581309 0.076463
v 0.513255 0.613627 0.044146
v 0.495766 0.597925 0.035081
v 0.495766 0.572244 0.060762
v 0.495766 0.597925 -0.035081
v 0.513255 0.581309 -0.076463
v 0.495766 0.572244 -0.060762
v 0.513255 0.613627 -0.044146
v 0.513255 0.483707 -0.000000
v 0.495765 0.467003 -0.000000
v 0.513255 0.490868 0.026729
v 0.495766 0.476402 0.035081
v 0.513255 0.490868 -0.026729
v 0.495765 0.467003 -0.000000
v 0.513255 0.483707 -0.000000
v 0.495766 0.476402 -0.035081
v -0.142807 -0.206451 0.000000
v -0.186282 -0.256315 0.000000
v -0.112472 -0.272499 0.072312
v -0.156630 -0.308796 0.060169
v -0.186282 -0.256315 0.000000
v -0.112472 -0.272499 -0.072312
v -0.156630 -0.308796 -0.060169
v -0.142807 -0.206451 0.000000
v 0.513255 0.460701 0.044146
v 0.513255 0.448871 -0.000000
v 0.530743 0.467003 -0.000000
v 0.530743 0.476402 0.035081
v 0.530743 0.467003 -0.000000
v 0.513255 0.460701 -0.044146
v 0.530743 0.476402 -0.035081
v 0.513255 0.448871 -0.000000
v -0.046170 0.117727 0.259654
v -0.134705 -0.012714 0.373118
v -0.066298 -0.037935 0.299959
v -0.115453 0.183526 0.322989
v -0.134705 -0.012715 -0.373118
v -0.115453 0.183525 -0.322989
v -0.046170 0.117726 -0.259654
v -0.066298 -0.037936 -0.299959
v 0.465800 -0.060990 0.000000
v 0.513255 -0.107482 0.000000
v 0.465800 -0.041718 0.071924
v 0.513255 -0.081981 0.095169
v 0.465800 -0.041718 -0.071924
v 0.513255 -0.107482 0.000000
v 0.465800 -0.060990 0.000000
v 0.513255 -0.081981 -0.095169
v 0.513255 0.510434 0.046296
v 0.495766 0.476402 0.035081
v 0.495766 0.502083 0.060762
v 0.513255 0.490868 0.026729
v 0.513255 0.510435 -0.046296
v 0.495766 0.476402 -0.035081
v 0.513255 0.490868 -0.026729
v 0.495766 0.502083 -0.060762
v 0.465800 0.010933 0.124575
v 0.513255 -0.081981 0.095169
v 0.513255 -0.012311 0.164838
v 0.465800 -0.041718 0.071924
v 0.513255 -0.012312 -0.164838
v 0.465800 -0.041718 -0.071924
v 0.465800 0.010933 -0.124575
v 0.513255 -0.081981 -0.095169
v 0.530743 0.597925 0.035081
v 0.530743 0.572244 0.060762
v 0.513255 0.563892 0.046296
v 0.513255 0.583459 0.026729
v 0.513255 0.563892 -0.046296
v 0.530743 0.597925 -0.035081
v 0.513255 0.583459 -0.026729
v 0.530743 0.572244 -0.060762
v 0.465800 0.010933 0.124575
v 0.513255 0.082857 0.190339
v 0.465800 0.082857 0.143847
v 0.513255 -0.012311 0.164838
v 0.465800 0.082857 -0.143847
v 0.513255 0.082857 -0.190339
v 0.465800 0.010933 -0.124575
v 0.513255 -0.012312 -0.164838
v -0.193879 -0.110780 0.198069
v -0.201871 0.012117 0.298939
v -0.134941 -0.012542 0.228714
v -0.285392 -0.112897 0.259346
v -0.285392 -0.112898 -0.259346
v -0.193879 -0.110780 -0.198069
v -0.201871 0.012116 -0.298939
v -0.134941 -0.012543 -0.228714
v 0.513217 0.520579 0.066908
v 0.533072 0.540434 0.066908
v 0.528491 0.540434 0.089239
v 0.528491 0.540434 0.046494
v 0.513217 0.525161 0.089239
v 0.513217 0.540434 0.124957
v 0.513217 0.525161 0.046494
v 0.513217 0.540434 0.010777
v 0.513217 0.525161 -0.089239
v 0.528491 0.540434 -0.089239
v 0.513217 0.520579 -0.066908
v 0.513217 0.540434 -0.124957
v 0.533072 0.540434 -0.066908
v 0.528491 0.540434 -0.046494
v 0.513217 0.525161 -0.046494
v 0.513217 0.540434 -0.010777
v 0.306514 0.320112 -0.000000
v 0.251350 0.241341 0.091501
v 0.251350 0.265860 -0.000000
v 0.306514 0.288327 0.118627
v 0.251350 0.241341 -0.091501
v 0.306514 0.320112 -0.000000
v 0.251350 0.265860 -0.000000
v 0.306514 0.288327 -0.118627
v 0.495766 0.537163 0.070162
v 0.513255 0.581309 0.076463
v 0.495766 0.572244 0.060762
v 0.513255 0.537163 0.088292
v 0.513255 0.581309 -0.076463
v 0.513255 0.537163 -0.088292
v 0.495766 0.537163 -0.070162
v 0.495766 0.572244 -0.060762
v 0.465800 0.082857 0.143847
v 0.513255 0.082857 0.190339
v 0.465800 0.154782 0.124575
v 0.513255 0.178027 0.164838
v 0.465800 0.154781 -0.124575
v 0.513255 0.082857 -0.190339
v 0.465800 0.082857 -0.143847
v 0.513255 0.178027 -0.164838
v 0.306514 0.288327 0.118627
v 0.306514 0.201485 0.205469
v 0.251350 0.174359 0.158484
v 0.251350 0.241341 0.091501
v 0.251350 0.174358 -0.158484
v 0.306514 0.288327 -0.118627
v 0.251350 0.241341 -0.091501
v 0.306514 0.201484 -0.205469
v -0.028057 -0.228661 0.074382
v -0.142807 -0.206451 0.000000
v -0.112472 -0.272499 0.072312
v -0.059749 -0.161186 0.000000
v -0.112472 -0.272499 -0.072312
v -0.142807 -0.206451 0.000000
v -0.028057 -0.228661 -0.074382
v -0.059749 -0.161186 0.000000
v 0.513255 0.247695 0.095170
v 0.465800 0.154782 0.124575
v 0.513255 0.178027 0.164838
v 0.465800 0.207433 0.071924
v 0.465800 0.207433 -0.071924
v 0.513255 0.178027 -0.164838
v 0.465800 0.154781 -0.124575
v 0.513255 0.247695 -0.095169
v 0.251350 0.174359 0.158484
v 0.306514 0.082857 0.237255
v 0.251350 0.082857 0.183002
v 0.306514 0.201485 0.205469
v 0.306514 0.082857 -0.237255
v 0.251350 0.174358 -0.158484
v 0.251350 0.082857 -0.183002
v 0.306514 0.201484 -0.205469
v 0.513255 0.273196 -0.000000
v 0.465800 0.207433 0.071924
v 0.513255 0.247695 0.095170
v 0.465800 0.226704 -0.000000
v 0.465800 0.207433 -0.071924
v 0.513255 0.273196 -0.000000
v 0.513255 0.247695 -0.095169
v 0.465800 0.226704 -0.000000
v 0.196187 0.320112 -0.000000
v 0.251350 0.241341 0.091501
v 0.196187 0.288327 0.118627
v 0.251350 0.265860 -0.000000
v 0.251350 0.241341 -0.091501
v 0.196187 0.320112 -0.000000
v 0.196187 0.288327 -0.118627
v 0.251350 0.265860 -0.000000
v 0.306514 0.082857 0.237255
v 0.251350 -0.008644 0.158484
v 0.251350 0.082857 0.183002
v 0.306514 -0.035769 0.205469
v 0.251350 -0.008644 -0.158484
v 0.306514 0.082857 -0.237255
v 0.251350 0.082857 -0.183002
v 0.306514 -0.035770 -0.205469
v -0.115453 0.183526 0.322989
v -0.058522 0.244179 0.150366
v -0.124524 0.339716 0.186508
v -0.046170 0.117727 0.259654
v -0.058522 0.244179 -0.150366
v -0.046170 0.117726 -0.259654
v -0.115453 0.183525 -0.322989
v -0.124524 0.339716 -0.186508
v 0.196187 0.288327 0.118627
v 0.251350 0.174359 0.158484
v 0.196187 0.201485 0.205469
v 0.251350 0.241341 0.091501
v 0.251350 0.174358 -0.158484
v 0.251350 0.241341 -0.091501
v 0.196187 0.288327 -0.118627
v 0.196187 0.201484 -0.205469
v 0.530743 0.607325 -0.000000
v 0.513255 0.583459 0.026729
v 0.513255 0.590621 -0.000000
v 0.530743 0.597925 0.035081
v 0.513255 0.583459 -0.026729
v 0.530743 0.607325 -0.000000
v 0.513255 0.590621 -0.000000
v 0.530743 0.597925 -0.035081
v 0.306514 -0.122611 0.118627
v 0.251350 -0.008644 0.158484
v 0.306514 -0.035769 0.205469
v 0.251350 -0.075627 0.091501
v 0.306514 -0.122611 -0.118627
v 0.251350 -0.008644 -0.158484
v 0.251350 -0.075627 -0.091501
v 0.306514 -0.035770 -0.205469
v -0.344094 -0.368042 0.078508
v -0.345529 -0.307517 0.000000
v -0.417693 -0.340715 0.000000
v -0.324519 -0.315320 0.022413
v 0.251350 0.174359 0.158484
v 0.196187 0.082857 0.237255
v 0.196187 0.201485 0.205469
v 0.251350 0.082857 0.183002
v 0.196187 0.082857 -0.237255
v 0.251350 0.174358 -0.158484
v 0.196187 0.201484 -0.205469
v 0.251350 0.082857 -0.183002
v -0.324519 -0.315320 -0.022413
v -0.345529 -0.307517 0.000000
v -0.317502 -0.296425 0.000000
v -0.344094 -0.368042 -0.078508
v -0.345529 -0.307517 0.000000
v -0.417693 -0.340715 0.000000
v 0.306514 -0.154398 0.000000
v 0.251350 -0.075627 0.091501
v 0.306514 -0.122611 0.118627
v 0.251350 -0.100145 0.000000
v 0.306514 -0.154398 0.000000
v 0.306514 -0.122611 -0.118627
v 0.251350 -0.075627 -0.091501
v 0.251350 -0.100145 0.000000
v -0.273419 -0.536646 0.000000
v -0.421367 -0.576150 0.137444
v -0.292517 -0.623992 0.000000
v -0.390549 -0.493154 0.124943
v -0.421367 -0.576150 0.137444
v -0.330330 -0.683969 0.000000
v -0.445520 -0.641198 0.122874
v -0.330330 -0.683969 0.000000
v -0.421367 -0.576150 -0.137444
v -0.292517 -0.623992 0.000000
v -0.445520 -0.641198 -0.122874
v -0.421367 -0.576150 -0.137444
v -0.273419 -0.536646 0.000000
v -0.390549 -0.493154 -0.124943
v 0.196187 0.082857 0.237255
v 0.251350 -0.008644 0.158484
v 0.196187 -0.035769 0.205469
v 0.251350 0.082857 0.183002
v 0.251350 -0.008644 -0.158484
v 0.196187 0.082857 -0.237255
v 0.196187 -0.035770 -0.205469
v 0.251350 0.082857 -0.183002
v 0.495766 0.537163 0.070162
v 0.513255 0.510434 0.046296
v 0.495766 0.502083 0.060762
v 0.513255 0.537163 0.053458
v 0.513255 0.510435 -0.046296
v 0.495766 0.537163 -0.070162
v 0.495766 0.502083 -0.060762
v 0.513255 0.537163 -0.053458
v -0.345529 -0.307517 0.000000
v -0.324519 -0.315320 0.022413
v -0.317502 -0.296425 0.000000
v -0.124524 0.339716 0.186508
v -0.085569 0.301654 -0.000000
v -0.144632 0.406493 -0.000000
v -0.058522 0.244179 0.150366
v -0.124524 0.339716 -0.186508
v -0.085569 0.301654 -0.000000
v -0.058522 0.244179 -0.150366
v -0.144632 0.406493 -0.000000
v 0.251350 -0.008644 -0.158484
v 0.196187 -0.122611 -0.118627
v 0.251350 -0.075627 -0.091501
v 0.196187 -0.035770 -0.205469
v 0.251350 -0.008644 0.158484
v 0.196187 -0.122611 0.118627
v 0.196187 -0.035769 0.205469
v 0.251350 -0.075627 0.091501
v -0.285392 -0.112897 0.259346
v -0.264401 -0.168469 0.114914
v -0.377001 -0.188448 0.149562
v -0.193879 -0.110780 0.198069
v -0.264401 -0.168469 -0.114914
v -0.193879 -0.110780 -0.198069
v -0.285392 -0.112898 -0.259346
v -0.377001 -0.188448 -0.149562
v 0.251350 -0.100145 0.000000
v 0.196187 -0.154398 0.000000
v 0.251350 -0.075627 0.091501
v 0.196187 -0.122611 0.118627
v 0.251350 -0.075627 -0.091501
v 0.196187 -0.154398 0.000000
v 0.251350 -0.100145 0.000000
v 0.196187 -0.122611 -0.118627
v 0.493362 0.607343 -0.000000
v 0.513217 0.629674 0.015274
v 0.497943 0.629674 -0.000000
v 0.513217 0.665391 -0.000000
v 0.513217 0.607343 0.019856
v 0.513217 0.586930 0.015274
v 0.497943 0.586930 -0.000000
v 0.513217 0.551211 -0.000000
v 0.497943 0.586930 -0.000000
v 0.513217 0.586930 -0.015273
v 0.513217 0.551211 -0.000000
v 0.513217 0.607343 -0.019856
v 0.493362 0.607343 -0.000000
v 0.497943 0.629674 -0.000000
v 0.513217 0.629674 -0.015273
v 0.513217 0.665391 -0.000000
v 0.493362 0.473527 -0.000000
v 0.497943 0.451196 -0.000000
v 0.513217 0.451196 0.015274
v 0.513217 0.415478 -0.000000
v 0.513217 0.473527 0.019856
v 0.497943 0.493941 -0.000000
v 0.513217 0.493941 0.015274
v 0.513217 0.529658 -0.000000
v 0.497943 0.493941 -0.000000
v 0.513217 0.529658 -0.000000
v 0.513217 0.493941 -0.015273
v 0.513217 0.473527 -0.019856
v 0.493362 0.473527 -0.000000
v 0.497943 0.451196 -0.000000
v 0.513217 0.451196 -0.015273
v 0.513217 0.415478 -0.000000
v 0.091996 -0.175645 -0.023947
v 0.030407 -0.150080 0.000000
v 0.087304 -0.151958 0.000000
v 0.041135 -0.201941 -0.053065
v -0.028057 -0.228661 -0.074382
v 0.030407 -0.150080 0.000000
v -0.059749 -0.161186 0.000000
v -0.028057 -0.228661 0.074382
v 0.030407 -0.150080 0.000000
v -0.059749 -0.161186 0.000000
v 0.041135 -0.201941 0.053065
v 0.091996 -0.175645 0.023947
v 0.030407 -0.150080 0.000000
v 0.087304 -0.151958 0.000000
v 0.091996 -0.175645 0.023947
v 0.135148 -0.156801 0.000000
v -0.377001 -0.188448 0.149562
v -0.313506 -0.177887 0.000000
v -0.432046 -0.205057 0.000000
v -0.264401 -0.168469 0.114914
v -0.313506 -0.177887 0.000000
v -0.264401 -0.168469 -0.114914
v -0.377001 -0.188448 -0.149562
v -0.432046 -0.205057 0.000000
v 0.091996 -0.175645 -0.023947
v 0.087304 -0.151958 0.000000
v 0.135148 -0.156801 0.000000
v 0.495766 0.502083 0.060762
v 0.513255 0.537163 0.088292
v 0.495766 0.537163 0.070162
v 0.513255 0.493018 0.076463
v 0.495766 0.502083 -0.060762
v 0.513255 0.537163 -0.088292
v 0.513255 0.493018 -0.076463
v 0.495766 0.537163 -0.070162
v 0.465800 0.226704 -0.000000
v 0.513255 0.165454 0.047687
v 0.465800 0.207433 0.071924
v 0.513255 0.178232 -0.000000
v 0.465800 0.226704 -0.000000
v 0.513255 0.165454 -0.047687
v 0.513255 0.178232 -0.000000
v 0.465800 0.207433 -0.071924
v 0.465800 0.207433 0.071924
v 0.513255 0.130545 0.082597
v 0.465800 0.154782 0.124575
v 0.513255 0.165454 0.047687
v 0.513255 0.130545 -0.082597
v 0.513255 0.165454 -0.047687
v 0.465800 0.207433 -0.071924
v 0.465800 0.154781 -0.124575
v 0.513255 0.082857 0.095375
v 0.465800 0.154782 0.124575
v 0.513255 0.130545 0.082597
v 0.465800 0.082857 0.143847
v 0.465800 0.154781 -0.124575
v 0.465800 0.082857 -0.143847
v 0.513255 0.082857 -0.095375
v 0.513255 0.130545 -0.082597
v 0.513255 0.035170 0.082597
v 0.465800 0.082857 0.143847
v 0.513255 0.082857 0.095375
v 0.465800 0.010933 0.124575
v 0.513255 0.035170 -0.082597
v 0.465800 0.082857 -0.143847
v 0.465800 0.010933 -0.124575
v 0.513255 0.082857 -0.095375
v -0.264840 -0.471406 0.000000
v -0.390549 -0.493154 -0.124943
v -0.368221 -0.433019 -0.110279
v -0.273419 -0.536646 0.000000
v -0.264840 -0.471406 0.000000
v -0.390549 -0.493154 0.124943
v -0.273419 -0.536646 0.000000
v -0.368221 -0.433019 0.110279
v -0.085569 0.301654 -0.000000
v -0.127360 0.202220 0.114777
v -0.154675 0.250600 -0.000000
v -0.058522 0.244179 0.150366
v -0.085569 0.301654 -0.000000
v -0.127360 0.202220 -0.114777
v -0.058522 0.244179 -0.150366
v -0.154675 0.250600 -0.000000
v 0.513255 0.035170 0.082597
v 0.465800 -0.041718 0.071924
v 0.465800 0.010933 0.124575
v 0.513255 0.000260 0.047687
v 0.513255 0.035170 -0.082597
v 0.465800 -0.041718 -0.071924
v 0.513255 0.000260 -0.047687
v 0.465800 0.010933 -0.124575
v 0.465800 -0.060990 0.000000
v 0.465800 -0.041718 0.071924
v 0.513255 0.000260 0.047687
v 0.513255 -0.012518 -0.000000
v 0.513255 0.000260 -0.047687
v 0.465800 -0.060990 0.000000
v 0.513255 -0.012518 -0.000000
v 0.465800 -0.041718 -0.071924
v 0.513255 0.563892 0.046296
v 0.495766 0.537163 0.070162
v 0.495766 0.572244 0.060762
v 0.513255 0.537163 0.053458
v 0.495766 0.537163 -0.070162
v 0.513255 0.563892 -0.046296
v 0.495766 0.572244 -0.060762
v 0.513255 0.537163 -0.053458
v -0.058522 0.244179 0.150366
v -0.046170 0.117727 0.259654
v -0.114437 0.104115 0.197970
v -0.127360 0.202220 0.114777
v -0.058522 0.244179 -0.150366
v -0.114437 0.104114 -0.197970
v -0.046170 0.117726 -0.259654
v -0.127360 0.202220 -0.114777
v 0.513255 0.493018 0.076463
v 0.495766 0.476402 0.035081
v 0.513255 0.460701 0.044146
v 0.495766 0.502083 0.060762
v 0.513255 0.493018 -0.076463
v 0.495766 0.476402 -0.035081
v 0.495766 0.502083 -0.060762
v 0.513255 0.460701 -0.044146
v -0.066298 -0.037935 0.299959
v -0.114437 0.104115 0.197970
v -0.046170 0.117727 0.259654
v -0.134941 -0.012542 0.228714
v -0.066298 -0.037936 -0.299959
v -0.114437 0.104114 -0.197970
v -0.134941 -0.012543 -0.228714
v -0.046170 0.117726 -0.259654
v -0.066298 -0.037935 0.299959
v -0.150019 -0.163444 0.259603
v -0.193879 -0.110780 0.198069
v -0.134941 -0.012542 0.228714
v -0.193879 -0.110780 -0.198069
v -0.066298 -0.037936 -0.299959
v -0.134941 -0.012543 -0.228714
v -0.150019 -0.163444 -0.259603
v 0.513255 0.460701 0.044146
v 0.495765 0.467003 -0.000000
v 0.513255 0.448871 -0.000000
v 0.495766 0.476402 0.035081
v 0.495765 0.467003 -0.000000
v 0.495766 0.476402 -0.035081
v 0.513255 0.460701 -0.044146
v 0.513255 0.448871 -0.000000
v -0.238420 -0.242143 0.150159
v -0.193879 -0.110780 0.198069
v -0.150019 -0.163444 0.259603
v -0.264401 -0.168469 0.114914
v -0.238420 -0.242144 -0.150159
v -0.193879 -0.110780 -0.198069
v -0.264401 -0.168469 -0.114914
v -0.150019 -0.163444 -0.259603
v 0.495766 0.597925 0.035081
v 0.513255 0.563892 0.046296
v 0.495766 0.572244 0.060762
v 0.513255 0.583459 0.026729
v 0.513255 0.563892 -0.046296
v 0.513255 0.583459 -0.026729
v 0.495766 0.597925 -0.035081
v 0.495766 0.572244 -0.060762
v -0.270496 -0.395371 0.000000
v -0.368221 -0.433019 0.110279
v -0.264840 -0.471406 0.000000
v -0.344094 -0.368042 0.078508
v -0.324519 -0.315320 0.022413
v -0.303506 -0.323121 0.000000
v -0.270496 -0.395371 0.000000
v -0.368221 -0.433019 -0.110279
v -0.344094 -0.368042 -0.078508
v -0.264840 -0.471406 0.000000
v -0.324519 -0.315320 -0.022413
v -0.303506 -0.323121 0.000000
v -0.324519 -0.315320 -0.022413
v -0.317502 -0.296425 0.000000
v 0.513217 0.520579 0.066908
v 0.497943 0.540434 0.089239
v 0.493362 0.540434 0.066908
v 0.497943 0.540434 0.046494
v 0.513217 0.525161 0.089239
v 0.513217 0.540434 0.124957
v 0.513217 0.525161 0.046494
v 0.513217 0.540434 0.010777
v 0.513217 0.520579 -0.066908
v 0.497943 0.540434 -0.089239
v 0.513217 0.525161 -0.089239
v 0.513217 0.540434 -0.124957
v 0.493362 0.540434 -0.066908
v 0.497943 0.540434 -0.046494
v 0.513217 0.525161 -0.046494
v 0.513217 0.540434 -0.010777
v 0.495766 0.607325 -0.000000
v 0.513255 0.583459 0.026729
v 0.495766 0.597925 0.035081
v 0.513255 0.590621 -0.000000
v 0.513255 0.583459 -0.026729
v 0.495766 0.607325 -0.000000
v 0.495766 0.597925 -0.035081
v 0.513255 0.590621 -0.000000
v -0.292764 -0.257935 0.000000
v -0.264401 -0.168469 0.114914
v -0.238420 -0.242143 0.150159
v -0.313506 -0.177887 0.000000
v -0.238420 -0.242144 -0.150159
v -0.264401 -0.168469 -0.114914
v -0.292764 -0.257935 0.000000
v -0.313506 -0.177887 0.000000
v -0.324519 -0.315320 0.022413
v -0.303506 -0.323121 0.000000
v -0.317502 -0.296425 0.000000
vn -0.7392 -0.3635 -0.5670
vn -0.6265 -0.6994 -0.3439
vn -0.7393 -0.3635 0.5668
vn -0.7325 -0.0167 0.6806
vn -0.7393 -0.3636 0.5667
vn -0.6264 -0.6993 0.3443
vn 0.3232 -0.7579 0.5667
vn 0.3232 -0.7579 0.5666
vn 0.0181 -0.9386 0.3444
vn -0.7323 -0.0167 -0.6808
vn -0.9654 -0.2609 0.0004
vn -0.8647 -0.0832 0.4954
vn -0.8810 -0.1241 0.4565
vn -0.9654 -0.2609 0.0003
vn -0.8809 -0.1241 -0.4568
vn -0.8645 -0.0832 -0.4956
vn -0.7535 0.1382 0.6427
vn -0.8647 -0.0831 0.4954
vn -0.7385 0.1668 0.6533
vn -0.8810 -0.1240 0.4565
vn -0.7534 0.1382 -0.6429
vn -0.8645 -0.0831 -0.4957
vn -0.8809 -0.1240 -0.4568
vn -0.7383 0.1667 -0.6535
vn 0.7197 0.6012 0.3472
vn 0.7196 0.6943 0.0003
vn 0.7196 0.6944 0.0003
vn 0.7196 0.6012 -0.3476
vn 0.7196 0.6012 -0.3475
vn 0.7197 0.6943 0.0003
vn 0.6921 0.6916 0.2066
vn 0.6918 0.6918 0.2068
vn 0.6768 0.6768 0.2894
vn 0.7070 0.7072 -0.0063
vn 0.6910 0.6905 -0.2136
vn 0.6912 0.6904 -0.2134
vn 0.6768 0.6768 -0.2894
vn 0.6921 0.6915 -0.2069
vn 0.7071 0.7071 0.0060
vn 0.6907 0.6907 0.2140
vn 0.6909 0.6905 0.2141
vn 0.7197 0.3474 0.6011
vn 0.7197 0.6012 0.3473
vn 0.7197 0.3475 0.6011
vn 0.7196 0.6011 -0.3476
vn 0.7195 0.3474 -0.6013
vn -0.6699 0.3511 0.6542
vn -0.6862 0.2533 0.6819
vn -0.6651 0.3720 0.6475
vn -0.6698 0.3510 -0.6544
vn -0.6861 0.2532 -0.6820
vn -0.6861 0.2532 -0.6821
vn -0.6650 0.3719 -0.6477
vn -0.7535 0.1383 0.6427
vn -0.6862 0.2533 0.6818
vn -0.7533 0.1383 -0.6429
vn -0.7383 0.1668 -0.6535
vn -0.6860 0.2532 -0.6821
vn 0.5435 -0.4908 -0.6809
vn 0.3232 -0.7577 -0.5669
vn 0.3231 -0.7578 -0.5669
vn 0.0182 -0.9388 -0.3439
vn 0.6911 0.7228 0.0003
vn 0.6906 0.6264 -0.3616
vn 0.6907 0.6265 0.3612
vn 0.6911 0.7228 0.0004
vn -0.6651 0.3721 0.6474
vn -0.6082 0.6116 0.5060
vn -0.5996 0.6381 0.4831
vn -0.6699 0.3512 0.6541
vn -0.6650 0.3720 -0.6477
vn -0.5997 0.6383 -0.4826
vn -0.6084 0.6118 -0.5055
vn -0.6698 0.3511 -0.6543
vn -0.5995 0.6381 0.4830
vn -0.5863 0.8101 0.0003
vn -0.6082 0.6116 0.5059
vn -0.5862 0.8101 0.0003
vn 0.6997 -0.7144 0.0003
vn 0.6997 -0.6184 0.3577
vn 0.6999 -0.6185 -0.3572
vn 0.6997 -0.7144 0.0002
vn 0.6906 0.6263 -0.3616
vn 0.6910 0.3616 -0.6259
vn 0.6910 0.3616 -0.6260
vn 0.6907 0.6264 0.3613
vn 0.6907 0.3615 0.6263
vn 0.6996 -0.3569 0.6190
vn 0.6999 -0.6185 -0.3573
vn 0.6999 -0.3571 -0.6186
vn 0.6998 -0.3571 -0.6186
vn -0.6707 0.2257 -0.7066
vn -0.6131 0.3636 -0.7013
vn -0.6707 0.2256 -0.7066
vn -0.7323 -0.0166 -0.6808
vn -0.6704 0.2256 0.7069
vn -0.6129 0.3635 0.7016
vn -0.7325 -0.0166 0.6806
vn -0.6704 0.2255 0.7069
vn 0.6998 0.0004 0.7143
vn 0.6997 0.0004 -0.7145
vn 0.6999 -0.3570 -0.6187
vn 0.6998 -0.3570 -0.6187
vn 0.7197 0.0005 0.6943
vn 0.7196 0.3473 -0.6013
vn 0.7195 0.0005 -0.6944
vn 0.7195 0.0005 -0.6945
vn 0.7195 0.3473 -0.6013
vn 0.1189 -0.7191 0.6847
vn 0.1236 -0.7178 0.6852
vn 0.0972 -0.7266 0.6802
vn 0.6998 0.0005 0.7143
vn 0.6996 0.3568 0.6191
vn 0.6999 0.3569 -0.6187
vn 0.6999 0.3570 -0.6187
vn 0.6996 0.0005 -0.7145
vn 0.6997 0.0005 -0.7145
vn 0.6998 0.6183 0.3578
vn 0.6996 0.3569 0.6190
vn 0.6999 0.6185 -0.3572
vn 0.6999 0.3570 -0.6186
vn -0.7746 0.2352 -0.5871
vn -0.7858 0.2190 -0.5784
vn -0.8376 0.1349 -0.5294
vn 0.6998 0.7144 0.0003
vn 0.6998 0.6184 0.3577
vn 0.6998 0.7144 0.0002
vn 0.6997 0.7144 0.0003
vn 0.5437 -0.4909 0.6807
vn 0.7121 -0.6080 0.3511
vn 0.7121 -0.7021 0.0003
vn 0.7120 -0.6079 -0.3514
vn 0.7120 -0.6079 -0.3513
vn 0.7118 -0.3512 0.6084
vn 0.7121 -0.6079 0.3511
vn 0.7118 -0.3512 0.6083
vn 0.7120 -0.3513 -0.6080
vn 0.2814 -0.9396 0.1951
vn 0.2586 -0.9660 0.0003
vn 0.2871 -0.9264 0.2436
vn 0.3906 -0.7550 0.5267
vn 0.2814 -0.9395 0.1952
vn 0.2872 -0.9264 0.2437
vn 0.4164 -0.7124 0.5649
vn 0.2872 -0.9265 -0.2431
vn 0.3907 -0.7552 -0.5263
vn 0.4163 -0.7123 -0.5651
vn 0.2814 -0.9395 -0.1955
vn 0.2567 -0.6630 -0.7032
vn 0.3194 -0.6324 -0.7057
vn 0.2396 -0.6716 -0.7011
vn 0.3185 -0.6326 -0.7059
vn 0.1189 -0.7189 -0.6849
vn 0.1236 -0.7180 -0.6849
vn 0.0972 -0.7266 -0.6802
vn -0.8257 -0.5640 0.0003
vn -0.8273 -0.5249 -0.2001
vn -0.8219 -0.5013 -0.2705
vn -0.8274 -0.5249 0.1998
vn -0.8220 -0.5013 0.2702
vn 0.3186 -0.6328 0.7058
vn 0.2568 -0.6632 0.7030
vn 0.3195 -0.6326 0.7056
vn 0.2395 -0.6713 0.7015
vn 0.1236 -0.7177 0.6852
vn 0.6910 0.0005 -0.7229
vn 0.6907 0.3614 0.6263
vn 0.6907 0.0005 0.7232
vn 0.6907 0.3614 0.6264
vn 0.7117 0.0004 0.7025
vn 0.7117 -0.3511 0.6084
vn 0.7117 0.0004 0.7024
vn 0.7118 -0.3511 0.6084
vn 0.7120 0.0004 -0.7021
vn 0.7120 -0.3512 -0.6080
vn 0.7120 0.0004 -0.7022
vn -0.6338 0.4053 0.6588
vn -0.7747 0.2353 0.5869
vn -0.6490 0.3901 0.6532
vn -0.7859 0.2191 0.5782
vn -0.7860 0.2191 0.5782
vn -0.7748 0.2353 0.5869
vn -0.8374 0.1345 0.5298
vn -0.7120 -0.6081 0.3511
vn -0.7120 -0.7022 0.0003
vn -0.7120 -0.6080 -0.3514
vn -0.7119 -0.6080 -0.3514
vn -0.7120 -0.7021 0.0003
vn 0.6918 0.2067 -0.6919
vn 0.6918 0.2068 -0.6918
vn 0.6765 0.2893 -0.6772
vn 0.7073 -0.0062 -0.7069
vn 0.7071 -0.0060 -0.7071
vn 0.6909 -0.2143 -0.6905
vn 0.6768 -0.2894 -0.6769
vn 0.7071 -0.0060 0.7071
vn 0.6916 0.2064 0.6921
vn 0.6910 -0.2142 0.6904
vn 0.6918 0.2068 0.6918
vn 0.6768 0.2894 0.6768
vn 0.6911 -0.2144 0.6903
vn 0.6768 -0.2894 0.6768
vn 0.6922 -0.2067 -0.6915
vn 0.6918 -0.2068 -0.6918
vn 0.7071 0.0060 -0.7071
vn 0.6907 0.2140 -0.6907
vn 0.6909 0.2143 -0.6905
vn 0.6766 0.2893 -0.6771
vn 0.7071 0.0060 0.7071
vn 0.6918 -0.2068 0.6918
vn 0.6910 0.2142 0.6904
vn 0.7118 0.3510 0.6084
vn 0.7118 0.0005 0.7024
vn 0.7117 0.0005 0.7024
vn 0.7120 0.0005 -0.7022
vn 0.7120 0.3511 -0.6080
vn 0.7120 0.3511 -0.6081
vn 0.7120 0.0005 -0.7021
vn -0.7117 -0.3512 0.6084
vn -0.7120 -0.6080 0.3512
vn -0.7119 -0.3513 -0.6081
vn -0.7119 -0.6080 -0.3515
vn 0.3185 -0.6325 -0.7060
vn 0.3801 -0.6067 -0.6981
vn 0.3793 -0.6069 -0.6984
vn 0.3802 -0.6069 0.6979
vn 0.3794 -0.6071 0.6982
vn -0.5683 0.4491 0.6894
vn -0.5682 0.4490 -0.6896
vn -0.7876 -0.2961 -0.5403
vn -0.8273 -0.5249 -0.2002
vn -0.8219 -0.5013 -0.2706
vn -0.7764 -0.2391 -0.5832
vn -0.7878 -0.2961 0.5401
vn -0.7761 -0.2390 0.5836
vn 0.7121 0.6079 0.3511
vn 0.7118 0.3511 0.6084
vn 0.7122 0.6079 0.3511
vn 0.7120 0.3512 -0.6080
vn 0.7121 0.6078 -0.3515
vn 0.7120 0.6078 -0.3515
vn 0.7197 0.0004 0.6943
vn 0.7197 -0.3475 0.6011
vn 0.7195 0.0004 -0.6945
vn 0.7195 -0.3474 -0.6013
vn -0.7117 -0.3511 0.6085
vn -0.7117 0.0004 0.7025
vn -0.7116 0.0004 0.7025
vn -0.7119 -0.3512 -0.6081
vn -0.7119 0.0004 -0.7022
vn -0.6489 0.3900 -0.6534
vn -0.6340 0.4054 -0.6585
vn 0.7121 0.7020 0.0003
vn 0.7121 0.6080 0.3510
vn 0.7121 0.6080 0.3511
vn 0.7120 0.6079 -0.3514
vn 0.7145 -0.6997 0.0002
vn 0.7147 -0.6059 -0.3494
vn 0.7145 -0.6997 0.0003
vn 0.7146 -0.6058 0.3499
vn -0.7117 0.3511 0.6085
vn -0.7117 0.0005 0.7025
vn -0.7116 0.0005 0.7025
vn -0.7120 0.0005 -0.7022
vn -0.7119 0.3512 -0.6081
vn -0.7119 0.0005 -0.7022
vn 0.7147 -0.6058 -0.3495
vn 0.7145 -0.3501 -0.6058
vn 0.7146 -0.3502 0.6055
vn 0.7146 -0.6057 0.3500
vn 0.6494 -0.2477 0.7190
vn 0.3906 -0.7549 0.5268
vn 0.4163 -0.7122 -0.5651
vn 0.6492 -0.2476 -0.7192
vn 0.6492 -0.2477 -0.7192
vn 0.3908 -0.7552 -0.5263
vn -0.7120 0.6080 0.3512
vn -0.7117 0.3511 0.6084
vn -0.7117 0.3512 0.6085
vn -0.7121 0.6080 0.3512
vn -0.7119 0.3513 -0.6081
vn -0.7120 0.6079 -0.3515
vn 0.7146 -0.3501 0.6056
vn 0.7146 0.0004 0.6996
vn 0.7149 0.0004 -0.6993
vn 0.3794 -0.6069 -0.6984
vn 0.5143 -0.5461 -0.6613
vn 0.3802 -0.6067 -0.6981
vn 0.5302 -0.5392 -0.6543
vn 0.3795 -0.6071 0.6982
vn 0.3803 -0.6069 0.6979
vn 0.5144 -0.5462 0.6611
vn 0.5304 -0.5393 0.6541
vn -0.7120 0.7021 0.0003
vn -0.7121 0.6080 0.3511
vn -0.7120 0.6081 0.3511
vn -0.7120 0.6080 -0.3514
vn -0.7121 0.7021 0.0003
vn -0.7120 0.6079 -0.3514
vn 0.7149 0.0005 -0.6993
vn 0.7145 0.3500 -0.6058
vn 0.7146 0.0005 0.6996
vn 0.7146 0.3501 0.6056
vn -0.7195 0.6944 0.0003
vn -0.7196 0.6013 0.3473
vn -0.7196 0.6944 0.0003
vn -0.7195 0.6012 -0.3476
vn 0.7147 0.6058 -0.3495
vn 0.7145 0.3501 -0.6058
vn 0.7146 0.6057 0.3500
vn 0.7146 0.3502 0.6055
vn -0.7763 -0.2390 -0.5832
vn -0.6423 0.2437 -0.7267
vn -0.6432 0.2440 -0.7258
vn -0.7876 -0.2960 -0.5404
vn -0.6425 0.2438 0.7265
vn -0.7761 -0.2389 0.5836
vn -0.7878 -0.2960 0.5401
vn -0.6449 0.2449 0.7240
vn 0.5998 -0.5089 -0.6174
vn 0.5967 -0.5116 -0.6182
vn 0.5770 -0.5259 -0.6250
vn 0.7145 0.6996 0.0003
vn 0.7148 0.6058 -0.3494
vn 0.7147 0.6059 -0.3494
vn 0.7145 0.6997 0.0003
vn 0.7146 0.6057 0.3499
vn 0.7145 0.6996 0.0004
vn 0.5968 -0.5118 0.6180
vn 0.5999 -0.5091 0.6172
vn 0.5770 -0.5261 0.6247
vn 0.5969 -0.5116 0.6180
vn 0.5145 -0.5462 0.6610
vn 0.5143 -0.5461 -0.6612
vn -0.6910 0.6906 -0.2136
vn -0.6766 0.6770 -0.2895
vn -0.7069 0.7073 -0.0062
vn -0.7068 0.7073 -0.0063
vn -0.6921 0.6916 0.2066
vn -0.6918 0.6918 0.2068
vn -0.6765 0.6773 0.2892
vn -0.6909 0.6905 0.2141
vn -0.6767 0.6771 0.2893
vn -0.6907 0.6907 0.2140
vn -0.7069 0.7073 0.0060
vn -0.7068 0.7074 0.0060
vn -0.6918 0.6918 -0.2068
vn -0.6765 0.6771 -0.2896
vn 0.6910 -0.3616 -0.6260
vn 0.6910 0.0004 -0.7229
vn 0.6907 0.0004 0.7232
vn 0.6907 -0.3614 0.6263
vn -0.4627 0.6077 0.6455
vn -0.4627 0.6076 0.6455
vn -0.4629 0.6079 -0.6452
vn 0.7197 -0.6012 0.3473
vn 0.7197 -0.6013 0.3473
vn 0.7196 -0.6012 -0.3476
vn -0.7196 0.3475 0.6012
vn -0.7196 0.6013 0.3474
vn -0.7195 0.6012 -0.3477
vn -0.7195 0.3474 -0.6014
vn -0.6910 0.7229 0.0003
vn -0.6905 0.6265 -0.3616
vn -0.6906 0.6266 0.3613
vn -0.6910 0.7229 0.0004
vn -0.6906 0.6265 0.3613
vn -0.4401 0.5613 0.7009
vn -0.6337 0.4053 0.6589
vn -0.4552 0.5517 0.6989
vn -0.4551 0.5516 -0.6991
vn -0.6488 0.3900 -0.6534
vn -0.4399 0.5612 -0.7011
vn 0.7196 -0.6013 0.3472
vn 0.7196 -0.6944 0.0003
vn 0.7197 -0.6013 0.3472
vn 0.7196 -0.6012 -0.3475
vn 0.7815 0.2390 0.5764
vn 0.6494 -0.2476 0.7190
vn 0.7928 0.2894 0.5364
vn 0.7931 0.2895 -0.5360
vn 0.7813 0.2390 -0.5766
vn -0.6996 -0.7145 0.0003
vn -0.6996 -0.6185 0.3577
vn -0.6998 -0.6186 -0.3572
vn -0.6996 -0.7145 0.0002
vn -0.6909 0.3616 -0.6260
vn -0.6905 0.6264 -0.3617
vn -0.6906 0.3615 0.6264
vn -0.6906 0.6265 0.3614
vn -0.6995 -0.3570 0.6191
vn -0.6996 -0.6185 0.3578
vn -0.6998 -0.3571 -0.6187
vn -0.6998 -0.6186 -0.3573
vn 0.6910 -0.6258 -0.3618
vn 0.6910 -0.3616 -0.6259
vn 0.6909 -0.3616 -0.6259
vn 0.6907 -0.3615 0.6263
vn 0.6911 -0.6259 0.3615
vn -0.6995 -0.3569 0.6191
vn -0.6997 0.0004 0.7144
vn -0.6996 0.0004 -0.7146
vn -0.6998 -0.3570 -0.6188
vn -0.4115 0.7104 -0.5710
vn -0.6423 0.2438 -0.7267
vn -0.6452 0.2446 -0.7238
vn -0.3810 0.7589 -0.5282
vn -0.3809 0.7586 0.5286
vn -0.4113 0.7102 0.5714
vn -0.6419 0.2436 0.7270
vn 0.7069 -0.7073 -0.0064
vn 0.7069 -0.7072 -0.0063
vn 0.6918 -0.6918 0.2068
vn 0.6910 -0.6906 -0.2136
vn 0.6921 -0.6916 0.2066
vn 0.6768 -0.6769 0.2894
vn 0.6768 -0.6769 -0.2894
vn 0.6921 -0.6915 -0.2069
vn 0.6918 -0.6918 -0.2068
vn 0.7068 -0.7074 0.0060
vn 0.7071 -0.7071 0.0060
vn 0.6907 -0.6907 0.2139
vn 0.6909 -0.6905 0.2141
vn 0.7012 -0.7130 0.0003
vn 0.7015 -0.6174 -0.3561
vn 0.7015 -0.6173 -0.3561
vn 0.7014 -0.6172 0.3566
vn 0.7013 -0.6172 0.3566
vn -0.7196 0.0005 0.6944
vn -0.7196 0.3474 0.6012
vn -0.7195 0.0005 -0.6945
vn -0.7194 0.0005 -0.6946
vn -0.6997 0.0005 0.7144
vn -0.6995 0.3569 0.6191
vn -0.6998 0.3570 -0.6187
vn -0.6996 0.0005 -0.7146
vn -0.6998 0.3570 -0.6188
vn 0.7015 -0.6173 -0.3562
vn 0.7012 -0.3568 -0.6172
vn 0.7014 -0.3569 0.6170
vn -0.2167 0.6716 0.7085
vn -0.4400 0.5613 0.7009
vn -0.4551 0.5517 0.6989
vn -0.2176 0.6715 0.7084
vn -0.4550 0.5516 -0.6991
vn -0.2166 0.6714 -0.7087
vn -0.2175 0.6713 -0.7086
vn -0.6997 0.6184 0.3578
vn -0.6998 0.6186 -0.3573
vn -0.6998 0.3571 -0.6187
vn 0.7012 -0.3567 -0.6173
vn 0.7011 0.0004 -0.7131
vn 0.7013 0.0004 0.7129
vn 0.7014 -0.3568 0.6170
vn -0.6997 0.7145 0.0003
vn -0.6997 0.6185 0.3577
vn -0.6996 0.6185 0.3577
vn -0.6997 0.7145 0.0002
vn -0.7011 -0.7131 0.0003
vn -0.7014 -0.6174 -0.3561
vn -0.7013 -0.6173 0.3566
vn 0.7011 0.0005 -0.7131
vn 0.7012 0.3567 -0.6173
vn 0.7014 0.3568 0.6170
vn 0.7013 0.0005 0.7129
vn 0.7928 0.2894 0.5363
vn 0.8391 0.4699 0.2740
vn 0.8466 0.4859 0.2170
vn 0.7815 0.2391 0.5763
vn 0.8391 0.4698 -0.2743
vn 0.7931 0.2895 -0.5359
vn 0.8466 0.4859 -0.2173
vn -0.7014 -0.6174 -0.3562
vn -0.7011 -0.3568 -0.6173
vn -0.7011 -0.3569 -0.6173
vn -0.7013 -0.3569 0.6171
vn -0.7013 -0.6173 0.3567
vn -0.7012 -0.6173 0.3567
vn 0.6910 -0.7228 0.0003
vn 0.6910 -0.6258 -0.3617
vn 0.6911 -0.6259 0.3614
vn 0.7015 0.6173 -0.3561
vn 0.7012 0.3568 -0.6172
vn 0.7012 0.3567 -0.6172
vn 0.7014 0.6172 0.3567
vn 0.7014 0.6171 0.3567
vn -0.3297 0.7522 0.5705
vn -0.4626 0.6077 0.6455
vn -0.7010 0.0004 -0.7132
vn -0.7012 0.0004 0.7130
vn -0.3296 0.7521 -0.5708
vn -0.3059 0.7732 -0.5556
vn -0.4628 0.6079 -0.6452
vn 0.7012 0.7130 0.0003
vn 0.7014 0.6172 0.3566
vn 0.7015 -0.1250 0.7017
vn 0.6548 -0.2665 0.7072
vn 0.6548 -0.2666 0.7072
vn 0.5437 -0.4909 0.6808
vn 0.5436 -0.4907 -0.6810
vn 0.6550 -0.2667 -0.7070
vn 0.6551 -0.2667 -0.7070
vn 0.7017 -0.1251 -0.7014
vn -0.7010 0.0005 -0.7131
vn -0.7012 0.3567 -0.6174
vn -0.7010 0.0005 -0.7132
vn -0.7013 0.3568 0.6171
vn -0.7012 0.0005 0.7130
vn -0.6909 0.0005 -0.7230
vn -0.6909 0.3616 -0.6261
vn -0.6906 0.0005 0.7233
vn -0.3059 0.7730 0.5558
vn 0.8466 0.4860 0.2169
vn 0.8541 0.5201 0.0003
vn 0.8391 0.4699 0.2739
vn 0.8466 0.4859 -0.2172
vn -0.7013 0.3569 0.6171
vn -0.7013 0.6172 0.3567
vn -0.7011 0.3568 -0.6173
vn -0.7014 0.6174 -0.3562
vn -0.7012 0.3568 -0.6173
vn -0.3810 0.7589 -0.5281
vn -0.2480 0.9406 -0.2317
vn -0.2357 0.9570 -0.1690
vn -0.4115 0.7105 -0.5709
vn -0.2481 0.9407 0.2314
vn -0.4113 0.7102 0.5713
vn -0.3809 0.7587 0.5285
vn -0.2357 0.9571 0.1687
vn -0.7011 0.7131 0.0003
vn -0.7014 0.6174 -0.3561
vn -0.7013 0.6173 0.3566
vn -0.7071 -0.0060 0.7071
vn -0.6918 0.2068 0.6918
vn -0.6768 0.2894 0.6768
vn -0.6907 -0.2139 0.6907
vn -0.6909 -0.2143 0.6904
vn -0.6768 -0.2894 0.6768
vn -0.6908 -0.2143 -0.6906
vn -0.6766 -0.2894 -0.6771
vn -0.7071 -0.0060 -0.7071
vn -0.6918 0.2068 -0.6918
vn -0.6765 0.2893 -0.6772
vn -0.7071 0.0060 0.7071
vn -0.6918 -0.2068 0.6918
vn -0.6766 -0.2894 0.6771
vn -0.7069 0.0062 0.7073
vn -0.6909 0.2143 0.6904
vn -0.6907 0.2140 -0.6907
vn -0.6768 0.2894 -0.6769
vn -0.6907 0.2140 -0.6908
vn -0.7071 0.0060 -0.7071
vn -0.6918 -0.2068 -0.6918
vn -0.6764 -0.2894 -0.6774
vn 0.0419 0.7163 -0.6965
vn -0.0294 0.7161 -0.6973
vn 0.0467 0.7161 -0.6964
vn -0.0398 0.7164 -0.6966
vn -0.0399 0.7163 -0.6966
vn -0.2166 0.6716 0.7085
vn -0.0294 0.7163 0.6972
vn -0.2175 0.6715 0.7084
vn -0.0398 0.7161 0.6969
vn 0.0419 0.7165 0.6963
vn -0.0294 0.7163 0.6971
vn 0.0467 0.7163 0.6962
vn 0.0725 0.7161 0.6942
vn -0.2357 0.9570 -0.1689
vn -0.2023 0.9793 0.0003
vn -0.2024 0.9793 0.0003
vn -0.2480 0.9407 -0.2316
vn -0.2480 0.9407 0.2313
vn -0.2357 0.9571 0.1685
vn 0.0420 0.7163 -0.6965
vn 0.0725 0.7161 -0.6942
vn -0.7196 -0.3475 0.6012
vn -0.7196 0.0004 0.6944
vn -0.7194 -0.3474 -0.6014
vn -0.7194 0.0004 -0.6946
vn -0.7195 -0.3474 -0.6014
vn -0.7195 0.0004 -0.6945
vn -0.7144 -0.6998 0.0002
vn -0.7146 -0.6060 -0.3494
vn -0.7144 -0.6998 0.0003
vn -0.7145 -0.6058 0.3500
vn -0.7146 -0.6059 -0.3495
vn -0.7144 -0.3502 -0.6058
vn -0.7145 -0.3502 0.6056
vn -0.7145 -0.3503 0.6056
vn -0.7148 0.0004 -0.6994
vn -0.7144 -0.3501 -0.6059
vn -0.7145 -0.3502 0.6057
vn -0.7145 0.0004 0.6997
vn -0.7144 0.3501 -0.6059
vn -0.7148 0.0005 -0.6994
vn -0.7145 0.3501 0.6057
vn -0.7145 0.0005 0.6997
vn -0.7145 0.3502 0.6057
vn 0.7238 -0.0309 -0.6893
vn 0.7017 -0.1250 -0.7014
vn 0.7018 -0.1250 -0.7014
vn 0.7240 -0.0309 0.6891
vn 0.6341 -0.7733 0.0002
vn 0.6112 -0.6060 -0.5091
vn 0.6341 -0.7733 0.0003
vn 0.6169 -0.5802 -0.5319
vn 0.6113 -0.6061 0.5088
vn 0.6170 -0.5803 0.5316
vn -0.7147 0.6059 -0.3495
vn -0.7144 0.3501 -0.6058
vn -0.7145 0.3502 0.6056
vn -0.7145 0.6058 0.3500
vn -0.7144 0.6998 0.0003
vn -0.7147 0.6059 -0.3494
vn -0.7144 0.6997 0.0003
vn -0.7144 0.6997 0.0004
vn -0.6909 -0.3616 -0.6260
vn -0.6909 0.0004 -0.7230
vn -0.6906 0.0004 0.7233
vn -0.6906 -0.3615 0.6264
vn 0.6168 -0.5802 -0.5319
vn 0.6482 -0.3626 -0.6696
vn 0.6452 -0.3815 -0.6619
vn 0.6112 -0.6059 -0.5092
vn 0.6454 -0.3816 0.6617
vn 0.6483 -0.3627 0.6694
vn 0.6113 -0.6060 0.5089
vn -0.7196 -0.3476 0.6011
vn -0.7196 -0.6013 0.3473
vn -0.7196 -0.3475 0.6011
vn -0.7195 -0.3475 -0.6014
vn -0.7195 -0.6012 -0.3477
vn 0.6691 -0.2466 -0.7010
vn 0.6482 -0.3625 -0.6697
vn 0.6688 -0.2465 0.7013
vn 0.6454 -0.3815 0.6618
vn 0.6483 -0.3626 0.6695
vn 0.7287 -0.1401 -0.6704
vn 0.7425 -0.1174 -0.6594
vn 0.7427 -0.1175 0.6593
vn 0.7289 -0.1402 0.6702
vn -0.7195 -0.6945 0.0003
vn -0.7196 -0.6014 0.3472
vn -0.7195 -0.6945 0.0002
vn -0.7195 -0.6013 -0.3476
vn 0.8500 0.0575 -0.5236
vn 0.7426 -0.1174 -0.6594
vn 0.8688 0.0926 -0.4864
vn 0.8498 0.0574 0.5240
vn 0.7427 -0.1174 0.6592
vn 0.8690 0.0926 0.4861
vn 0.7289 -0.1401 0.6701
vn -0.6909 -0.6259 -0.3619
vn -0.6909 -0.3617 -0.6260
vn -0.6906 -0.3616 0.6264
vn -0.6910 -0.6260 0.3615
vn 0.7471 0.1582 0.6456
vn 0.7471 0.1583 0.6456
vn 0.7405 0.3550 0.5706
vn 0.7474 0.1582 -0.6453
vn 0.7239 -0.0308 -0.6893
vn 0.7473 0.1586 -0.6453
vn 0.7239 -0.0309 -0.6893
vn 0.7404 0.3549 -0.5708
vn 0.7404 0.3549 -0.5709
vn 0.7364 0.3861 -0.5556
vn -0.7068 -0.7074 -0.0064
vn -0.6918 -0.6918 0.2068
vn -0.7069 -0.7073 -0.0062
vn -0.6909 -0.6906 -0.2137
vn -0.6767 -0.6771 0.2893
vn -0.6768 -0.6769 -0.2894
vn -0.7068 -0.7074 0.0060
vn -0.6918 -0.6918 -0.2068
vn -0.7068 -0.7073 0.0060
vn -0.6909 -0.6905 0.2141
vn -0.6907 -0.6908 0.2140
vn -0.6768 -0.6769 0.2894
vn -0.6909 -0.7229 0.0003
vn -0.6909 -0.6259 -0.3618
vn 0.9786 0.2057 0.0003
vn 0.8688 0.0927 -0.4863
vn 0.8501 0.0575 -0.5235
vn 0.9786 0.2057 0.0002
vn 0.8498 0.0575 0.5240
vn 0.8690 0.0927 0.4860
vn 0.7362 0.3860 0.5559
vt 0.375000 0.750000
vt 0.375000 1.000000
vt 0.375000 0.500000
vt 0.375000 0.250000
vt 0.500000 0.500000
vt 0.583333 0.500000
vt 0.583333 0.750000
vt 0.500000 0.750000
vt 0.416667 0.750000
vt 0.416667 0.500000
vt 0.666667 0.750000
vt 0.666667 0.500000
vt 0.333333 0.750000
vt 0.333333 0.500000
vt 0.916667 0.500000
vt 1.000000 0.250000
vt 1.000000 0.500000
vt 0.916667 0.250000
vt 0.083333 0.500000
vt 0.000000 0.250000
vt 0.083333 0.250000
vt 0.000000 0.500000
vt 0.375000 0.166667
vt 0.625000 0.166667
vt 0.375000 0.125000
vt 0.625000 0.125000
vt 0.625000 0.083333
vt 0.375000 0.083333
vt 0.625000 0.000000
vt 0.833333 0.500000
vt 0.833333 0.250000
vt 0.166667 0.250000
vt 0.166667 0.500000
vt 0.750000 0.750000
vt 0.750000 0.500000
vt 0.833333 0.750000
vt 0.250000 0.500000
vt 0.250000 0.750000
vt 0.166667 0.750000
vt 0.375000 0.000000
vt 0.500000 0.250000
vt 0.583333 0.000000
vt 0.583333 0.250000
vt 0.500000 0.000000
vt 0.416667 0.250000
vt 0.416667 0.000000
vt 0.916667 0.750000
vt 0.083333 0.750000
vt 1.000000 0.750000
vt 0.000000 0.750000
vt 0.666667 0.000000
vt 0.666667 0.250000
vt 0.333333 0.000000
vt 0.333333 0.250000
vt 0.750000 0.250000
vt 0.250000 0.250000
vt 1.000000 1.000000
vt 0.916667 1.000000
vt 0.000000 1.000000
vt 0.083333 1.000000
vt 0.750000 0.000000
vt 0.250000 0.000000
vt 0.125000 0.625000
vt 0.375000 0.583333
vt 0.375000 0.625000
vt 0.375000 0.666667
vt 0.125000 0.583333
vt 0.125000 0.666667
vt 0.125000 0.750000
vt 0.625000 0.250000
vt 0.625000 0.500000
vt 0.625000 0.750000
vt 0.625000 1.000000
vt 0.833333 1.000000
vt 0.166667 1.000000
vt 0.916667 0.000000
vt 1.000000 0.000000
vt 0.083333 0.000000
vt 0.000000 0.000000
vt 0.833333 0.000000
vt 0.166667 0.000000
vt 0.750000 1.000000
vt 0.250000 1.000000
vt 0.625000 0.666667
vt 0.875000 0.666667
vt 0.625000 0.625000
vt 0.875000 0.625000
vt 0.875000 0.583333
vt 0.625000 0.583333
vt 0.875000 0.500000
vt 0.500000 1.000000
vt 0.583333 1.000000
vt 0.416667 1.000000
vt 0.666667 1.000000
vt 0.333333 1.000000
s 1
f 194/2/194 195/3/194 196/2/195
f 197/2/196 198/4/197 199/2/197
f 198/4/197 197/2/196 200/4/196
f 200/4/198 201/2/198 202/4/199
f 203/5/200 204/4/201 205/5/202
f 206/2/194 207/3/203 208/3/194
f 207/3/203 206/2/194 209/2/203
f 210/6/204 211/7/205 212/8/206
f 210/6/204 212/8/206 213/9/207
f 214/10/208 215/6/207 216/9/207
f 215/6/207 214/10/208 217/11/209
f 218/12/210 219/7/211 220/13/212
f 219/7/211 218/12/210 221/8/213
f 222/14/214 223/11/215 224/10/216
f 223/11/215 222/14/214 225/15/217
f 226/16/218 227/17/219 228/18/220
f 227/17/219 226/16/218 229/19/218
f 230/20/221 231/21/220 232/22/222
f 231/21/220 230/20/221 233/23/223
f 234/24/224 235/25/225 236/5/226
f 237/26/227 235/25/225 234/24/224
f 235/25/225 237/26/227 238/27/227
f 237/26/227 239/28/228 238/27/227
f 239/28/228 237/26/227 240/29/229
f 241/30/230 239/28/228 240/29/229
f 242/24/231 243/5/230 244/25/231
f 244/25/231 245/26/232 242/24/231
f 245/26/232 244/25/231 246/27/232
f 247/28/233 245/26/232 246/27/232
f 245/26/232 247/28/233 248/29/234
f 249/30/226 248/29/234 247/28/233
f 250/31/235 251/19/236 252/16/236
f 251/19/236 250/31/235 253/32/237
f 254/22/238 255/33/239 256/34/239
f 254/22/238 256/34/239 257/20/238
f 258/31/240 259/35/241 260/36/241
f 259/35/241 258/31/240 261/37/242
f 262/34/243 263/38/244 264/39/245
f 262/34/243 264/39/245 265/40/246
f 266/12/247 267/36/241 268/35/248
f 267/36/241 266/12/247 269/13/212
f 270/14/249 271/38/245 272/15/250
f 271/38/245 270/14/249 273/39/251
f 274/41/252 275/5/252 276/5/253
f 274/41/252 276/5/253 277/41/253
f 277/41/254 278/5/254 279/41/255
f 280/42/256 281/43/257 282/44/257
f 281/43/257 280/42/256 283/45/256
f 284/46/258 285/47/258 286/42/259
f 285/47/258 287/45/259 286/42/259
f 288/37/260 289/16/261 290/48/262
f 289/16/261 288/37/260 291/31/263
f 292/40/264 293/49/265 294/20/266
f 294/20/266 295/34/267 292/40/264
f 296/48/268 297/18/269 298/50/269
f 297/18/269 296/48/268 299/16/270
f 300/49/265 301/23/271 302/20/266
f 301/23/271 300/49/265 303/51/269
f 304/6/272 305/44/273 306/7/273
f 305/44/273 304/6/272 307/42/272
f 308/11/274 309/46/274 310/6/275
f 309/46/274 311/42/275 310/6/275
f 312/44/276 313/52/277 314/53/278
f 313/52/277 312/44/276 315/43/276
f 316/46/279 317/54/280 318/47/279
f 317/54/280 316/46/279 319/55/280
f 320/13/281 321/7/273 322/44/273
f 320/13/281 322/44/273 323/53/281
f 324/11/282 325/55/283 326/46/282
f 325/55/283 324/11/282 327/15/284
f 328/3/285 329/2/286 330/3/286
f 329/2/286 328/3/285 331/2/285
f 332/3/287 333/2/288 331/2/287
f 333/2/288 332/3/287 334/3/288
f 335/4/289 336/2/290 337/2/289
f 336/2/290 335/4/289 338/4/290
f 339/2/291 340/4/292 337/2/292
f 340/4/292 339/2/291 341/4/291
f 342/13/281 343/53/281 344/36/293
f 343/53/281 345/56/293 344/36/293
f 346/38/294 347/55/295 348/15/296
f 347/55/295 346/38/294 349/57/294
f 350/56/297 351/32/235 352/31/235
f 350/56/297 352/31/235 353/36/297
f 354/34/298 355/57/299 356/38/300
f 355/57/299 354/34/298 357/33/301
f 358/5/302 359/4/303 360/5/304
f 361/36/305 362/32/306 363/31/306
f 362/32/306 361/36/305 364/56/305
f 365/34/307 366/33/308 367/38/309
f 366/33/308 368/57/310 367/38/309
f 369/16/311 370/31/312 371/32/312
f 369/16/311 371/32/312 372/19/311
f 373/22/313 374/33/314 375/34/308
f 373/22/313 375/34/308 376/20/313
f 377/2/315 378/3/316 379/2/317
f 380/18/318 381/19/319 382/17/318
f 380/18/318 383/16/319 381/19/319
f 384/22/313 385/23/320 386/21/321
f 385/23/320 384/22/313 387/20/313
f 388/4/322 389/5/200 390/5/322
f 389/5/200 388/4/322 391/4/200
f 392/7/323 393/6/324 394/42/324
f 392/7/323 394/42/324 395/44/323
f 396/42/324 397/11/325 398/46/326
f 397/11/325 396/42/324 399/6/324
f 400/13/327 401/7/328 402/44/328
f 400/13/327 402/44/328 403/53/329
f 404/46/325 405/15/330 406/55/330
f 405/15/330 404/46/325 407/11/325
f 408/7/331 409/6/332 410/42/332
f 410/42/332 411/44/333 408/7/331
f 412/13/334 413/7/335 414/44/336
f 412/13/334 414/44/336 415/53/337
f 416/46/338 417/15/339 418/55/340
f 417/15/339 416/46/338 419/11/341
f 420/42/332 421/11/341 422/46/338
f 421/11/341 420/42/332 423/6/332
f 424/41/342 425/5/343 426/5/344
f 425/5/343 424/41/342 427/41/345
f 424/41/342 426/5/344 428/5/346
f 424/41/342 428/5/346 429/41/347
f 429/41/347 430/5/346 431/41/348
f 432/58/349 433/48/350 434/50/349
f 433/48/350 432/58/349 435/59/351
f 436/60/349 437/49/352 438/61/353
f 437/49/352 436/60/349 439/51/349
f 440/4/354 441/4/355 442/5/356
f 442/5/356 441/4/355 443/5/357
f 441/4/355 444/5/302 443/5/357
f 444/5/302 441/4/355 445/4/358
f 446/56/359 447/52/278 448/62/359
f 446/56/359 449/53/278 447/52/278
f 450/54/360 451/57/361 452/63/361
f 451/57/361 450/54/360 453/55/362
f 454/36/363 455/53/364 456/56/365
f 455/53/364 454/36/363 457/13/366
f 458/38/367 459/55/368 460/15/368
f 459/55/368 458/38/367 461/57/369
f 462/2/370 463/2/371 464/4/372
f 464/4/372 463/2/371 465/4/373
f 465/4/374 466/2/375 467/4/376
f 468/7/377 469/9/378 470/6/378
f 469/9/378 468/7/377 471/8/377
f 472/9/378 473/10/379 474/11/380
f 474/11/380 475/6/381 472/9/378
f 476/24/382 477/25/383 478/5/384
f 479/26/385 477/25/383 476/24/382
f 477/25/383 479/26/385 480/27/386
f 479/26/385 481/28/387 480/27/386
f 481/28/387 479/26/385 482/29/387
f 483/30/388 481/28/387 482/29/387
f 484/64/389 485/65/390 486/66/389
f 484/64/389 486/66/389 487/67/391
f 485/65/390 484/64/389 488/68/392
f 489/4/393 485/65/390 488/68/392
f 490/69/394 484/64/389 487/67/391
f 490/69/394 487/67/391 491/70/395
f 492/24/396 493/5/388 494/25/397
f 494/25/397 495/26/398 492/24/396
f 494/25/397 496/27/398 495/26/398
f 497/28/399 495/26/398 496/27/398
f 495/26/398 497/28/399 498/29/400
f 499/30/401 498/29/400 497/28/399
f 500/64/402 501/65/403 502/68/403
f 503/4/395 502/68/403 501/65/403
f 501/65/403 500/64/402 504/66/402
f 500/64/402 505/67/404 504/66/402
f 505/67/404 500/64/402 506/69/404
f 506/69/404 507/70/393 505/67/404
f 508/32/405 509/36/406 510/56/407
f 509/36/406 508/32/405 511/31/405
f 512/38/408 513/34/409 514/33/410
f 512/38/408 514/33/410 515/57/411
f 516/13/412 517/8/413 518/7/413
f 517/8/413 516/13/412 519/12/412
f 520/15/414 521/10/415 522/14/414
f 521/10/415 520/15/414 523/11/415
f 524/5/343 525/41/416 526/71/417
f 525/41/416 527/30/418 526/71/417
f 528/71/419 529/4/354 530/5/356
f 529/4/354 528/71/419 531/72/420
f 532/2/290 533/4/290 534/73/421
f 533/4/290 535/72/421 534/73/421
f 536/3/286 537/73/422 538/74/422
f 537/73/422 536/3/286 539/2/286
f 540/37/423 541/48/424 542/59/425
f 540/37/423 542/59/425 543/75/426
f 544/40/427 545/61/353 546/49/352
f 545/61/353 544/40/427 547/76/428
f 548/16/429 549/31/430 550/32/430
f 548/16/429 550/32/430 551/19/431
f 552/33/432 553/20/433 554/22/434
f 553/20/433 552/33/432 555/34/432
f 556/36/435 557/53/436 558/56/435
f 557/53/436 556/36/435 559/13/436
f 560/38/437 561/55/438 562/15/438
f 561/55/438 560/38/437 563/57/437
f 564/12/439 565/36/440 566/35/441
f 565/36/440 564/12/439 567/13/439
f 568/14/442 569/38/443 570/15/442
f 569/38/443 568/14/442 571/39/443
f 572/3/444 573/2/315 574/2/445
f 573/2/315 572/3/444 575/3/316
f 576/18/446 577/16/447 578/19/448
f 576/18/446 578/19/448 579/17/446
f 580/22/449 581/23/446 582/21/446
f 581/23/446 580/22/449 583/20/449
f 584/17/450 585/19/451 586/77/451
f 584/17/450 586/77/451 587/78/452
f 588/79/453 589/21/452 590/80/452
f 589/21/452 588/79/453 591/22/453
f 592/37/454 593/35/455 594/36/456
f 594/36/456 595/31/454 592/37/454
f 596/38/457 597/40/458 598/34/458
f 597/40/458 596/38/457 599/39/459
f 600/19/460 601/32/461 602/81/461
f 600/19/460 602/81/461 603/77/460
f 604/82/462 605/22/463 606/79/463
f 605/22/463 604/82/462 607/33/462
f 608/36/464 609/13/465 610/53/337
f 610/53/337 611/56/464 608/36/464
f 612/55/466 613/38/467 614/57/468
f 613/38/467 612/55/466 615/15/469
f 616/16/470 617/37/471 618/31/472
f 617/37/471 616/16/470 619/48/473
f 620/40/474 621/49/475 622/20/475
f 622/20/475 623/34/474 620/40/474
f 624/33/476 625/63/477 626/57/477
f 625/63/477 624/33/476 627/82/476
f 628/62/478 629/81/461 630/32/461
f 628/62/478 630/32/461 631/56/478
f 632/30/479 633/71/480 634/71/481
f 633/71/480 632/30/479 635/30/482
f 636/72/483 637/71/484 638/71/485
f 636/72/483 638/71/485 639/72/486
f 640/18/487 641/48/488 642/16/489
f 641/48/488 640/18/487 643/50/487
f 644/23/487 645/49/490 646/51/491
f 645/49/490 644/23/487 647/20/492
f 648/56/493 649/52/494 650/62/493
f 649/52/494 648/56/493 651/53/494
f 652/57/495 653/54/496 654/55/496
f 653/54/496 652/57/495 655/63/495
f 656/50/497 657/16/498 658/18/499
f 657/16/498 656/50/497 659/48/498
f 660/51/499 661/20/500 662/49/500
f 661/20/500 660/51/499 663/23/499
f 664/44/501 665/52/502 666/53/502
f 665/52/502 664/44/501 667/43/501
f 668/46/503 669/54/504 670/47/503
f 669/54/504 668/46/503 671/55/504
f 672/75/505 673/83/506 674/35/507
f 674/35/507 675/37/508 672/75/505
f 676/39/509 677/76/510 678/40/511
f 677/76/510 676/39/509 679/84/512
f 680/71/513 681/30/514 682/71/515
f 683/42/516 684/43/517 685/44/518
f 684/43/517 683/42/516 686/45/519
f 687/47/520 688/45/519 689/42/521
f 687/47/520 689/42/521 690/46/520
f 691/72/522 692/71/523 693/72/524
f 691/72/525 694/72/486 695/71/523
f 694/72/486 696/71/526 695/71/523
f 697/30/482 698/71/513 699/71/527
f 698/71/513 697/30/482 700/30/514
f 701/85/528 702/86/528 703/73/529
f 702/86/528 701/85/528 704/87/530
f 704/87/530 705/88/531 702/86/528
f 704/87/530 706/89/532 705/88/531
f 706/89/532 704/87/530 707/90/533
f 708/91/534 706/89/532 707/90/533
f 709/85/535 710/73/536 711/86/537
f 712/87/538 709/85/535 711/86/537
f 713/88/539 712/87/538 711/86/537
f 714/89/540 712/87/538 713/88/539
f 712/87/538 714/89/540 715/90/540
f 716/91/541 715/90/540 714/89/540
f 717/81/542 718/56/543 719/62/543
f 718/56/543 717/81/542 720/32/542
f 721/57/544 722/82/545 723/63/544
f 721/57/544 724/33/545 722/82/545
f 725/72/421 726/73/546 727/73/421
f 726/73/546 725/72/421 728/72/547
f 729/74/548 730/74/422 731/73/548
f 730/74/422 732/73/422 731/73/548
f 733/13/436 734/7/549 735/44/550
f 733/13/436 735/44/550 736/53/436
f 737/46/551 738/15/438 739/55/438
f 738/15/438 737/46/551 740/11/551
f 741/31/552 742/16/498 743/48/553
f 741/31/552 743/48/553 744/37/552
f 745/49/554 746/34/555 747/40/555
f 746/34/555 745/49/554 748/20/554
f 749/92/556 750/9/556 751/93/557
f 750/9/556 752/8/557 751/93/557
f 753/94/558 754/9/559 755/92/556
f 754/9/559 753/94/558 756/10/560
f 757/2/561 758/2/562 759/4/563
f 759/4/563 758/2/562 760/4/372
f 761/2/445 762/3/564 763/3/565
f 762/3/564 761/2/445 764/2/566
f 765/7/567 766/6/568 767/42/568
f 765/7/567 767/42/568 768/44/569
f 769/42/568 770/11/570 771/46/570
f 770/11/570 769/42/568 772/6/568
f 773/32/571 774/36/572 775/56/572
f 774/36/572 773/32/571 776/31/573
f 777/38/467 778/34/574 779/33/575
f 779/33/575 780/57/467 777/38/467
f 781/9/576 782/6/576 783/8/577
f 782/6/576 784/7/577 783/8/577
f 785/10/578 786/6/579 787/9/579
f 786/6/579 785/10/578 788/11/578
f 789/95/580 790/8/581 791/12/580
f 790/8/581 789/95/580 792/93/581
f 793/96/582 794/10/583 795/94/583
f 794/10/583 793/96/582 796/14/582
f 797/12/584 798/7/585 799/13/584
f 798/7/585 797/12/584 800/8/585
f 801/15/586 802/10/587 803/14/586
f 802/10/587 801/15/586 804/11/587
f 805/19/588 806/32/589 807/81/590
f 805/19/588 807/81/590 808/77/588
f 809/82/591 810/22/592 811/79/592
f 810/22/592 809/82/591 812/33/591
f 813/12/593 814/36/594 815/35/594
f 814/36/594 813/12/593 816/13/593
f 817/39/595 818/38/595 819/14/596
f 818/38/595 820/15/596 819/14/596
f 821/95/597 822/35/598 823/83/599
f 822/35/598 821/95/597 824/12/600
f 825/14/601 826/96/602 827/39/603
f 827/39/603 826/96/602 828/84/509
f 829/66/604 830/64/605 831/68/606
f 829/66/604 832/69/607 830/64/605
f 829/66/604 831/68/606 833/65/608
f 834/4/609 833/65/608 831/68/606
f 832/69/607 829/66/604 835/67/607
f 832/69/607 835/67/607 836/70/610
f 837/65/611 838/68/612 839/66/613
f 840/4/610 838/68/612 837/65/611
f 838/68/612 841/64/614 839/66/613
f 842/69/615 839/66/613 841/64/614
f 839/66/613 842/69/615 843/67/616
f 842/69/615 844/70/609 843/67/616
f 845/17/617 846/77/618 847/78/617
f 845/17/617 848/19/619 846/77/618
f 849/79/620 850/21/617 851/80/617
f 850/21/617 849/79/620 852/22/621
f 853/35/622 854/31/623 855/37/623
f 854/31/623 853/35/622 856/36/622
f 857/34/555 858/38/624 859/39/625
f 857/34/555 859/39/625 860/40/555
f 861/35/626 862/36/626 863/37/627
f 862/36/626 864/31/627 863/37/627
f 865/40/628 866/38/629 867/39/629
f 866/38/629 865/40/628 868/34/630
f 869/19/631 870/32/632 871/81/632
f 869/19/631 871/81/632 872/77/631
f 873/82/633 874/22/621 875/79/621
f 874/22/621 873/82/633 876/33/633
f 877/72/634 878/2/635 879/4/636
f 878/2/635 877/72/634 880/73/637
f 881/3/638 882/2/566 883/74/639
f 882/2/566 884/73/640 883/74/639
f 885/16/641 886/37/627 887/31/627
f 886/37/627 885/16/641 888/48/641
f 889/49/642 890/34/643 891/40/643
f 890/34/643 889/49/642 892/20/642
f 893/81/644 894/56/645 895/62/645
f 894/56/645 893/81/644 896/32/644
f 897/57/646 898/82/647 899/63/646
f 897/57/646 900/33/647 898/82/647
f 901/18/648 902/48/649 903/16/650
f 902/48/649 901/18/648 904/50/648
f 905/49/642 906/23/651 907/20/642
f 906/23/651 905/49/642 908/51/648
f 909/50/652 910/59/653 911/48/653
f 910/59/653 909/50/652 912/58/652
f 913/61/654 914/51/652 915/49/654
f 914/51/652 913/61/654 916/60/652
f 917/56/655 918/52/656 919/62/655
f 917/56/655 920/53/656 918/52/656
f 921/54/657 922/57/658 923/63/658
f 922/57/658 921/54/657 924/55/657
f 925/31/659 926/19/660 927/16/661
f 926/19/660 925/31/659 928/32/662
f 929/22/663 930/33/575 931/34/664
f 929/22/663 931/34/664 932/20/665
f 933/48/666 934/75/667 935/37/668
f 934/75/667 933/48/666 936/59/666
f 937/76/669 938/61/670 939/49/671
f 939/49/671 940/40/669 937/76/669
f 941/17/672 942/77/588 943/78/672
f 941/17/672 944/19/673 942/77/588
f 945/79/674 946/21/672 947/80/672
f 946/21/672 945/79/674 948/22/674
f 949/44/675 950/52/676 951/53/677
f 950/52/676 949/44/675 952/43/675
f 953/46/678 954/54/657 955/47/679
f 954/54/657 953/46/678 956/55/657
f 957/72/546 958/73/680 959/73/681
f 958/73/680 957/72/546 960/72/680
f 961/75/667 962/35/682 963/37/667
f 962/35/682 961/75/667 964/83/682
f 965/39/683 966/76/669 967/40/669
f 966/76/669 965/39/683 968/84/683
f 969/74/684 970/73/684 971/74/685
f 972/74/686 973/73/684 969/74/684
f 972/74/686 974/73/686 973/73/684
f 975/42/687 976/43/675 977/44/675
f 976/43/675 975/42/687 978/45/687
f 979/42/687 980/46/688 981/47/688
f 981/47/688 982/45/687 979/42/687
f 983/5/689 984/4/690 985/5/690
f 984/4/690 983/5/689 986/4/689
f 987/4/691 988/5/692 985/5/691
f 988/5/692 987/4/691 989/4/692
f 990/5/693 991/41/694 992/5/694
f 991/41/694 990/5/693 993/41/693
f 994/41/695 995/5/696 992/5/695
f 995/5/696 994/41/695 996/41/696
f 997/35/697 998/95/698 999/12/698
f 998/95/698 997/35/697 1000/83/699
f 1001/96/700 1002/39/701 1003/14/700
f 1002/39/701 1001/96/700 1004/84/701
f 1005/35/702 1006/95/703 1007/12/703
f 1006/95/703 1005/35/702 1008/83/702
f 1009/96/582 1010/39/704 1011/14/582
f 1010/39/704 1009/96/582 1012/84/704
f 1013/73/680 1014/72/680 1015/73/705
f 1016/16/706 1017/17/707 1018/18/707
f 1017/17/707 1016/16/706 1019/19/708
f 1020/20/709 1021/21/707 1022/22/663
f 1021/21/707 1020/20/709 1023/23/707
f 1024/96/710 1025/10/711 1026/94/711
f 1025/10/711 1024/96/710 1027/14/710
f 1028/95/712 1029/8/713 1030/12/714
f 1029/8/713 1028/95/712 1031/93/713
f 1032/12/715 1033/93/716 1034/8/717
f 1033/93/716 1032/12/715 1035/95/718
f 1036/94/719 1037/96/720 1038/14/721
f 1038/14/721 1039/10/722 1036/94/719
f 1040/92/723 1041/9/723 1042/93/724
f 1041/9/723 1043/8/724 1042/93/724
f 1044/94/725 1045/9/723 1046/92/723
f 1045/9/723 1044/94/725 1047/10/725
f 1048/87/726 1049/65/727 1050/90/727
f 1051/72/728 1050/90/727 1049/65/727
f 1049/65/727 1048/87/726 1052/66/726
f 1048/87/726 1053/67/729 1052/66/726
f 1053/67/729 1048/87/726 1054/85/730
f 1053/67/729 1054/85/730 1055/2/731
f 1056/85/732 1057/86/732 1058/73/733
f 1056/85/732 1059/88/734 1057/86/732
f 1059/88/734 1056/85/732 1060/87/734
f 1061/90/735 1059/88/734 1060/87/734
f 1062/89/735 1059/88/734 1061/90/735
f 1063/91/736 1062/89/735 1061/90/735
f 1064/87/737 1065/90/738 1066/65/738
f 1067/72/739 1066/65/738 1065/90/738
f 1064/87/737 1066/65/738 1068/66/740
f 1064/87/737 1068/66/740 1069/85/741
f 1068/66/740 1070/67/741 1069/85/741
f 1070/67/741 1071/2/728 1069/85/741
f 1072/85/742 1073/73/743 1074/86/744
f 1075/88/745 1072/85/742 1074/86/744
f 1072/85/742 1075/88/745 1076/87/745
f 1075/88/745 1077/90/746 1076/87/745
f 1077/90/746 1075/88/745 1078/89/746
f 1079/91/747 1077/90/746 1078/89/746
f 1080/74/748 1081/73/749 1082/73/750
f 1081/73/749 1080/74/748 1083/74/751
f 1083/74/752 1084/74/639 1085/73/749
f 1084/74/639 1086/73/640 1085/73/749
f 1087/72/753 1088/73/754 1089/73/755
f 1088/73/754 1087/72/753 1090/72/756
f 1090/72/756 1091/72/757 1092/73/758
f 1092/73/758 1091/72/757 1093/73/759
f 1093/73/759 1094/72/757 1095/73/760
f 1096/8/761 1097/92/762 1098/9/763
f 1097/92/762 1096/8/761 1099/93/764
f 1100/92/762 1101/94/765 1102/10/766
f 1102/10/766 1103/9/762 1100/92/762
f 1104/74/767 1105/73/750 1106/74/768
f 1107/12/769 1108/36/770 1109/35/770
f 1108/36/770 1107/12/769 1110/13/769
f 1111/14/771 1112/38/772 1113/15/773
f 1112/38/772 1111/14/771 1114/39/774
f 1115/50/775 1116/59/776 1117/48/776
f 1116/59/776 1115/50/775 1118/58/777
f 1119/51/777 1120/61/778 1121/60/777
f 1120/61/778 1119/51/777 1122/49/778
f 1123/48/779 1124/75/780 1125/37/780
f 1124/75/780 1123/48/779 1126/59/779
f 1127/76/781 1128/61/778 1129/49/778
f 1129/49/778 1130/40/782 1127/76/781
f 1131/83/783 1132/37/784 1133/75/784
f 1132/37/784 1131/83/783 1134/35/783
f 1135/40/785 1136/39/786 1137/84/786
f 1135/40/785 1137/84/786 1138/76/785
f 1139/95/787 1140/35/788 1141/83/788
f 1140/35/788 1139/95/787 1142/12/787
f 1143/96/789 1144/39/790 1145/14/791
f 1144/39/790 1143/96/789 1146/84/790
f 1147/71/792 1148/41/793 1149/30/792
f 1148/41/793 1147/71/792 1150/5/794
f 1151/71/795 1152/4/689 1153/5/689
f 1152/4/689 1151/71/795 1154/72/795
f 1155/17/796 1156/77/797 1157/78/798
f 1155/17/796 1158/19/799 1156/77/797
f 1159/21/798 1160/79/800 1161/22/801
f 1160/79/800 1159/21/798 1162/80/798
f 1163/95/787 1164/8/802 1165/12/803
f 1164/8/802 1163/95/787 1166/93/802
f 1167/96/804 1168/10/805 1169/94/805
f 1168/10/805 1167/96/804 1170/14/804
f 1171/9/806 1172/8/807 1173/93/807
f 1171/9/806 1173/93/807 1174/92/808
f 1175/94/805 1176/9/809 1177/92/808
f 1176/9/809 1175/94/805 1178/10/805
f 1179/75/810 1180/35/811 1181/37/810
f 1180/35/811 1179/75/810 1182/83/811
f 1183/39/812 1184/76/813 1185/40/813
f 1184/76/813 1183/39/812 1186/84/812
f 1187/19/814 1188/32/815 1189/81/816
f 1187/19/814 1189/81/816 1190/77/817
f 1191/22/801 1192/82/818 1193/33/819
f 1192/82/818 1191/22/801 1194/79/820
f 1195/13/821 1196/8/822 1197/7/822
f 1196/8/822 1195/13/821 1198/12/823
f 1199/15/824 1200/10/825 1201/14/824
f 1200/10/825 1199/15/824 1202/11/825
f 1203/56/826 1204/81/816 1205/32/827
f 1204/81/816 1203/56/826 1206/62/826
f 1207/57/828 1208/82/829 1209/63/828
f 1208/82/829 1207/57/828 1210/33/830
f 1211/56/826 1212/53/831 1213/52/832
f 1211/56/826 1213/52/832 1214/62/826
f 1215/54/833 1216/57/828 1217/63/828
f 1216/57/828 1215/54/833 1218/55/834
f 1219/7/822 1220/9/835 1221/6/835
f 1220/9/835 1219/7/822 1222/8/836
f 1223/9/837 1224/10/838 1225/11/838
f 1225/11/838 1226/6/835 1223/9/837
f 1227/44/839 1228/52/840 1229/53/831
f 1228/52/840 1227/44/839 1230/43/841
f 1231/46/842 1232/54/843 1233/47/844
f 1232/54/843 1231/46/842 1234/55/845
f 1235/48/846 1236/75/847 1237/37/847
f 1236/75/847 1235/48/846 1238/59/846
f 1239/76/848 1240/61/849 1241/49/849
f 1241/49/849 1242/40/848 1239/76/848
f 1243/71/850 1244/72/795 1245/71/795
f 1244/72/795 1243/71/850 1246/72/851
f 1243/71/850 1247/72/852 1246/72/851
f 1247/72/852 1243/71/850 1248/71/852
f 1249/71/853 1250/30/854 1251/30/855
f 1250/30/854 1249/71/853 1252/71/856
f 1249/71/853 1251/30/855 1253/30/857
f 1249/71/853 1253/30/857 1254/71/858
f 1254/71/857 1255/30/857 1256/71/859
f 1257/66/860 1258/90/861 1259/87/862
f 1257/66/860 1259/87/862 1260/85/863
f 1258/90/861 1257/66/860 1261/65/861
f 1262/72/864 1258/90/861 1261/65/861
f 1260/85/863 1263/67/863 1257/66/860
f 1263/67/863 1260/85/863 1264/2/865
f 1265/66/866 1266/90/867 1267/65/867
f 1268/72/865 1267/65/867 1266/90/867
f 1266/90/867 1265/66/866 1269/87/868
f 1269/87/868 1265/66/866 1270/85/869
f 1265/66/866 1271/67/870 1270/85/869
f 1271/67/870 1272/2/871 1270/85/869
f 1273/50/872 1274/59/873 1275/48/873
f 1274/59/873 1273/50/872 1276/58/872
f 1277/61/849 1278/51/872 1279/49/849
f 1278/51/872 1277/61/849 1280/60/872
f 1281/42/874 1282/43/875 1283/44/876
f 1282/43/875 1281/42/874 1284/45/877
f 1285/46/878 1286/47/879 1287/42/874
f 1286/47/879 1288/45/874 1287/42/874
f 1289/72/852 1290/71/852 1291/72/880
o 17644069850
v -0.685873 -0.039560 0.223428
v -0.685873 0.091122 0.258444
v -0.748377 -0.015579 0.181892
v -0.748377 0.091122 0.210483
v -0.613085 0.091122 0.288593
v -0.685873 -0.135225 0.127762
v -0.685873 0.221804 0.223428
v -0.796338 0.015673 0.127762
v -0.613085 -0.054634 0.249538
v -0.748377 0.197824 0.181892
v -0.796338 0.166572 0.127762
v -0.613085 0.236879 0.249538
v -0.796338 0.091122 0.147978
v -0.748377 0.275934 0.103781
v -0.685873 0.317470 0.127762
v -0.613085 0.343580 0.142837
v -0.534974 0.091122 0.298877
v -0.534974 0.352486 0.147978
v -0.534974 0.242021 0.258444
v -0.456864 0.236879 0.249538
v -0.534974 -0.059776 0.258444
v -0.456864 0.343580 0.142837
v -0.534974 0.392919 -0.002920
v -0.613085 0.382636 -0.002920
v -0.685873 0.352486 -0.002920
v -0.748377 0.304525 -0.002920
v -0.685873 0.317470 -0.133602
v -0.748377 0.275934 -0.109621
v -0.613085 0.343580 -0.148677
v -0.796338 0.242021 -0.002920
v -0.796338 0.221804 0.072529
v -0.796338 0.221804 -0.078369
v -0.826488 0.130178 0.064726
v -0.826488 0.169233 -0.002920
v -0.826488 0.158768 0.036135
v -0.826488 0.091122 0.075191
v -0.836771 0.091122 -0.002920
v -0.826488 0.158768 -0.041975
v -0.826488 0.052067 0.064726
v -0.826488 0.130178 -0.070566
v -0.796338 0.166572 -0.133602
v -0.826488 0.023476 0.036135
v -0.748377 0.197824 -0.187732
v -0.796338 0.091122 -0.153818
v -0.685873 0.221804 -0.229268
v -0.826488 0.091122 -0.081031
v -0.826488 0.052067 -0.070566
v -0.826488 0.013012 -0.002920
v -0.748377 0.091122 -0.216323
v -0.796338 0.015673 -0.133602
v -0.826488 0.023476 -0.041975
v -0.796338 -0.059776 -0.002920
v -0.796338 -0.039560 0.072529
v -0.796338 -0.039560 -0.078369
v -0.748377 -0.122280 -0.002920
v -0.748377 -0.093690 0.103781
v -0.748377 -0.093690 -0.109621
v -0.685873 -0.170241 -0.002920
v -0.748377 -0.015579 -0.187732
v -0.685873 -0.135225 -0.133602
v -0.613085 -0.200391 -0.002920
v -0.613085 -0.161336 0.142837
v -0.685873 0.091122 -0.264284
v -0.685873 -0.039559 -0.229268
v -0.613085 0.091122 -0.294433
v -0.613085 -0.054634 -0.255378
v -0.613085 -0.161336 -0.148677
v -0.534974 -0.210675 -0.002920
v -0.534974 -0.170241 -0.153818
v -0.534974 -0.059776 -0.264284
v -0.534974 0.091122 -0.304717
v -0.613085 0.236879 -0.255378
v -0.456864 -0.054634 -0.255378
v -0.456864 -0.161336 -0.148677
v -0.534974 0.242021 -0.264284
v -0.534974 0.352486 -0.153818
v -0.456864 0.236879 -0.255378
v -0.456864 0.091122 -0.294433
v -0.456864 0.343580 -0.148677
v -0.384076 0.221804 -0.229268
v -0.384076 -0.039560 -0.229268
v -0.384076 0.091122 -0.264284
v -0.456864 0.382636 -0.002920
v -0.384076 0.317470 -0.133602
v -0.321572 0.197824 -0.187732
v -0.321572 -0.015579 -0.187732
v -0.384076 0.317470 0.127762
v -0.384076 0.352486 -0.002920
v -0.321572 0.275934 -0.109621
v -0.321572 0.304525 -0.002920
v -0.384076 0.221804 0.223428
v -0.321572 0.275934 0.103781
v -0.321572 0.197824 0.181892
v -0.456864 0.091122 0.288593
v -0.242822 0.221645 -0.002920
v -0.384076 0.091122 0.258444
v -0.456864 -0.054634 0.249538
v -0.384076 -0.039560 0.223428
v -0.321572 0.091122 0.210483
v -0.321572 -0.015579 0.181892
v -0.534974 -0.170241 0.147978
v -0.456864 -0.161336 0.142837
v -0.456864 -0.200391 -0.002920
v -0.384076 -0.135225 0.127762
v -0.321572 -0.093690 0.103781
v -0.384076 -0.135225 -0.133602
v -0.384076 -0.170241 -0.002920
v -0.321572 -0.093690 -0.109621
v -0.321572 -0.122280 -0.002920
v -0.242822 -0.039400 -0.002920
v -0.242822 0.025861 -0.115956
v -0.242822 0.025861 0.110116
v -0.242822 -0.021913 0.062341
v -0.242822 0.091122 0.127602
v -0.145931 0.049713 0.068803
v -0.145931 0.019399 0.038489
v -0.242822 0.156383 0.110116
v -0.145931 0.091122 0.079899
v -0.242822 0.204158 0.062341
v -0.145931 0.132532 0.068803
v -0.145931 0.162845 0.038489
v -0.005300 0.112258 0.033687
v -0.005300 0.069987 0.033687
v -0.005300 0.091122 0.039351
v -0.005300 0.127730 0.018215
v -0.145931 0.173941 -0.002920
v 0.206802 0.098748 0.010288
v 0.206802 0.083497 0.010288
v -0.005300 0.054515 0.018215
v -0.145931 0.008304 -0.002920
v 0.206802 0.091122 0.012331
v 0.315683 0.094925 0.003666
v 0.315683 0.087320 0.003666
v 0.206802 0.077915 0.004706
v -0.005300 0.048852 -0.002920
v 0.206802 0.075871 -0.002920
v 0.315683 0.091122 0.004685
v 0.315683 0.084536 0.000882
v 1.194894 0.088079 -0.001163
v 0.315683 0.083518 -0.002920
v 1.194894 0.089365 0.000123
v 1.194894 0.091122 0.000594
v 1.200407 0.090057 -0.001075
v 1.194894 0.092879 0.000123
v 1.200407 0.091122 -0.000790
v 1.200407 0.089278 -0.001855
v 1.200407 0.092187 -0.001075
v 1.200407 0.092967 -0.001855
v 1.200407 0.093252 -0.002920
v 1.194894 0.094165 -0.001163
v 1.194894 0.094636 -0.002920
v 0.315683 0.097708 0.000882
v 0.315683 0.098727 -0.002920
v 0.206802 0.104330 0.004706
v 0.206802 0.106373 -0.002920
v -0.005300 0.133393 -0.002920
v 0.315683 0.097708 -0.006722
v 0.206802 0.104330 -0.010545
v -0.005300 0.127730 -0.024055
v -0.145931 0.162846 -0.044329
v 1.194894 0.094165 -0.004677
v 0.315683 0.094925 -0.009506
v 1.200407 0.092967 -0.003985
v 1.194894 0.092879 -0.005963
v 1.200407 0.092187 -0.004765
v 1.200407 0.091122 -0.005050
v 1.200407 0.089278 -0.003985
v 1.194894 0.091122 -0.006434
v 1.200407 0.090057 -0.004765
v 0.315683 0.091122 -0.010525
v 1.194894 0.089365 -0.005963
v 1.194894 0.088079 -0.004677
v 1.200407 0.088992 -0.002920
v 1.194894 0.087609 -0.002920
v 0.315683 0.087320 -0.009506
v 0.315683 0.084536 -0.006722
v 0.206802 0.077915 -0.010545
v 0.206802 0.091122 -0.018171
v 0.206802 0.083497 -0.016128
v -0.005300 0.054515 -0.024055
v 0.206802 0.098748 -0.016128
v -0.005300 0.091122 -0.045191
v -0.005300 0.112258 -0.039527
v -0.005300 0.069987 -0.039527
v -0.145931 0.091122 -0.085739
v -0.145931 0.132532 -0.074643
v -0.145931 0.019399 -0.044329
v -0.145931 0.049713 -0.074643
v -0.242822 -0.021913 -0.068181
v -0.242822 0.091122 -0.133442
v -0.321572 0.091122 -0.216323
v -0.242822 0.156383 -0.115955
v -0.242822 0.204158 -0.068181
vn -0.4909 -0.4353 0.7547
vn -0.4910 0.0005 0.8711
vn -0.6961 -0.3590 0.6217
vn -0.6963 0.0004 0.7178
vn -0.2534 0.0006 0.9674
vn -0.4909 -0.7547 0.4353
vn -0.4909 0.4353 0.7547
vn -0.8564 -0.2584 0.4470
vn -0.2536 -0.4837 0.8377
vn -0.6961 0.3590 0.6217
vn -0.8565 0.2583 0.4469
vn -0.2536 0.4837 0.8377
vn -0.8564 0.0005 0.5163
vn -0.6961 0.6217 0.3590
vn -0.4909 0.7547 0.4353
vn -0.2536 0.8377 0.4837
vn 0.0004 0.0004 1.0000
vn 0.0003 0.8661 0.4999
vn 0.0004 0.4998 0.8661
vn 0.2536 0.4837 0.8377
vn 0.0004 -0.4998 0.8661
vn 0.2535 0.8376 0.4839
vn 0.0004 1.0000 0.0004
vn -0.2534 0.9674 0.0007
vn -0.4910 0.8711 0.0006
vn -0.6963 0.7178 0.0004
vn -0.4909 0.7547 -0.4353
vn -0.6961 0.6217 -0.3590
vn -0.2536 0.8377 -0.4837
vn -0.8563 0.5164 0.0006
vn -0.8564 0.4470 0.2584
vn -0.8564 0.4470 -0.2584
vn -0.9602 0.1393 0.2419
vn -0.9603 0.2790 0.0004
vn -0.9602 0.2420 0.1392
vn -0.9603 0.0005 0.2790
vn -1.0000 0.0003 0.0003
vn -0.9603 0.2418 -0.1393
vn -0.9603 -0.1394 0.2415
vn -0.9603 0.1393 -0.2418
vn -0.8565 0.2583 -0.4469
vn -0.9602 -0.2419 0.1393
vn -0.6961 0.3590 -0.6217
vn -0.8563 0.0005 -0.5164
vn -0.4909 0.4353 -0.7547
vn -0.9603 0.0005 -0.2790
vn -0.9603 -0.1393 -0.2418
vn -0.9603 -0.2790 0.0005
vn -0.6963 0.0004 -0.7178
vn -0.8565 -0.2583 -0.4469
vn -0.9602 -0.2419 -0.1393
vn -0.8563 -0.5164 0.0006
vn -0.8565 -0.4469 0.2583
vn -0.8564 -0.4470 -0.2584
vn -0.6963 -0.7178 0.0004
vn -0.6962 -0.6216 0.3589
vn -0.6961 -0.6217 -0.3590
vn -0.4910 -0.8711 0.0006
vn -0.6961 -0.3590 -0.6217
vn -0.4909 -0.7547 -0.4352
vn -0.2534 -0.9674 0.0005
vn -0.2536 -0.8377 0.4837
vn -0.4910 0.0005 -0.8711
vn -0.4909 -0.4356 -0.7545
vn -0.2534 0.0006 -0.9674
vn -0.2536 -0.4837 -0.8377
vn -0.2536 -0.8377 -0.4837
vn 0.0004 -1.0000 0.0004
vn -0.0000 -0.8660 -0.5000
vn 0.0005 -0.4998 -0.8662
vn 0.0004 0.0004 -1.0000
vn -0.2536 0.4837 -0.8377
vn 0.2536 -0.4837 -0.8377
vn 0.2536 -0.8377 -0.4837
vn 0.0004 0.4998 -0.8661
vn -0.0000 0.8660 -0.5000
vn 0.2536 0.4837 -0.8377
vn 0.2534 0.0006 -0.9674
vn 0.2536 0.8377 -0.4837
vn 0.4909 0.4353 -0.7547
vn 0.4909 -0.4353 -0.7547
vn 0.4910 0.0006 -0.8711
vn 0.2534 0.9674 0.0006
vn 0.4909 0.7547 -0.4352
vn 0.6629 0.3747 -0.6482
vn 0.6629 -0.3747 -0.6482
vn 0.4909 0.7547 0.4353
vn 0.4910 0.8711 0.0005
vn 0.6628 0.6483 -0.3746
vn 0.6628 0.7488 0.0005
vn 0.4909 0.4352 0.7547
vn 0.6628 0.6483 0.3746
vn 0.6629 0.3747 0.6482
vn 0.2534 0.0006 0.9674
vn 0.6070 0.7947 0.0004
vn 0.4910 0.0005 0.8711
vn 0.2536 -0.4837 0.8377
vn 0.4909 -0.4356 0.7545
vn 0.6627 0.0003 0.7489
vn 0.6629 -0.3747 0.6482
vn -0.0000 -0.8660 0.5000
vn 0.2536 -0.8377 0.4837
vn 0.2534 -0.9673 0.0005
vn 0.4909 -0.7547 0.4353
vn 0.6629 -0.6482 0.3747
vn 0.4909 -0.7547 -0.4353
vn 0.4910 -0.8711 0.0005
vn 0.6629 -0.6482 -0.3747
vn 0.6627 -0.7488 0.0004
vn 0.6071 -0.7946 0.0005
vn 0.6068 -0.3974 -0.6883
vn 0.6068 -0.3974 0.6883
vn 0.6072 -0.6882 0.3971
vn 0.6071 0.0005 0.7946
vn 0.3660 -0.4657 0.8057
vn 0.3658 -0.8060 0.4653
vn 0.6068 0.3974 0.6883
vn 0.3659 0.0003 0.9307
vn 0.6071 0.6883 0.3972
vn 0.3659 0.4656 0.8058
vn 0.3660 0.8057 0.4657
vn 0.2049 0.4894 0.8477
vn 0.2049 -0.4894 0.8476
vn 0.2048 0.0003 0.9788
vn 0.2049 0.8477 0.4894
vn 0.3658 0.9307 -0.0000
vn 0.0987 0.4975 0.8618
vn 0.0987 -0.4976 0.8618
vn 0.2049 -0.8477 0.4894
vn 0.3658 -0.9307 -0.0000
vn 0.0990 0.0004 0.9951
vn 0.0376 0.4997 0.8654
vn 0.0376 -0.4997 0.8654
vn 0.0987 -0.8618 0.4976
vn 0.2048 -0.9788 0.0005
vn 0.0993 -0.9951 0.0006
vn 0.0376 0.0003 0.9993
vn 0.0376 -0.8655 0.4996
vn 0.1226 -0.8596 0.4960
vn 0.0376 -0.9993 0.0005
vn 0.1225 -0.4963 0.8595
vn 0.1226 0.0005 0.9925
vn 0.7412 -0.3358 0.5812
vn 0.1225 0.4963 0.8595
vn 0.7414 0.0005 0.6710
vn 0.7414 -0.5812 0.3354
vn 0.7412 0.3357 0.5813
vn 0.7413 0.5813 0.3355
vn 0.7414 0.6710 0.0005
vn 0.1225 0.8595 0.4963
vn 0.1226 0.9925 0.0005
vn 0.0376 0.8654 0.4996
vn 0.0376 0.9993 0.0005
vn 0.0987 0.8618 0.4975
vn 0.0992 0.9951 0.0005
vn 0.2048 0.9788 0.0003
vn 0.0376 0.8653 -0.4999
vn 0.0987 0.8618 -0.4975
vn 0.2049 0.8477 -0.4894
vn 0.3659 0.8058 -0.4656
vn 0.1225 0.8595 -0.4963
vn 0.0376 0.4997 -0.8654
vn 0.7413 0.5813 -0.3355
vn 0.1227 0.4959 -0.8597
vn 0.7412 0.3357 -0.5813
vn 0.7414 0.0005 -0.6710
vn 0.7414 -0.5812 -0.3354
vn 0.1226 0.0005 -0.9925
vn 0.7412 -0.3359 -0.5812
vn 0.0376 0.0003 -0.9993
vn 0.1225 -0.4963 -0.8595
vn 0.1226 -0.8596 -0.4960
vn 0.7414 -0.6710 0.0005
vn 0.1227 -0.9924 0.0006
vn 0.0376 -0.4997 -0.8654
vn 0.0376 -0.8655 -0.4996
vn 0.0991 -0.8618 -0.4975
vn 0.0990 0.0004 -0.9951
vn 0.0987 -0.4976 -0.8618
vn 0.2049 -0.8477 -0.4894
vn 0.0991 0.4975 -0.8618
vn 0.2048 0.0003 -0.9788
vn 0.2047 0.4891 -0.8478
vn 0.2049 -0.4894 -0.8476
vn 0.3659 0.0003 -0.9307
vn 0.3660 0.4657 -0.8057
vn 0.3658 -0.8060 -0.4653
vn 0.3660 -0.4657 -0.8057
vn 0.6071 -0.6883 -0.3972
vn 0.6070 0.0004 -0.7947
vn 0.6627 0.0004 -0.7488
vn 0.6068 0.3974 -0.6883
vn 0.6068 0.6883 -0.3974
vt 0.000000 0.000000
s 1
f 1292/97/881 1293/97/882 1294/97/883
f 1294/97/883 1293/97/882 1295/97/884
f 1292/97/881 1296/97/885 1293/97/882
f 1294/97/883 1297/97/886 1292/97/881
f 1296/97/885 1298/97/887 1293/97/882
f 1295/97/884 1299/97/888 1294/97/883
f 1300/97/889 1296/97/885 1292/97/881
f 1293/97/882 1301/97/890 1295/97/884
f 1301/97/890 1293/97/882 1298/97/887
f 1302/97/891 1295/97/884 1301/97/890
f 1298/97/887 1296/97/885 1303/97/892
f 1295/97/884 1302/97/891 1304/97/893
f 1299/97/888 1295/97/884 1304/97/893
f 1301/97/890 1305/97/894 1302/97/891
f 1298/97/887 1306/97/895 1301/97/890
f 1306/97/895 1305/97/894 1301/97/890
f 1306/97/895 1298/97/887 1307/97/896
f 1307/97/896 1298/97/887 1303/97/892
f 1308/97/897 1303/97/892 1296/97/885
f 1300/97/889 1308/97/897 1296/97/885
f 1307/97/896 1303/97/892 1309/97/898
f 1309/97/898 1303/97/892 1310/97/899
f 1303/97/892 1308/97/897 1310/97/899
f 1311/97/900 1309/97/898 1310/97/899
f 1308/97/897 1311/97/900 1310/97/899
f 1312/97/901 1308/97/897 1300/97/889
f 1309/97/898 1311/97/900 1313/97/902
f 1314/97/903 1307/97/896 1309/97/898
f 1313/97/902 1314/97/903 1309/97/898
f 1315/97/904 1306/97/895 1307/97/896
f 1315/97/904 1307/97/896 1314/97/903
f 1316/97/905 1306/97/895 1315/97/904
f 1306/97/895 1316/97/905 1305/97/894
f 1305/97/894 1316/97/905 1317/97/906
f 1315/97/904 1318/97/907 1316/97/905
f 1316/97/905 1319/97/908 1317/97/906
f 1319/97/908 1316/97/905 1318/97/907
f 1318/97/907 1315/97/904 1320/97/909
f 1314/97/903 1320/97/909 1315/97/904
f 1321/97/910 1305/97/894 1317/97/906
f 1319/97/908 1321/97/910 1317/97/906
f 1305/97/894 1321/97/910 1322/97/911
f 1305/97/894 1322/97/911 1302/97/891
f 1321/97/910 1319/97/908 1323/97/912
f 1324/97/913 1302/97/891 1322/97/911
f 1324/97/913 1304/97/893 1302/97/891
f 1325/97/914 1322/97/911 1321/97/910
f 1323/97/912 1325/97/914 1321/97/910
f 1322/97/911 1326/97/915 1324/97/913
f 1322/97/911 1325/97/914 1326/97/915
f 1304/97/893 1324/97/913 1327/97/916
f 1326/97/915 1328/97/917 1324/97/913
f 1324/97/913 1328/97/917 1327/97/916
f 1325/97/914 1328/97/917 1326/97/915
f 1325/97/914 1323/97/912 1329/97/918
f 1329/97/918 1328/97/917 1325/97/914
f 1330/97/919 1304/97/893 1327/97/916
f 1327/97/916 1328/97/917 1330/97/919
f 1304/97/893 1330/97/919 1299/97/888
f 1323/97/912 1331/97/920 1329/97/918
f 1331/97/920 1328/97/917 1329/97/918
f 1331/97/920 1323/97/912 1332/97/921
f 1319/97/908 1332/97/921 1323/97/912
f 1299/97/888 1330/97/919 1333/97/922
f 1330/97/919 1328/97/917 1333/97/922
f 1332/97/921 1319/97/908 1334/97/923
f 1318/97/907 1334/97/923 1319/97/908
f 1331/97/920 1332/97/921 1335/97/924
f 1334/97/923 1318/97/907 1336/97/925
f 1337/97/926 1328/97/917 1331/97/920
f 1335/97/924 1337/97/926 1331/97/920
f 1320/97/909 1336/97/925 1318/97/907
f 1338/97/927 1328/97/917 1337/97/926
f 1335/97/924 1338/97/927 1337/97/926
f 1333/97/922 1328/97/917 1339/97/928
f 1340/97/929 1335/97/924 1332/97/921
f 1334/97/923 1340/97/929 1332/97/921
f 1338/97/927 1335/97/924 1341/97/930
f 1340/97/929 1341/97/930 1335/97/924
f 1342/97/931 1328/97/917 1338/97/927
f 1339/97/928 1328/97/917 1342/97/931
f 1341/97/930 1342/97/931 1338/97/927
f 1343/97/932 1333/97/922 1339/97/928
f 1342/97/931 1343/97/932 1339/97/928
f 1333/97/922 1343/97/932 1344/97/933
f 1344/97/933 1299/97/888 1333/97/922
f 1343/97/932 1342/97/931 1345/97/934
f 1342/97/931 1341/97/930 1345/97/934
f 1346/97/935 1344/97/933 1343/97/932
f 1345/97/934 1346/97/935 1343/97/932
f 1347/97/936 1299/97/888 1344/97/933
f 1344/97/933 1346/97/935 1347/97/936
f 1299/97/888 1347/97/936 1294/97/883
f 1297/97/886 1294/97/883 1347/97/936
f 1341/97/930 1348/97/937 1345/97/934
f 1346/97/935 1345/97/934 1348/97/937
f 1349/97/938 1347/97/936 1346/97/935
f 1347/97/936 1349/97/938 1297/97/886
f 1348/97/937 1349/97/938 1346/97/935
f 1348/97/937 1341/97/930 1350/97/939
f 1341/97/930 1340/97/929 1350/97/939
f 1351/97/940 1349/97/938 1348/97/937
f 1350/97/939 1351/97/940 1348/97/937
f 1352/97/941 1297/97/886 1349/97/938
f 1351/97/940 1352/97/941 1349/97/938
f 1297/97/886 1352/97/941 1353/97/942
f 1353/97/942 1292/97/881 1297/97/886
f 1292/97/881 1353/97/942 1300/97/889
f 1354/97/943 1350/97/939 1340/97/929
f 1334/97/923 1354/97/943 1340/97/929
f 1336/97/925 1354/97/943 1334/97/923
f 1350/97/939 1354/97/943 1355/97/944
f 1351/97/940 1350/97/939 1355/97/944
f 1336/97/925 1356/97/945 1354/97/943
f 1356/97/945 1355/97/944 1354/97/943
f 1357/97/946 1351/97/940 1355/97/944
f 1355/97/944 1356/97/945 1357/97/946
f 1358/97/947 1352/97/941 1351/97/940
f 1351/97/940 1357/97/946 1358/97/947
f 1358/97/947 1359/97/948 1352/97/941
f 1359/97/948 1353/97/942 1352/97/941
f 1357/97/946 1360/97/949 1358/97/947
f 1360/97/949 1359/97/948 1358/97/947
f 1357/97/946 1361/97/950 1360/97/949
f 1362/97/951 1357/97/946 1356/97/945
f 1357/97/946 1362/97/951 1361/97/950
f 1363/97/952 1356/97/945 1336/97/925
f 1363/97/952 1362/97/951 1356/97/945
f 1336/97/925 1320/97/909 1363/97/952
f 1364/97/953 1360/97/949 1361/97/950
f 1362/97/951 1364/97/953 1361/97/950
f 1360/97/949 1364/97/953 1365/97/954
f 1365/97/954 1359/97/948 1360/97/949
f 1366/97/955 1362/97/951 1363/97/952
f 1367/97/956 1363/97/952 1320/97/909
f 1363/97/952 1367/97/956 1366/97/955
f 1320/97/909 1314/97/903 1367/97/956
f 1368/97/957 1362/97/951 1366/97/955
f 1366/97/955 1367/97/956 1368/97/957
f 1362/97/951 1368/97/957 1369/97/958
f 1369/97/958 1364/97/953 1362/97/951
f 1368/97/957 1367/97/956 1370/97/959
f 1367/97/956 1314/97/903 1370/97/959
f 1371/97/960 1369/97/958 1368/97/957
f 1368/97/957 1370/97/959 1371/97/960
f 1369/97/958 1372/97/961 1364/97/953
f 1372/97/961 1365/97/954 1364/97/953
f 1369/97/958 1371/97/960 1373/97/962
f 1369/97/958 1373/97/962 1372/97/961
f 1370/97/959 1314/97/903 1374/97/963
f 1314/97/903 1313/97/902 1374/97/963
f 1371/97/960 1370/97/959 1375/97/964
f 1370/97/959 1374/97/963 1375/97/964
f 1376/97/965 1373/97/962 1371/97/960
f 1376/97/965 1371/97/960 1375/97/964
f 1373/97/962 1377/97/966 1372/97/961
f 1378/97/967 1374/97/963 1313/97/902
f 1375/97/964 1374/97/963 1379/97/968
f 1374/97/963 1378/97/967 1379/97/968
f 1375/97/964 1379/97/968 1380/97/969
f 1380/97/969 1376/97/965 1375/97/964
f 1380/97/969 1379/97/968 1381/97/970
f 1313/97/902 1382/97/971 1378/97/967
f 1382/97/971 1313/97/902 1311/97/900
f 1383/97/972 1379/97/968 1378/97/967
f 1379/97/968 1383/97/972 1381/97/970
f 1384/97/973 1378/97/967 1382/97/971
f 1378/97/967 1384/97/973 1383/97/972
f 1385/97/974 1382/97/971 1311/97/900
f 1385/97/974 1311/97/900 1308/97/897
f 1383/97/972 1386/97/975 1381/97/970
f 1380/97/969 1381/97/970 1386/97/975
f 1385/97/974 1387/97/976 1382/97/971
f 1387/97/976 1384/97/973 1382/97/971
f 1308/97/897 1388/97/977 1385/97/974
f 1388/97/977 1308/97/897 1312/97/901
f 1385/97/974 1389/97/978 1387/97/976
f 1389/97/978 1385/97/974 1388/97/977
f 1387/97/976 1390/97/979 1384/97/973
f 1391/97/980 1387/97/976 1389/97/978
f 1387/97/976 1391/97/980 1390/97/979
f 1392/97/981 1388/97/977 1312/97/901
f 1300/97/889 1392/97/981 1312/97/901
f 1392/97/981 1300/97/889 1353/97/942
f 1353/97/942 1359/97/948 1392/97/981
f 1392/97/981 1393/97/982 1388/97/977
f 1359/97/948 1393/97/982 1392/97/981
f 1393/97/982 1389/97/978 1388/97/977
f 1394/97/983 1393/97/982 1359/97/948
f 1393/97/982 1395/97/984 1389/97/978
f 1389/97/978 1395/97/984 1391/97/980
f 1394/97/983 1395/97/984 1393/97/982
f 1359/97/948 1365/97/954 1394/97/983
f 1391/97/980 1395/97/984 1396/97/985
f 1397/97/986 1394/97/983 1365/97/954
f 1365/97/954 1372/97/961 1397/97/986
f 1394/97/983 1398/97/987 1395/97/984
f 1394/97/983 1397/97/986 1398/97/987
f 1398/97/987 1396/97/985 1395/97/984
f 1377/97/966 1397/97/986 1372/97/961
f 1399/97/988 1398/97/987 1397/97/986
f 1397/97/986 1377/97/966 1399/97/988
f 1398/97/987 1399/97/988 1400/97/989
f 1398/97/987 1400/97/989 1396/97/985
f 1399/97/988 1401/97/990 1400/97/989
f 1401/97/990 1396/97/985 1400/97/989
f 1399/97/988 1377/97/966 1402/97/991
f 1396/97/985 1403/97/992 1391/97/980
f 1390/97/979 1391/97/980 1403/97/992
f 1403/97/992 1396/97/985 1404/97/993
f 1396/97/985 1401/97/990 1404/97/993
f 1403/97/992 1405/97/994 1390/97/979
f 1404/97/993 1406/97/995 1403/97/992
f 1406/97/995 1405/97/994 1403/97/992
f 1406/97/995 1404/97/993 1407/97/996
f 1401/97/990 1407/97/996 1404/97/993
f 1408/97/997 1390/97/979 1405/97/994
f 1390/97/979 1408/97/997 1384/97/973
f 1405/97/994 1406/97/995 1409/97/998
f 1410/97/999 1384/97/973 1408/97/997
f 1384/97/973 1410/97/999 1383/97/972
f 1405/97/994 1411/97/1000 1408/97/997
f 1408/97/997 1411/97/1000 1410/97/999
f 1411/97/1000 1405/97/994 1409/97/998
f 1386/97/975 1383/97/972 1410/97/999
f 1412/97/1001 1410/97/999 1411/97/1000
f 1410/97/999 1412/97/1001 1386/97/975
f 1409/97/998 1413/97/1002 1411/97/1000
f 1411/97/1000 1413/97/1002 1412/97/1001
f 1414/97/1003 1409/97/998 1406/97/995
f 1407/97/996 1414/97/1003 1406/97/995
f 1413/97/1002 1409/97/998 1415/97/1004
f 1409/97/998 1414/97/1003 1415/97/1004
f 1416/97/1005 1412/97/1001 1413/97/1002
f 1417/97/1006 1386/97/975 1412/97/1001
f 1412/97/1001 1416/97/1005 1417/97/1006
f 1415/97/1004 1418/97/1007 1413/97/1002
f 1413/97/1002 1418/97/1007 1416/97/1005
f 1419/97/1008 1415/97/1004 1414/97/1003
f 1414/97/1003 1407/97/996 1420/97/1009
f 1420/97/1009 1419/97/1008 1414/97/1003
f 1421/97/1010 1420/97/1009 1407/97/996
f 1407/97/996 1401/97/990 1421/97/1010
f 1418/97/1007 1415/97/1004 1422/97/1011
f 1415/97/1004 1419/97/1008 1422/97/1011
f 1422/97/1011 1423/97/1012 1418/97/1007
f 1424/97/1013 1422/97/1011 1419/97/1008
f 1419/97/1008 1420/97/1009 1425/97/1014
f 1425/97/1014 1424/97/1013 1419/97/1008
f 1426/97/1015 1425/97/1014 1420/97/1009
f 1420/97/1009 1421/97/1010 1426/97/1015
f 1425/97/1014 1426/97/1015 1427/97/1016
f 1423/97/1012 1422/97/1011 1428/97/1017
f 1422/97/1011 1424/97/1013 1428/97/1017
f 1424/97/1013 1425/97/1014 1429/97/1018
f 1427/97/1016 1429/97/1018 1425/97/1014
f 1430/97/1019 1424/97/1013 1429/97/1018
f 1429/97/1018 1427/97/1016 1431/97/1020
f 1431/97/1020 1430/97/1019 1429/97/1018
f 1432/97/1021 1428/97/1017 1424/97/1013
f 1432/97/1021 1424/97/1013 1430/97/1019
f 1428/97/1017 1432/97/1021 1433/97/1022
f 1430/97/1019 1434/97/1023 1432/97/1021
f 1434/97/1023 1433/97/1022 1432/97/1021
f 1435/97/1024 1428/97/1017 1433/97/1022
f 1428/97/1017 1435/97/1024 1423/97/1012
f 1433/97/1022 1434/97/1023 1436/97/1025
f 1434/97/1023 1430/97/1019 1437/97/1026
f 1437/97/1026 1436/97/1025 1434/97/1023
f 1438/97/1027 1433/97/1022 1436/97/1025
f 1433/97/1022 1438/97/1027 1435/97/1024
f 1436/97/1025 1439/97/1028 1438/97/1027
f 1436/97/1025 1440/97/1029 1439/97/1028
f 1440/97/1029 1436/97/1025 1437/97/1026
f 1439/97/1028 1441/97/1030 1438/97/1027
f 1435/97/1024 1438/97/1027 1441/97/1030
f 1441/97/1030 1439/97/1028 1442/97/1031
f 1440/97/1029 1442/97/1031 1439/97/1028
f 1441/97/1030 1443/97/1032 1435/97/1024
f 1423/97/1012 1435/97/1024 1443/97/1032
f 1442/97/1031 1444/97/1033 1441/97/1030
f 1443/97/1032 1441/97/1030 1444/97/1033
f 1443/97/1032 1445/97/1034 1423/97/1012
f 1418/97/1007 1423/97/1012 1445/97/1034
f 1445/97/1034 1416/97/1005 1418/97/1007
f 1445/97/1034 1443/97/1032 1446/97/1035
f 1444/97/1033 1446/97/1035 1443/97/1032
f 1416/97/1005 1445/97/1034 1447/97/1036
f 1446/97/1035 1447/97/1036 1445/97/1034
f 1447/97/1036 1417/97/1006 1416/97/1005
f 1448/97/1037 1446/97/1035 1444/97/1033
f 1449/97/1038 1447/97/1036 1446/97/1035
f 1446/97/1035 1448/97/1037 1449/97/1038
f 1447/97/1036 1449/97/1038 1450/97/1039
f 1450/97/1039 1417/97/1006 1447/97/1036
f 1417/97/1006 1450/97/1039 1451/97/1040
f 1451/97/1040 1386/97/975 1417/97/1006
f 1444/97/1033 1452/97/1041 1448/97/1037
f 1452/97/1041 1444/97/1033 1442/97/1031
f 1453/97/1042 1449/97/1038 1448/97/1037
f 1442/97/1031 1454/97/1043 1452/97/1041
f 1454/97/1043 1442/97/1031 1440/97/1029
f 1455/97/1044 1448/97/1037 1452/97/1041
f 1448/97/1037 1455/97/1044 1453/97/1042
f 1456/97/1045 1452/97/1041 1454/97/1043
f 1452/97/1041 1456/97/1045 1455/97/1044
f 1440/97/1029 1457/97/1046 1454/97/1043
f 1454/97/1043 1457/97/1046 1456/97/1045
f 1457/97/1046 1440/97/1029 1458/97/1047
f 1440/97/1029 1437/97/1026 1458/97/1047
f 1459/97/1048 1456/97/1045 1457/97/1046
f 1456/97/1045 1459/97/1048 1455/97/1044
f 1460/97/1049 1459/97/1048 1457/97/1046
f 1457/97/1046 1458/97/1047 1460/97/1049
f 1461/97/1050 1455/97/1044 1459/97/1048
f 1455/97/1044 1461/97/1050 1453/97/1042
f 1459/97/1048 1460/97/1049 1462/97/1051
f 1462/97/1051 1461/97/1050 1459/97/1048
f 1463/97/1052 1460/97/1049 1458/97/1047
f 1460/97/1049 1463/97/1052 1462/97/1051
f 1458/97/1047 1437/97/1026 1464/97/1053
f 1437/97/1026 1465/97/1054 1464/97/1053
f 1465/97/1054 1458/97/1047 1464/97/1053
f 1465/97/1054 1437/97/1026 1430/97/1019
f 1458/97/1047 1465/97/1054 1463/97/1052
f 1430/97/1019 1431/97/1020 1465/97/1054
f 1431/97/1020 1463/97/1052 1465/97/1054
f 1461/97/1050 1462/97/1051 1466/97/1055
f 1463/97/1052 1466/97/1055 1462/97/1051
f 1463/97/1052 1431/97/1020 1467/97/1056
f 1466/97/1055 1463/97/1052 1467/97/1056
f 1427/97/1016 1467/97/1056 1431/97/1020
f 1467/97/1056 1427/97/1016 1468/97/1057
f 1467/97/1056 1468/97/1057 1466/97/1055
f 1426/97/1015 1468/97/1057 1427/97/1016
f 1466/97/1055 1469/97/1058 1461/97/1050
f 1469/97/1058 1453/97/1042 1461/97/1050
f 1466/97/1055 1468/97/1057 1470/97/1059
f 1469/97/1058 1466/97/1055 1470/97/1059
f 1468/97/1057 1426/97/1015 1471/97/1060
f 1468/97/1057 1471/97/1060 1470/97/1059
f 1421/97/1010 1471/97/1060 1426/97/1015
f 1453/97/1042 1469/97/1058 1472/97/1061
f 1449/97/1038 1453/97/1042 1472/97/1061
f 1472/97/1061 1450/97/1039 1449/97/1038
f 1473/97/1062 1472/97/1061 1469/97/1058
f 1470/97/1059 1473/97/1062 1469/97/1058
f 1450/97/1039 1472/97/1061 1474/97/1063
f 1472/97/1061 1473/97/1062 1474/97/1063
f 1474/97/1063 1451/97/1040 1450/97/1039
f 1473/97/1062 1470/97/1059 1475/97/1064
f 1470/97/1059 1471/97/1060 1475/97/1064
f 1476/97/1065 1474/97/1063 1473/97/1062
f 1475/97/1064 1476/97/1065 1473/97/1062
f 1451/97/1040 1474/97/1063 1477/97/1066
f 1474/97/1063 1476/97/1065 1477/97/1066
f 1471/97/1060 1478/97/1067 1475/97/1064
f 1471/97/1060 1421/97/1010 1478/97/1067
f 1401/97/990 1478/97/1067 1421/97/1010
f 1475/97/1064 1478/97/1067 1479/97/1068
f 1476/97/1065 1475/97/1064 1479/97/1068
f 1478/97/1067 1401/97/990 1480/97/1069
f 1480/97/1069 1479/97/1068 1478/97/1067
f 1401/97/990 1399/97/988 1480/97/1069
f 1402/97/991 1480/97/1069 1399/97/988
f 1479/97/1068 1480/97/1069 1402/97/991
f 1479/97/1068 1481/97/1070 1476/97/1065
f 1481/97/1070 1479/97/1068 1402/97/991
f 1481/97/1070 1477/97/1066 1476/97/1065
f 1402/97/991 1482/97/1071 1481/97/1070
f 1482/97/1071 1402/97/991 1377/97/966
f 1373/97/962 1482/97/1071 1377/97/966
f 1373/97/962 1376/97/965 1482/97/1071
f 1376/97/965 1481/97/1070 1482/97/1071
f 1477/97/1066 1481/97/1070 1483/97/1072
f 1481/97/1070 1376/97/965 1483/97/1072
f 1483/97/1072 1451/97/1040 1477/97/1066
f 1376/97/965 1484/97/1073 1483/97/1072
f 1451/97/1040 1483/97/1072 1484/97/1073
f 1484/97/1073 1376/97/965 1380/97/969
f 1386/97/975 1451/97/1040 1484/97/1073
f 1386/97/975 1484/97/1073 1380/97/969
